text	label
herşey iyi hoş da montaj şemasında kullanılacak parçalar yeterli anlatılmıyor. örneğin yuvarlak minik bir parça var onu tak diyor lakin o minik yuvarlağın bir tarafının kapalı olduğunu diğer parçayı geçirmeye çalışıyorken anlıyorsunuz. en az 2 kişi montajı yapın yoksa çooook zorlanırsınız.	1
fiyatı azalır diye beklerken artıyor...	0
oldukça kaliteli ve uygun fiyatlı bir ürün. fön amaçlı kullanım için son derece kullanışlı.	1
yeni ürün incelmis. cok hafif. ancak çok sızdırıyor. bir ayda biten kutu bu sefer 3 hafta dayanmadi. degistirmezlerse almicam. öncekiler daha iyiydi.	0
harika bir ürün epilasyon merkezlerine gidip bi dünya para dökmektense bunu kendı evınızde uygulamanız çok daha mantıklı :)	1
ürünün görüntü kalitesi güzel film seyrederken de oyun oynarken de sorun yaşamadım beklentilerimi yerine getirdi. televizyon aynı zaman da multi giriş olması da kullanabilirlik seviyesini bir üst kademeye taşıyor tavsiye ederim.	1
hatta vasatinda altinda bir usurun cikti 1cm lik taslari bile cekemiyor.tozlari aliyor ama tekrar haznesinden toz ufluyor bana kalirsa paranizi sokaga atmayin	0
beklediğimin ve fiyatının çok çok üzerinde bir kalite. şüphe duydugumdan siparişi bir adet vermiştim şimdi ikincisini sipariş geçiyorum. herhangi bir ezik çizik yok son derece özenle zarar görmemesi için paketlenmiş ve kısa sürede teslimat.ürün resimlerde görünenden son derece daha şık ve estetik. sadece vidaların birisinde alyan girme yeri problemli çıktı umarım ikinci siparişimin içine ekstra bir vida eklersiniz. teşekkürler.	1
tüyleri almıyor. çok zor çekiyor. bi tüyü çekmesi için yaklaşık bir dakika beklettim tüyün üzerinde çekip koparamıyor bu da acısını artırıyor. artı olarak çektiği bölgelerde sivilce çıkarıyor.	0
üründen çok memnun kaldım teşekkürler samsung.	1
ürün kaliteli sayılır tek sıkıntısı duvar ile tv arası cok yakın tv fişlerini taktığınızda koblolar deforme oluyor hdmı kablosu takıldığında ise televizyon aparata oturmuyor	0
urunu arkadasima hediye aldim. kendisi renklerine ve desenine bayildigini soyledi.kendime de almayi dusunuyorum	1
ufak ufak birikimler için şahane	1
pi̇yasadaki̇ en ucuz tv i̇ki̇nci̇ tv olarak aldim denemeden yorum yapmak mantiksiz olur ancak fi̇yati çok makul.	0
mamayı benim kedim yemedi britişh  kedilere göre değil kokusunu duyar duymaz bırakın yemeyi kaçıyor sokak kedileri bile aç değillerse bakmıyorlar bile geri vermek istedim bir kutuyu açtım diye almadılar açmadan kalitesini nasıl anlayabilirdimki. neyse ben memnun değilim çöpe dktün kedi köpey yer belki diye 24 taneyide	0
hepsiburadaya teşekkürler teslimat çok hızlı oldu. ürün kalitesine gelince umduğum gibi çıkmadı. çok basit bir malzemesi var	0
bende uzun zamandır düzenli olarak bu bezi kullanıyordum fakat son aldığım bezde bezin kalitesi çok düşük, alacak olanlar bir kez daha düşünsün. yabancı ülke menşeili olduğu ve kalitesi orijinal primaya göre alt seviyede olduğu için fiyatı bu kadar cazip büyük ihtimalle. pişman oldum aldığıma.	0
hic begenmedim bu urunu. internette yazan guzel yorumlara kandim aldim. yuzume camur suruyorum sanki. rengide cok acik.	0
ürün kısa sürede elime geçti devamlı çalışma gerektiren bir alet ben düzenli çalışıyorum daha bir hafta oldu ama mide üstü kaslarımın setleştiğni şimdiden hissettim bende faydalı bir ürün	1
ürün gecikmesiz ve sorunsuz elimegeçti kullanımı basit ve anlaşılır sessiz çalışması çok hoşuma gitti mikrodalga fırın alacaklara tavsiye ederim düşünmeden alın	1
bekar ve öğrenci evlerine almak isteyen arkadaşlara tavsiye ederim.hem kullanışlı hem küçük hemde fiyatı yerinde.buzdolabı görevini fazlasıyla yerine getirebilir.hacmi de o kadarda çok küçük değil bence	0
urununuz hizli bir sekilde elime ulasti memnunum gayet guzel ve kullanimi basit sorunsuz su an kullaniyorum	1
c ok sessiz ve ince rahatlıkla tasınabılır bir ürün uzun süreli kullanımlarda sorunsuz çalışıyor	1
yıllardır kullanıyorum cok memnunum. hediyeler ve hızlı gönderi için çok teşekkür ederim.	1
masamaki kocaman grup proizde kurtuldum. ufak ve kullanisli. usb girisleri sayesinde adaptorlerdende kurtuldum. tavsite ederim...	1
ürün çok güçlü bir cihaz değil ancak fiyat-performans açısından alınabilecek bir ürün diye düşünerek satın aldım. sorun ise bıçak kısmında biriken kılları temizlemek için çıkarılıp takılabilen plastik bir aparat (her tıraş makinesinde olur). o kadar gevşek ki tıraş olurken bile çok kolay bir şekilde düşebiliyor. henüz ürünü almamın üzerinde iki hafta geçmedi, bir yolculuğum esnasında çantamın içinde bu aparat yine yerinden çıkmış ve bir yerlerde kaybolmuş. garantisi var tabi servise götürüp anlattım durumu. onlar kontrol etti ve ürünün böyle bir yedek parçasının bulunmadığını, makinenin komple çöp olduğunu izah ettiler. ben de paşa paşa anladım anlayacağımı. daha bir iki kere anca kullandığım cihaz hurda oldu, param da boşa gitti.	0
fiyatına göre çok başarılı. kalite hissi veriyor. ekranı ve yazılımı çok güzel. android 6.0 yüklü geliyor. bu fiyatlarda tel. arıyorsanız  hiç düşünmeden alın.	1
şimdiye kadar kullandığım fırınların içinde en kötüsü.kekte berbat kablosu yarım metre bile değil tavsiye etmem aldığım gün içindeki lastikler düştü.	0
telefonda ciddi derecede türkçe hataları mevcuttur.özellikle klavyede sorunlar yaşanıyor.eğer ingilizce olarak klavyeyi kullanacaksanız sorun olmaz.	0
paketten çıkardığımda yanlış sipariş diye düşündüm.çok küçük ve tüy yerine ipleri var.	0
lg g4 3000 mah bataryali telefonumu 2 defa tam birde yarım doldurabildi yani yorumlardaki gibi 4 kere hayali kurmayin biraz daha hafif olabilirdi çantanız olmadan cepte tasinmasi zor	0
deterjan gibi kokuyor deterjan sevenler alabilir	0
hazne kucuk	0
eşim balkonları yıkasın diye almıştım. 1-2 sefer kullandık, 3. kullanışımda bağlantı yerinden balon yaptı, suyu da fazla açmamıştım üstelik. bir kenara attım duruyor. fiyatı ucuz, oldukça da beğeni almış ama ben tavsiye etmiyorum.	0
yer kaplamıyor telefonu sağlam tutuyor tavsiye ederim pahallı ürünlere yönelmeyin tavsiye ederim	1
ürün dar kalıp değişim yapılmıyo hiçde tavsiye etmiyorum ürün alacak kişi için ilk kez bi alışveriş yaptım hepsiburda.com dan bi daha da almam	0
samsung iyi iş çıkarmış.elime geçer geçmez hemen test ettim.atto disk testinde yazmada 20 mb ve okumada 90 mb üzerinde sonuçlar aldım.birde tek parça 708 mb boyutunda video dosyası gönderdim.ortalama 25 mb hızda yazdı.tabi usb 3.0 port ve yine usb 3.0 kart okuyucu lazım yüksek hız için.kullandıkça performans kaybı olabilir ama yinede bu sonuçları almak tabiki harika.tavsiye ederim.i̇nşallah umarım hep hızlı kalır:)	1
ürünü alalı birkaç ay oldu. renkli yazdırma hızı çok iyi. kablosuz yazdırma özelliği çok kullanışlı. ayrıca çok ekonomik. yüzlerce sayfa çıktı almama rağmen kartuş doluluğu neredeyse %90. fiyatının uygunluğu da eklenince tek kelimeyle mükemmel diyorum. renkli lazer yazıcı almak isteyenler hiç düşünmeden alabilirler.	1
uzun süre sorunsuz kullanırız	1
çok hafif oğlum atkasından tutunca ön taraf havaya kalkıyor ve düşüyorlar	0
koltuğu aldığım günden bu yana 4 ay oldu koltugun arka filesi potlaştı süngeri çok kalitesiz 1 saat oturunca kalcanız uyuşmaya başlıyor ben aldığıma pişmanım	0
ben hayatımda böyle ter attıran başka bir ürün görmedim, oturduğun yerde terletiyor :) , birde spor yapıyorsanız, kollarınızdan bacaklarınızdan akan teri kontrol edemiyorsunuz.	1
oğlum doğduğundan beri kullanıyorum son aldığımız paket sızdırıyor. aylık paket aldığım için 2 paket almıştım. eski üründen gayet memnundum yenilenen ürün kalitesiz.	0
galiba dört güzeller kitabı beni buyuledigi ve çıtayı yükselttiği için tatmin olmadım	0
fiyatına göre özellikleri çok iyi	1
çirkin amatörce bir ürün. resimdeki gibi değil.goruntusu kötü	0
ihtiyacım için üç tane sipariş verdim .bir saat civarında çok az bi miktarda ısındı .  memnun olmadım sıcaklık durumundan ve üçünüde iade ettim.	0
2hafta kadar oldu kullanmaya başlayalı,evet gözle görülür şekilde su topluyor fakat nem kokusunu almıyor,oda aynı şekilde kokmaya devam ediyor. odada duvarlar da zeminde su tutumu aynı şekilde sürüyor	0
galaxy j5in büyütülmüş versiyonu.(tavsiye etmem)	0
aldım  tahminimden daha güzel çıktı  fiyatı ve kalitesi harika . serviste hemen geldi kurdu gayet şık ve sorunsuz alacaklara tavsiye ederim kesinlikle ...tşk.	1
hızlı gönderi güzel telefon	1
urun ucuz ama araca bağlanan kayışlar kilit mekanizmasından kayıyor , bir tarafı sıkarken diğer taraf açılıyor yol boyunca sürekli açıldılar defalarca durmak zorunda kaldım yük bindiği anda kilit mekanizması kayısı geri salıyor ,düğüm atmak zorunda kaldim ama o da çözüm olmadı  .	0
soguk suda bile etkili yağların düşmanı fairy plantinum süper.  elde yıkama için kesinlikle bir numara denemeden bilemezsiniz yorumlardan ziyade alıp denemelisiniz farkı kendiniz görün	1
tafsiye edilebilecek bir ürün diyebilirim. ytabii her tende farklı bir yansıma yaratacağı unutulmamalı..	0
ürün elime çok çabuk ulaştı. çekim gücü gayet içi, çok hafif ve kullanımı çok rahat. malzemeleri çok kaliteli değil. ayrica alalı 1 ay olmadan kablo toplama sistemi nedense bozuldu. kablolar dışarıda.bu durum sizi rahatsız etmez ise alın derim.	0
benim gibi odunsu-oryantal kokulardan hoşlanan biriyseniz sizin de hoşunuza gider zannımca. ve gerçekten taklit edilmesi zor bi koku. fiyat konusunda da buradan daha hesaplısını bulabileceğinizi sanmıyorum.	1
ıy pratik sısırmesı var yalnız benız gıbı 1 65 boylarındaysanız bu buyuk gelebılır bana bıraz buyuk gıbı geldı  20 cm lık alsaymışım cok daha ıy olucakmıs	1
fiyatına göre oldukça güzel	1
dışarıdan sahtesi alıp sonrasında burada orjinalini almak komik oldu. 2 arkadaşıma daha aldık buradan tavsiye ederim. powerbank olayında uygun fiyata kaliteli ürün, bu model ince yapısından dolayı telefona yan yana tutmak ve taşımak kolay.	1
ürünü alırken süper hızlı, bugün kargoda gibi satış ve pazarlama bilgileri olmasına rağmen tam 5 gün oldu ve hala elime geçmedi. teşekkürler hepsiburada istanbul için sevkiyatlarda gerçekten çok hızlısınız!!!	0
kurlumu çok kolay içinden allen anahtarı çıkıyor.kullanımı rahat sadece arka dayama esnemiyor yaylı değil	1
pişik yapıyor	0
fakat okuma hızı biraz düşük. 8 gb lık bir hafıza kartı için gerçi ne kadar bellek depolanırsa depolansın hızı pek kafaya takılmamalı. taşınabilir harddisk değil ki bu	1
ürünü sipariş verdiğimden 2 gün sonra teslim aldım. adorenin daha önce ayakkabılığını almıştım gerçekten fenalık geçirecektim montajını yaparken. kitaplığı sipariş vermeden önce yine tereddütte kalmıştım ama beni yanılttı. yarım saat içerisinde montajını hallettim. ortaya çok şirin bir kitaplık çıktı. dar yeri olanlar için gerçekten ideal. yer sıkıntısı yaşayanlara içtenlikle tavsiye ederim. teşekkürler hepsiburada.com	1
ürün sertifikaları açısından tercih edilebilir güvenli emsallerine göre iyi bir ürün. jelatin konusunda sıkıntınız varsa enjektörle kapsülün içini çekebilirsiniz ben öyle yapıyorum direk yağı içiyorum.	1
fondotenin kraliçesi, harika bir ürün. hergün olmasada arada kullanıyorum. özellikle uzun saatler yüzde kalacaksa makyajınız, bir harika. tavsiye ediyorum hemen alın derim..	1
snapdragon 2xx kullanıyor işlemci olarak. akıllı saatler bile kullanmıyor bu işlemciyi.	0
bence bu hurçlar giyeceklerı cok olan herkese lazım en buyuk ozellıgı vakumladıktan sonra sıze genıs bı alan bırakması gercekten her eve lazım	1
yaklaşık 1 haftadır kullanıyorum. öncelikle öyle mükemmel harika falan değil. sadece pil konusunda +yarım gün diğerlerine göre avantaj isterseniz alın. fiyat uygun ama yazılım çok eksik. ana sayfada ana ekranı seçemiyorsunuz, ana ekran düzenlemeleri çok zayıf mesela orta tuşa basınca ana sayfaya değil en baştaki sayfa ne ise ona gidiyor. ana sayfalar ayfalar arası hızlı geçiş yok. ram 1 gb ve birkaç program yükleme nerdeyse ram de boş yer kalmıyor buda pilin daha da hızlı gitmesine sebep oluyor kısacası amaç konuşmak, biraz pil avantajı ve uygun fiyatsa alabilirsiniz ama ne istediğinize dikkatli karar verin.	0
ferah bir koku arıyorum diyorsanız ideal bir parfüm. gayet hoş bir kokusu var, çok keskin ve rahatsız edici değil. ancak çok kalıcı olsun, akşama kadar kokusu hissedilsin diyorsanız bu size uygun değil derim.benim çok beğendiğim bir parfüm ve  hepsiburada fiyatı piyasanın altında	1
bu ücrete göre parası mükemmel	1
ürünü alıp iade ettim. çin yerel yayınlarına göre ayarlanmış. türkçeye çevirsenizde (tabiki türkçe mümkün değil) fark etmez. çindeki ulusal yayınları ve uygulamaları kullanmak isterseniz alabilirsiniz. google play yok harici olarak uygulama atabilirsiniz. xiaomi hesabı açmanız gerekir.	0
ürün çok iyi. başlıkların kullanışı mükemmel. berberde yaptıramadığım sakal şeklini kendim yaptım.	1
cihazın kalitesi ortada. bu gidişle hep iphone kullanmaya devam edeceğim.	1
bluetooth klavye/mouse takılamıyor.	0
gelen ürün prima değil yurt dışında satılan pampers ve kalitesi de ona göre daha düşük	0
hafif, iç açıcı ve rahatsız etmeyen erkek parfümü.	1
kırmızı renk 4 aylık oğlumun ilgisini çekti. onun dışında sesi veya işlevi çok dikkat çekici değil. çoraplardan birinin altı ilmek kaçmış olarak geldi. i̇ade etmedim uğraşması zor olacak diye. parasına göre etkinliği zayıf. çıngırak sesi yok gibi.	0
boş frekansta bile çalışmıyor,uğultu ve cızırtıdan başka birşey duyulmuyor.üc saate yakın uğraştım en sonunda direksiyona vura vura kırdım.boyke bir ürünün hepsiburada ya güvenerek aldım ama pişman oldum.	0
2 yıldır sitemizin son derece geniş çimleri için kullandığımız ürünümüz garanti süresinin bitmesine yakın bozuldu, hepsiburada kanalı ile servisine yönlendirdik, servis ürünümüzü onarmakla kalmadı eskiyen bıçaklarını da değiştirdiler. hizmet ve garanti budur işte, 2 yıldır zor şartlarda güvenle kullandığımız makinemizi herkese gönül rahatlığı ile tavsiye ederim.	1
ürün elime kısa sürede ulaştı. kokusu çok ağır, kalıcılığına bişey diyemem ama koku olarak sert. daha çok 45-50 yaş ve üstü kesime hitap ediyor.	0
rimel zaten kullanıyorsanız beğenirsiniz makyaj temizleyici de iyi fakat göz kalemi çook yumuşak sürülmüyor ve çok kötü akıyor. soradan bi marka alsanız daha iyi sonuç verir en azından bu kadar akmaz.	0
bu üründen iki tane aldım ben birini kendi aracımda kullandım diğerini ise hediye ettim bu fiyata böyle bir ürün bulabilmek neredeyse imkansız sadece ilk kutudan çıkardığımda koku vardı oda iki gün içerisinde geçti ben hem ticari araçta hemde takside kullandım ikisine de çok güzel oturdu alacaklara tavsiye ederim	1
çocuklarımın adına eşime anneler günü hediyesi olarak aldım. esim beğendi. kullanışlı bir mutfak gereci.	1
ürünü bayadır kullanıyorum. çok memnunum herkese tavsiye ederim. tahriş yapmıyor. sulu ve kuru olarak kolay kullanım sağlıyor.	1
ürün fiyatına göre kıyaslandığında çok kaliteli,  kesim işçiliği çok düzgün.  tavsiye edilir.	1
kırmızı kapaklı olanını eşime aldım.telefon çok güzel ve kullanışlı,dokunmatik ekranı iyi,internet bağlantısı hızlı,2 gb ram ve 16 gb hafıza güzel.bir telefona fazla para vermeyip iyisini isterim diyorsanız malzeme kalitesi ile asus derim.	1
üründen başlangıçta gayet memnundum. hatta tekrar sipariş vermeyi düşünüyordum. 2-3 hafta sonra hemen bozulup çıktığı için hayal kırıklığına uğradım. uzun vadeli bir ürün değil 1-2 hafta idare eder ama.	0
sıcak çayı soğuk çaya çevirme özelliği var :) pişman oldum aldığıma tek artıözelliği devrilmeme	0
bu üründen ayri ayri zamanlarada 2 tane aldim yeşi̇ ve li̇la renkli̇. yaklaşik 3-4 yildir kullaniyorum. çok memnunum.bi̇r problem yaşamadim. kahve yapmak çok zevkli̇ .çayda sabahlari hemen hazir oluyor. rahatlik ve prati̇kli̇k i̇çi̇n güzel bi̇r ürün tavsi̇ye ederi̇m.	1
pi̇yasanin en i̇yi̇ deterjani en uygun fi̇yatla.2 günde geldi̇. daha ne i̇steri̇m.	1
bu fiyata gelen ürün sağlam bir ürün. fakat buradaki yorumlara göre beden seçtiğim için, ayağıma olmadı.ayagim 37.5 ve hep 1 numara büyük alın diye yazan yorumları okuyunca l aldım. m daha iyi olacakmış. ayağınız benim gibi ince ise büyük almayin. bunun dışında beğendim.	1
ürün kalitesine bir şey diyemem fakat deterjan gözüne koyup kapağını kapatıyorum sonra makinanın kapağını kaldırdığımda yada kapattığımda deterjan gözünden sıvı olduğu için sızıyor akıyor belkide ilk durulama suyunda dışarı atılıyor ana yıkama sırasında deterjan kalmadığından bulaşıklar temiz çıkmıyor ben tablet e yada tablet jele dönücem alacak arkadaşlara bilgi olsun	0
sadece analog vga girişi var başka yeri yok kablosuda çıkmadı görüntü tüm çözünürlüklerde biraz bulanık net birşey yok almayın tavsiye etmem	0
almak isteyen annelere tavsiye ederim,kaçırmayın derim fiyattıda uygun ??????	1
çok sevdiğim bir abime özür mahiyetinde aldım, 10 numara çok kaliteli bir ürün. saçları kupkuru yapıyor hastalığa son.	1
ilk kullanan biri için iyi	0
benim saçlarım çok kabarık ve aynı perma gibi çok ama çok dalgalı....ve çok kuru duruyor..jöle ve durulanmayan saç kremi sürmeden saçlarımı adam edemiyorum ne yazıkki..saçlarımı artık düzleştirici ile düzleştirmek ve artık şu tiksindiğim jölelerden sürmek istemiyorum....saçlarım sizce düzleşirmi..ve iyon özelliği nasıl olurda parlaklık verir hiç anlamış değilim...ama benim saçlarımı parlatırsa demekki herkesin saçlarınıda parlatır...saçıma jöle sürdüğümde aslında süper duruyor...yoldan geçenler saçıma dokunmak istiyor(çok sinir bozucu oluyor zamanla)ama ben kıvırcık saçlarımdan sıkıldım...ne dersiniz.?bu inatçı saçlar adam olurmu?	1
yaklaşık bir hafta süren hummalı bir araştırma sonunda remingtonun bu modelinin aradığım özelliklere uygun olduğuna ve ihtiyaçlarımı karşılayacağına karar verdim. ürün kullanıcı yorumlarına ve taşıdığı özelliklere göre mükemmel. bulunduğum yerdeki tüm teknoloji mağazalarında fiyat araştırması yaptım fakat tüm fiyatlar cep yakıyordu. bu yüzden hem fiyatının uygunluğu hemde güvenilirliği açısından hepsiburada.comu tercih ettim. ürünü dün sipariş ettim bu gün kargoya verildi şimdi sabırsızlıkla elime geçmesini bekliyorum umarım memnun kalırım :))	1
gayet güzel bi ürün .h.sonu dısarıya çıkardık arabayı çevredeki çocukların bile çok ilgisini çekti çocuklar arabaya binmek için adeta yarışa girdiler..herkese tavsiye ediyorum	1
krom kaplaması iyi değil, 6 ay içinde paslanıyor.	0
arkadaşlar diğer filelere nazaran ebatı küçük olduğundan bebeğimizin ayakları küvetin içinde duruyor. i̇kinci bir file almak zorunda kaldım.	0
4 kedi̇m var tuvalet temi̇zlemekten biktiğimiz i̇çi̇n bu	0
gerçekten mükemmel ötesi bir ürün hızlı kargo üctane ürün siparışi verdim 1 gün sonra geldi teşekkürler...	1
ürünü yaklaşık 1 aydır kullanıyorum. normal bir süpürge gibi çekişi olduğunu söyleyen arkadaşların lafına aldanmayın.anormal bir çekiş gücü yok. ucuna takılan aparatlar toz almanızı kolaylaştırmaktan çok zorlaştırıyor. aşırı gürültülü ve hava alığından çalışma esnasında toz zerrecikleri çıkıyor. bunu güneşli bir alanda daha net fark edebilirsiniz.araç temizliği için almayı düşünüyorsanız vazgeçin. filtreli normal bir süpürgeyle araç temizliğinizi yapın.ufak tefek kırıntılar için ideal bir süpürge.	0
gramaj düşük, çok ince kağıt tavsiye etmem. defter kitap kaplığı gibi bişey	0
kumu 3-4 günde bir değiştirirseniz koku yapmıyor. ancak daha fazla bekletirseniz koku oluyor tabi ama diğer silikon kumlara göre daha ekonomik iki kedime 1 ay yetiyor bu kum	0
sinir hastası olmak istemiyorsanız uzak durun.çok donma yapıyor.hiçbir şey izleyemiyoruz.	0
ürünün kalitesi iyi değil, işçilik yönüyle zayıf. başındaki dönen kısım dönerken sağa sola yalpalıyor. düzgün bir şekilde delmeyi veya vidalamayı imkansız hale getiriyor.	0
birkaç hafta önce aldığım ürünün kullanımı inanılmaz kötü. birkaç hafta olmasına rağmen açma-kapama düğmesi bozuldu. ayrıca su haznesini en azından yarım litre doldurmalısınız ki rahatlıkla bardak vb. sıcak su boşaltabilesiniz. biraz daha vererek daha iyi bir ürün almanızı öneririm.	0
ürün çok vasat  ayakta  duruken güven vermiyor yere saglam basmıyor yanlıslıkla bir geçerken dokunsa  üstündeki ütüyle birlikte yere düşer. fiyatı ucuz olabilir fakat bukadar kötü beklemiyodum	0
yorumlara güvenip aldım. gayet güzel daha fazla almayı düşünüyorum.	1
hızlı kargo, kaliteli ürün. teşekkürler hepsiburada.	1
herşeyden önce su bazlı olması avantaj.kuruduktan sonra öyle yapış yapış bir his kalmıyor.kullanımıda gayet iyi.sadece dış kabı biraz daha yumuşak olsaydı daha iyi olabilirdi.sıkarken kırılma ihtamli olabilir	1
pek fark yaratmadı. kısmen konfor sağlıyor. ayakkabının tabanı sert ise  işe yaramıyor.	0
fiyatını çokta hak etmiyor	0
karqo süresi süper dedikleri qibi 1 qünde yolladı. ve qayette qüzel ürünler tereddüt ederek aldım ama memnun kaldım teşekkürler	1
i̇ki kez sipariş verdim ilk gelen bez cok iyiydi ama son gelen bez çok inceydi	0
fiyatına göre alınır .. aman aman bi beklentiniz yoksa hoşunuza gider denemekte fayda var ..faydalı bir ürün	0
kaliteli ve başarılı. fotoğrafları güzel çekiyor. netleşti güzel. alacaklara tavsiye ederim.	1
gayet başarılı bir traş makinası indirimdeyken almıştım. fiyatına göre çok iyiydi. temizlik otomatik yapması da süper.	1
hepsiburada dan aldim cok super bir tat tavsiye ederim nestle kalitesi super marketlerde bu urun henuz yok  sutlu çikolatalı köpüklü sekeri az teşekkürler hb	1
fiyatı, kargo hızı, tarafıma ulaşma süreci gayet memnuniyet vericiydi ...	1
bizim kedi yemedi	0
iki defa sipariş verdim ikisindede sorunlu telefon geldi ama hepsiburada.com dan bir an tereddut etmedim. iadeletimde hic sıkıntı yasamadim. teşekkürler hepsiburada.com	0
kırılmadan geldi. teşekkür ederim hb. fazla kaliteli bir şey beklemeyenlere tavsiye ederim. alt tarafı bitki çayı demliyorum, çok yüksek fiyatlar vermeye gerek duymadım. i̇şimi fazlasıyla görüyor.	1
ürün gerçekten iyi yalnız ben daha önce hiç çadır kurmadım bu sebepten kullanım kılavuzuna başvurmam gerekti ancak çıkan bir a4 kağıdına saçma sapan resimleri olan ne olduğu belirsiz bir a4 kağıdı sonuçta kurdum ama klavuza bakmadan tahminlerimle baksaydım hala uğraşıyor olurdum :)	0
devamlı reziztans problemi yaşıyorum. bir keresinde fırın kendiliğinden çalışmış ve yangın çıkmasına ramak kaldı.	0
i̇çinde tüm parçaları, civataları, alyanı ve kurulum kılavuzu mevcut.	1
aracım 2001 volvo s40 ve toka kemerin takıldığı yere uymadı. boşuna aldık anlayacağınız.	0
özellik bakimindan mükemmel diyebilirim darbe testlerinide bekliyoruz daha görmedik inaniyorum üst seviyelerde basarili olacağına hersey  guzel düşünülmüş estetik bir görünümü var ama türkiye şartlarında yüksek fiyat biraz aşağıya indirilmeli diye dusunuyorum ve galaxy ailesine basarilarinin devamini diliyorum..	1
ucuz diye ürünün kötü oldugunu dusunmeyin.	1
benim çok beklediğim gibi değil.bence kumaşı açıklmasında yazdığı gibi %100 pamuk değil.naylon karışımı gibi.ayrıca ilgibç bir kokusu var.bu yüzden havalanması bekliyorum.hemen kullanamdım.isıtması konusunda henüz bir yorumum yok	0
çok dandik tavsiye etmiyorum fazla kullanamazsiniz	0
08/10/2016 tarihinde aldığım bu telefon tamamıyla fiyaskodan ibaret.	0
bu parfümü babam için alıyorum. tiryakisi oldu. kokusunu ben de beğeniyorum. yurt dışına da sık sık giden bir insanım. buradaki fiyattan daha uygununu görmedim. gerçekten en uygun fiyat burada	1
bence hem kargo tesli̇m hiziyla hemde kali̇tesi̇yle tartişmaya kapali..çoğu arkadaşinda dedi̇ği̇ gi̇bi̇ kutuyu açarken ne kadar doğru bi̇r karar verdi̇ği̇ni̇z anlaşiliyor uzun lafin kisasi on numara beş yildiz ..teşekkür edi̇yorum hepsi̇  burada ai̇lesi̇ne..	1
beklediğimin çok üstünde orjinal ürün sarj ediyor.	1
hızlı kargo tşk.fiyatıda gayet iyi.benim gibi amatör çalışanlar için çok ideal bence bunun yanına bi tanede z bar aldım agırlıgın çogunu onda kullanıyorum yenı baslayanlara tavsiyem z barla birlikte alın.	1
utum cok iyi ozellikle ucu her yeri rahatlikla utuleyebilirsiniz memnun kaldim sagol hepsi burada	1
ürün tam istediğim gibi. sanki kulaklık takmış gibi telefondaki tüm sesi (müzik, film, youtube vs.) müzik setine aktarıyor.kurulumu çok basit cihazı bulup eşletirin müzik setine bağlayım tamam.ses kalitesinden de memnunum.	1
genel anlamda birçok temizleyiciye göre iyi olmasına rağmen tam anlamıyla beklediğimi bulamadım. kirpik diplerinde rimel kalıntısı bırakıyor. fiyat açısından oldukça ekonomik uzun süre gidiyor. ancak dediğim gibi göz temizliği için mükemmel diyemem	0
kokusu çöp kovasına konduktan 1 gün sonra bile kokmaya devam ediyor böylece istenmeyen kokuları rahatlıkla bastırabiliyor .2 paket almıştım ama 4-5 paket almalıydım aslında . tavsiye edilir fiyatıda iyi ayrıca 5 lt lik banyo çöp kovası içinse boyut olarak ideal .	1
pişik yapmadı fakat çocuğun bütün kakasını sırtına kadar sızdırıyor. bez de emme diye birşey yok. prima gibi bir markaya yakışmayan kalitede bir bez.	0
+ hızlı gönderim	1
ortalama vasat bir valiz,  iki kere yurt dışı seyahatte  fermuar dikişleri açılmaya başladı, kalitesiz.	0
arkadaşlar ürün öyle abartıldığı gibi değil kalıcılığıda çok zayıf bunu kullandım hiç kimse sormadı ama bana sorarsanız iki parfüm kızları gerçekten etkiliyor bizzat test ettim birisi diesel fuel for life diğeri bulgari aqua marine bunları sıktığınız zaman kızlar gerçekten size yaklaşmak istiyor diğer parfümlerden sonuç alamadım	0
-motoru yukarıda olduğu için koltuk altları rahatlıkla süpürülüyor benim bu süpürgeyi almamın en büyük nedeni buydu.	1
çöpe atıcak paranız varsa bunu alabilirsiniz. fabrika hataları çok , kurulum şeması yanlış vida yerleri yanlış. mahalle marangozunuzda yaptırmanızı tavsiye ederim.	0
arkadaşlar ürün kablosuz oldugundan dolayı cidden güzel ama 100mt demişler mesafe olarak alakası yok bunu bilin bir karış mesafeden anca görüp öyüyor.. sonuç iş görmeyen bir ürün..	0
beklediğimden daha iyi bir ürün. araştıranlar bilir bu fiyattakiler boy olarak ve derinlik olarak kısa oluyorlar ama bu ürün gayet yeterli. memnunum. paketleme olarakta çok iyiydi hiçbir hasar olmadan geldi. sadece kurarken ufak bi hatası var ona dikkat edin kenarda gösterdiği bir parçayı ortaya takacaksınız en başta o kadar.	1
ürün diğer ütü masalarına göre ebat olarak küçük duruyor. ebatlarını gözden geçirerek alırsanız sıkıntı yaşamazsınız. biraz kalitesiz gibi duruyor.	0
karanlıkta, loş ışıkta hiç görünmüyor. işığını yakmak için yanına gitmek gerekiyor.	0
uygun fiyat hızlı ve sorunsuz teslimat teşekkürler	1
-karşı telefonu aradığımda'da bağlanması geç oluyor.internetten de araştırdığımda ağırlık bu sorunlar üzerin de toplanıyor.saygılar.	0
5- duy sesimi arzum deneyin görün dediklerimi,bu ürün sana yakışmamış	0
paint zoom-u yeni aldım, hiç abartıldığı kadar kaliteli bir ürün değil, kullanılan plastik malzeme 3. sınıf plastik yani çok uzun ömürlü bir cihaz değil, 1-2 sefer kullanıp yenisini almak gerekir , fakat fiyatıyla orantılı yani fena değil.	0
hem diş fırçası hemde teslimat çok iyi	1
i̇lk etapta iyi gibi fakat çabuk kuruyor, beğenmedik, hakkını yemiyim 2 yıldızı kokusuz ve doğal olduğu için veriyorum.	0
bez dolap isteyen için ideal	1
cihaz bugün elime ulaştı. anında denedim. oldukça kullanışlı. yan komşumla aramda 2 duvar var. wi-fi 2 çizgi falan çekiyordu. telefon ile bağlanmak ise ölüm gibiydi. bu cihazı direkt kendi odama takarak denedim. şu an full çekiyor. keşke daha önce alsaymışım. tavsiye ederim. fiyatına göre çok uygun, yer kaplamayan bir cihaz.	0
ürün çabuk elime geçti ama belirtildiği gibi ürün adı gizli olarak gelmedi buna güvenerek sipariş etmiştim fatura da ürün adı ve görünür şekilde gayet açık yazıyordu	0
ürünü tp linkin diğer ürünlerini kullandığım için almıştım güvenerek fakat cihaz client modda çok kötü çalışıyor.bunu tek bir cihaz için söylemiyorum baka bir yerdende almıştım.ordaki cihazlarda aynı performansı gösterdi geri verdim.client mod kullanacaksanız benden size tavsiye	0
tereddüt ederek aldım ama gerçekten mükemmel hem kalıteli hemde uygun.birkaç gün içinde de elimde oldu teşekkürler hepsiburada :)	1
ben bu ürünü ikinci kez alıyorum. braun marka traş makinemi mutlaka bu ürünle temizliyor ve şarz ediyorum. makinem hem temizleniyor hemde yağlanıyor böylece daha rahat çalışıyor.	1
telefonumu yaklaşık 6 ay önce aldım, hatta 6 ay taksitlendirmistim o da bitti hepsi burada ile 2 günde teslim aldım ve şu ana kadar hiç bir problem yaşamadım. gayet memnunum.	1
ürün bugün elime geçti. çok kalitesi bir cihaz. en önemli özelliği şarj bitince pile gelen güç kesiliyor, bu da aşırı dolmayı önlüyor. bu fiyata bu kalite . teşekkürler hepsiburada .	1
ürün gayet güzel tam bir f/p ürünü.	1
ben bu ürünü arazımdaki zift lekeleri için aldım. forumlardan ve kullanıcı yorumlarından iyi bir ürün olduğunu düşünerek aldım. sonuç olarak heycanla beklediğim ürün geldi. ama sonuç biraz hayal kırıklığı. zift lekeleri gitmedi. bu yüzden ben memnun kalmadım.	0
bu fiyata hiçbir yerde bulamazsınız. bugün teslim aldım. üstelik 2016 ocak ayı üretimi. kesinlikle tavsiye ederim. kaçırmayın derim.	1
gerçekten internette alışverişin ve güvenin tek adresi. teşekkürler hepsiburada.	1
o kadar yorumlara baktım 5 yıldız vermişler ama kişiden kişiye değişiyor heralde bana çok kullanışlı bir ürün gibi gelmedi.	0
uygun fiyatlı telefon almayı düşünüyorsanız en iyi seçenek lenovo k5. ben birkaç telefon arasında kararsız kalmıştım ama ufak bir araştırmadan sonra k5 aldım, iyi ki de almışım. bir kere bu telefon rakiplerine göre en güncel chipseti kullanıyor(snapdragon 415). dolayısıyla en iyi performansı alıyorsunuz. günlük kullanımda kesinlikle bir takılma yok. 8 çekirdekli işlemci var şaka değil. ekranın 720p olması batarya ömrü için çok iyi olmuş.pili bir günü rahat çıkarıyor. k5'in en beğendiğim yanı ise tasarımı oldu. çok şık bir alet.8 mmlik kalınlığı ile çok zarif duruyor. elinize aldığınızda kasasının kalitesi size mutluluk veriyor. çift hoparlör olması da bir artı.telefonun tek eksiği ekran camının gorilla glass olmaması. yani darbelere karşı fazla dayanıklı değil, dikkatli kullanmakta fayda var. kamerasına kötü diyen arkadaşlar hangi telefonlarla karşılaştırıyor da kötü diyor anlam veremiyorum. ben beğendim. bu fiyat aralığında da daha iyi kamera pek mümkün görünmüyor.	1
bu koku eşimin vazgeçemediği bir koku. daha farklı parfümler alsada yinede vakkodan vazgeçemedi.oldukça güzel ağırbaşlı bir koku ve çok da erkeksi kokuyor.eşime de çok yakışıyor :)	1
her defasında farklı tartsın diyorsanız hemen alın, sizi olduğunuzdan çok daha zayıf tartsın diyorsanız hiç düşünmeden alın.. yok neysem onu göstersin diyorsanız uzak durun..	0
smart kısmı da var ama ilgilimi çekmediği için daha girip hiç incelemedim.	1
arkadaşlar, telefonu tutan hazne yukarı kaldırıldığında hemen çıkıyor. telefonunuzu almak için bir müdahale ettiğinizde elinizin çarpması halinde düşebilir. veya bir tümsekten geçmede sıkıntı yaratabilir.	0
ingilizceye yeni başlayanlar için ideal bir kaynak	1
3 yasindaki ogluma aldik pedallar cok zor donuyor pek begenmedik kullanim acisindan.arkadan itittirmek gerekiyor bayirda bir de arka kismi en ufak rampaya kaldırımda takiliyor surterek. dis gorunus iyi her cocuk pesimize takiliyor??	0
tavsiye ederim .gayet iyi . memnunum	1
hem kaliteli ve bir o kadar da sağlam. teşekkürler.	1
bundan daha pahalı ve artık satıştan kalkmış bir hiremco kullanıyorum. uzuuuun açılış süresi, sadece belli bir noktadan algılayan kumandası ile kullanım keyfi sıfır.	0
daha önce aynı markanın elektrikli diş fırçası ürünlerini kullanmıştım. bu ürün sınıfının en üst düzeyi. kutunun içinden ürün, şarj standı, farklı yedek başlıklar, akıllı gösterge ve seyahat kutusu ile geliyor. hepsinde iyi kalitede tasarım ve üretim yapılmış. bluetooth desteği ile iphone appini kullandım. size farklı diş fırçalama yolculukları sunuyor. beyazlatma, plak önleme, genel diş sağlığı vb. gün içerisinde diş fırçalamanızı uyarıyor. fırçalama sırasında süre tutuyor ve yönlendirme yapıyor. app içi direktifler ve video lar ile hem doğru diş fırçalamayı öğretiyor hem de hayatınızın bir parçası haline getirmeniz için motive ediyor. bluetoothlu telefon destekli diş fırçası mı olur demeyin, bu ürün size profesyonel bir fırça ve app desteği ile ben daha önce dişimi fırçalamamışım, nasıl fırçalayacağımı öğrenememişim dedirtecek. i̇lk denemenizde farkı anlayacaksınız. bütçe ayırabilecek herkese tavsiye ediyorum.	1
işini iyi yapıyor. tavsiye ederim	1
yollaninan urun plastic cikti..	0
makina kurulur kurulmaz hemen çalıştırıp denedim. yarım saatlik hızlı programda yıkadım. güzel çalışıyor gibi. yer sorunu olanlar için hem fiyat, hem de makina boyutları olarak çok uygun. derinlik 41,5 yazıyor ölçülerinde ama o kadar bile yok. 38 cm minicik bir makina. umarım sorunsuz kullanılır.	0
ürün tahmin ettigimden daha kaliteli ve rahat oğlum koltukta yola cikar cikmaz uykuya daliyo:) tavsiye ederim. yatma pozisyonu biraz daha olabilirmis aslinda ama bu kadari bile çocuğa rahat uyku sagliyor	1
kaliteli bir ürün telefon hediyesiyle beraber aldım kalite ucuz olmuyor.teşekkürler hepsiburada	1
o kadar buyuk bir sey beklemeyin. urun gayet tatli vede kullanisli. ben ogrenciyim ve yeteri kadar ihtiyacimi karsiliyor. yalniz montajda su an numarasini hatirlayadim bi vidadan kaynakli (kisa kaldi) montaja usta cagirmak zorunda kaldim.onun disinda pisman degilim.	1
dahaönce sulu bir makina kullanıyordum ve temizlik benim için çok güç oluyordu. emiş gücü çok iyi gayet güzel çekiyor küçük ve çok yer kaplamıyor kesinlikle tavsiye ediyorum .	1
tavsiyem birkere denemek icin bile alinmaz	0
------ kaynatana kadar çok ses cıkarıyor, ve her ısıtma esnasında, daha önce farklı markalardan kullandım sesi biraz fazla, demliği su haznesine göre biraz küçük, demli çay içenlere yetersiz.	0
9 yıl önce aynı modelin mavi rengini almıştım. çok memnun kaldığım için yeniden aynı modeli tercih ettim.	1
parasına ve yaptığı işe göre iyi bir ürün.ancak kullanma kılavuzu yeterli bir açıklama yapmıyor kullanımını deneme yanılma yöntemi ile öğrenebilirsiniz.kendi işinizi ve eş dost işini görebilirsiniz.	0
ürünü yorumlara bakarak aldım ancak tablet ve klavye bağlantısı sürekli kopuyor olunca iade etmeye karar verdim.malzeme olarak pek kaliteli değil, touchpad çok kullanışsız,dokunmatiği bazen düzgün çalışmıyor,harici diski bir türlü okuyamadıi̇.yi yönleri de var mesela şarjı uzun gidiyor,kasma vs. yapmıyor.bu fiyata bu kadar olur diyenler internette gezinmek için,günlük basit işler için tercih edebilir.	0
barlar ın üstünde sünger yok çok sert plastik yumuşak değil o da eli yıpratıyor	0
kediniz küçükse pati aralarına kum giriyorsa, kalın tanelisini kullanın.	1
daha önce aldıklarım gibi değil, kalitesi çok düşük. deterjan resmen su gibi.	0
urun  elime ulastiginda ilk kullanimda ise yaradigini dusunmustum.atisi yapabilmek icin ilk basta teninizi gorup manuel olarak atis yaptiginiz icin cok fazla vakit.  2.kullanimdan itibaren tuyler ince oldugu icin cihaz gormuyor dogal olarak sadece atıs yapmakla kaliyo ve ise yaramiyor.	0
ürün 4 günde kargo demesine rağmen 1 günde ulaştı, ürün muhteşem eski syncmaster sa700 ile mukayese edilemez renkler cap canlı ve ips led panelin farkı müthiş hissediliyor. aynı zamanda xbox 360 ımıda bağladım, aux-in özelliğinin olmasıda güzel olmuş. tavsiye ediyorum.	1
oturduğunuz yerden yararlanmayı düşünmeyin:) koşarken ve tempolu yürürken ekstra terleyerek forma girin. yanında tuzu hediye olarak geliyor ama tuz olmadan da kullanabilirsiniz.	1
kullanmak isterdim ancak uyum sorunu nedeni ile tavsiye etmiyorum. alacakların kendi telefonları ile uyumlu olup olmadığı kontrol ederek almasını tavsiye ederim.	0
çok övülmüştü bu kitap, bu nedenle alıp okumaya karar verdim, ancak benim için çok da sıradışı bir kitap değildi. ortalama okuyucu için anlayamayacağı teknik ve temel bilim ifadeler içeriyor. metafizik, kuantum gibi. çok daha sürükleyici, sağlam kurgusu olan kitaplar okumuştum, ama isim veremiyorum maalesef. beklentinizi, benim gibi yüksek tutmadan, okumanız gerekiyor. aksi takdirde hayal kırıklığı kaçınılmaz.	0
makineyi hb den almistim. hemen elime ulasti fakat makinenin kendi temizligi cok zahmetli. icindeki parcalarin kivrimli olmasi daha da zorlastiriyor temizlenmesini. temizlemeyi unutursanizda koku yapmaya basliyor	0
sarj kablosu dokunsan çıkıyor kullanissiz	0
kapaklar oturmuyor. vidaları eksik çıktı. menteşeleri uygunsuz ve paslanmış şekildeydi, sac kalınlığı mukavemetsiz menteşelerin. ayrıca kilit somunları sıkıldığında kırılıyor. sağlamık istemiyorsanız sadece görüntü amaçlı kıyafetleri koruması gerekliyse uygun genişliği güzel... fiyatına göre sınıfta kalıyor.	0
ürünü alalı 1 hafta oluyor kullanıp öyle yorum yapmak istedim imei numarası orjinal telefonda hali ile orjinal samsung kalitesini yansıtmış şarjı iyi gidiyor bu fiyata çok çok iyi bir telefon alacak kişilere tavsiye edebilirim ayrıca özelliklerde yok diye gösterdiği bir çok özellik var nef yok yazıyor ama nfc var denemedim ama	1
kartuş parasını göz önünde bulundurmazsak eğer tekrar ve tekrar alınacak bir yazıcı. çok işlevli ve kesinlikle vaatlerini yerine getiriyor. baskı kalitesi oldukça yüksek, düz kağıda bile o kadar güzel ve hizli fotoğraf basıyor ki şaşırırsınız. girdiğim sınıflarda yılbaşı hatırası fotoğrafı çektim ve her öğrenciye a4 kağıdına birer tane fotoğraf basıp dağıttım. sonuç mükemmel , öğrencilerim çok mutlu :)	1
sakalınızı belli bir şekilde tutmak istiyorsanız gerçekten mükemmel bir ürün teşekkürler.	1
arkadaşlar koku iyi, şişe şık ve kaliteli, ama maalesef kalıcı değil !! 2-3 saat sonra kayboluyor ki orjinal bir parfümden beklediğiniz en önemli husus kalıcılıktır, almayı düşünen arkadaşlar bunu göz önünde bulundursunlar...	0
"motoru ne derece koruduğu, yakıt ekonomisi yaptırıp yaptırmadığı, yağ ömrünü uzatıp uzatmadığı konularında yorum yapmamın araç kullanımının kişiden kişiye değiştiği için yanlış olacağı kanısındayım. yağ kutularında ""katkı maddesi kullanmayın"" uyarılarına rağmen her yağ değişiminde kullandığım ntt bor yağ katkısıyla motorun daha sessiz çalıştığını hissediyorum."	1
tavsiye etmiyorum	0
denemek için almıştım; çok iyiymiş, yokmuş gibi demiştim... meğer zaten yokmuş, yırtılmış. akıl sağlığınız için uzak durun bundan. arkadaşınız ilaçla uğraşır, ikiniz de stres olursunuz.	0
ürünü dsmart ta çekmeyen 4-5 kanal için aldım. hiç faydası olmadı aksine tv8 falan da gitti. hem lnb den önce hemde uydudan sonra denemedim olmadı. geri iade ettim.	0
bana anlatımı, konusu ve herşeyiyle çok yapmacık geldi. sanki pekçok film ve kitaptan alıntılar yapılıp bir araya getirilmiş gibi. konu sözde türkiyede geçiyor ama o anlatımla inandırıcı değil.	0
* rakamlar, yazılar kalın tam istediğim gibi.	1
telefon ve alısverişten memnunun emeği geçenlerin ellerine sağlık.	1
ürün çoook ince, çook yassı.! i̇ar nin kiler gibi değil, beğenmedim.	0
ben usb 3.0 diye daha fazla beklentim vardı ama normal usb2.0 karşı hemen hemen 2 katı fena değil.	0
tereddüt etmeden alınabilecek bir ürün..braun kalitesi kendini belli ediyor her zamanki gibi..	1
bir hafta önce  sipariş verdim,bugün elime geçti,ulaşım daha  hızlı olmalı.kokusu  ilk başta ağır olsada fena  sayılmazz,zaman geçtikçe  daha güzel kokan bir  parfüm	0
alman kurdum var hayvan ölmeyecek kadar yiyor yüzüne bile bakmıyor, 15 kg bitmiyor mama... pilav , konserve , her türlü değişik besi hazırlayıp içine karıştırıyorum ki öyle yesin de bitsin...	0
urun çok küçük vee malzeme kalitesi hoşuma gitmedi imkan varsa biraz daha çıtayı çekip iyisini almanızı tavsiye ederim	0
iyi bir polisiye. roman sürükleyici.bu türü sevenler için çok akıcı. yazarın ilk romanı devam kitaplarını merakla bekliyorum. okunması gerekli olan kitaplardan tavsiye ederim	1
1+1 kampanyasında satın aldığım üründür ve kesinlikle tavsiye ederim. çamaşırlar üzerinde tortu bırakmıyor ve temizlik kalitesi üst düzeyde.	1
hızlı gönderi gerçekten hızlıydı. cihaz hakkında bir şey demeye gerek duymuyorum. apple işte :)	1
3000mah kapasite yazıyor 1000mah zor dolduruyor tek seferde.	0
chip i hemen bitti	0
alt ve üst kapak çok kolay çıkabiliyor,	1
görüntüsüne bakarak çok işime yarayacağımı düşündüm. ama benim için öyle olmadı. hiçbir kapıma uymadı, kapıyı kapatırken yerle kapı arasında sıkışıp kapıyı tam kapatamama sebep oluyor.	0
128 mb ile başladım.	1
öncelikle ürünü alalı çok zaman oldu.	0
"ek1:başarı teknik servis'in çıkardığı ""kaan n1"" telefonuna bakabilirsiniz."	1
elimden bir an olsun bırakamadım. oldukça sürükleyici bir öykünün içinde kendimi bazen dinleri, mezhepleri, farklılıkları sorgularken buldum. oysa hepimiz aynıydık, farklılıklarımız benzerliklerimizin yanında bir hiçti. dostluğu, gerçek sevgiyi, bir baba ile oğlunun sıra dışı hikayesini anlatan bu romanın, gerçek bir yapıt olduğundan kuşkunuz olmasın...	1
telefon ile ilgili yorum ise övüldüğü gibi bir telefon.	1
ürün şekil olarak güzel duruyor ama masa kısmı çok alçak kalıyor aynı zamanda masa genişlik olarak çok dar, kitaplık kısmı da kullanışlı değil iki bölmesi hariç diğerlerine kitap sığmıyor, çocuklar için daha ideal bir ürün.	0
ürün gercekten cok güzel beklediğim den daha iyi	1
harika bir site 8 temmuzda sipariş verdim ertesi gün(16 temmuz) elimde harikasini hepsiburada....	0
bu ürünü almadan önce tefal mağazasına gitmiştim. orada bir alt modeli aynı fiyata satılıyordu. daha önceden buradan kendime ve kayınvalideme elektrik süpürgesi almıştım. elektronikte de güvenebileceğimi bildiğim için siparişimi verdim. kısa sürede elime geçti.	1
tam bir hayal kırıklığı yaşadım. yatağın kendine has öyle kötü bir kokusu var ki iyi bir özelliği varsa da gözümde kalmadı . hiçbir şekilde tavsiye etmiyorum .	0
yerli olması güzel fakat,konfor yakıt ve dayanıklılık konusunda vasatın altında	0
sandisk bu işi biliyor fiyat olarak ta uygun saniyede 48 mb kamera için ideal sürekli kayıt amaçlı aldım şimdilik bir sıkinti yasamadim tavsiye ederim	1
yorum yazanlar lg g3 kullanin görün telefon nasil olurmuş note 4  yanina yaklaşamaz 7 8 noktadan g3  ün üstünlüğü ön plana çikiyor	0
kitapta çok basit ve kısa kısa olaylar anlatılmış ilkokul çocukları bunları okuyor	0
ürün güzel tavsiye ederim orjinal	1
deterjanı doğru oranda koyamıyor muyum bilmiyorum ama bazen çamaşırlar çok iyi çıkıyor bazen çok kötü belki makimemde var problem..ama çok fazla koyduğumda sonuç mükemmel..	0
çok ağır şahsen biberonda aradığım özelliklerden biri hafiflik ve kolay kavrama olduğundan biz çok kullanamadan kırıldı	0
çevrenize bir bakın insanlar neler yaşıyor.bu kitapta duygu ,üzüntü aşk okadar güzel ve masum...gençler bu kitabı sizlere tavsiye ediyorum ...hayatın anlamını anlayacaksınız...	1
beklediğimden biraz daha küçük	0
ya ilk defa bu kadar kalıcı kokulu bir parfüme sahibim teşekkürler	1
made in usa	1
masaüstünde renkler berbat, monitördeki ayarları ne kadar iyi yaparsanız yapın 7 yıllık samsung 2233bw yanında ips gibi kalıyor. renkler hiç güzel değil siyah yok zaten o kadar çok beyaz ışık varki siyahlar griye dönüşmüş durumda	0
bu urunu daha oncede aldim ve cok memnun kalmistim, tekrar alirkende hic dusunmedim.  cok guzel bir urun	1
karga yavaş	0
hersey icin tesekkurler.. zamaninda teslim ve kalitesi super.	1
fiyat perfomans oranı güzel ama diğer sitelerdede benzer fiyatları mevcut. hb ye alışık olduğum için burdan aldım. kargo çok hızlı	1
french press veya filter kahve için alınabilir. fakat moka pot için en ince ayarda çekmeme rağmen iyi sonuç alamadım. ayrıca homojen öğütemiyor. bunu kabul ederseniz memnun kalırsınız.	0
biraz kaliteyi hissetmek isterseniz 25-30 ? daha pahalı bir cihaz tercih edebiliriz.	0
analogları koruması ve kalitesi ile oynanış daha keyifli hale getirilmiş. tavsiye edilir.	1
ürünü alali 2 hafta kadar oldu;soğutma,dondurma kapasi̇tesi̇ çok i̇yi̇..sebze,meyve kahvaltilik malzemeler i̇çi̇n yeterli̇ yer var..sessi̇z çalişmasi ve fazla yer kaplamamasi da güzel.test aşamasini çoktan geçti̇.çok memnun kaldim.büyük buzdolaplarindan farki sadece küçük olmasi.demek i̇stedi̇ği̇m o ki̇; i̇şlevi̇  normal bi̇r buzdolabi gi̇bi̇..bu fi̇yata bu dolap kaçmaz..yalniz yaşayanlar,ya da öğrenci̇ler i̇çi̇n çok uygundur.alin pi̇şman olmazsiniz :))tşk hepsi̇burada..	1
fiyata göre idare ediyor fazla bir şey beklememek gerekiyor	0
çanta kumaşı , icinde bulunan cep tel gozleri ve seyahaylerde kullanilabilecek kisitli miktarda esyayi koyacak yer olmasi ve yanında gelen kulaklık ses kalitesi mükemmel.	1
koku kalici degilsakin almayin bence	0
saat güzel gayet kaliteli bıraz küçük geldı gıbı	1
telefonu dün aldım .elime zamanında ulaştı.genel değerlendirmeden biraz bahsedeyim.telefon her yönden zarif bir tasarıma sahip.işlemcisi çok güçlü .sorunsuz hizmet veriyor.batarya noktasında birr problem yok 1 gün rahat gider.ayrıca menü geçişleri parmak izine benzer üstün özellikleri de var .kasma ya da donma gibi bir durum hiç olmadı.alırken çok telefon araştırdım ve doğru bir karar verdğimi şimdi anladım.bu telefona önyargılı olmaktan vazgeçip almanızı tavsiye ederım .üstün ve kullanışlı bir tlefon fiyatı size düşük gelmesin gerçekten hak ediyor .	1
ürün original e benziyor. daha  önce bayi den aldığın tam otururken bunda kapak hafif açık kalıyor. fakat çok büyük sorun değil. ürün hemen gönderiliyor.	1
görüntü kalitesi çok düşük	0
daha ilk günden usb gizleme kapagı elımde kaldı.soğutmayla uzaktan yakından alakası yok. tavsiye etmıyorum	0
j5-2016 modelinde radyo yok.eski modellerde olmasına rağmen bunda yok	0
daha önce fare kullanmayı pek sevmezdim. ama bunu her ortamda kullanabiliyorsunuz. halı da bile harika performans. paranın tam karşılığı, tavsiye ederim.	1
"teşekkür ederi̇m.hızlı ve sorunsuz bir şekilde ürün elime ulaştı""ayrica yorum yapan arkadaşlarda sağolsun yorumlari okuyarak bu saticiyi terci̇h etti̇m."	1
düşündüğümden daha çok iyi, pompasız 3 dakika aralıklarla 10 dakikada şişiyor. ve 2 kişilik çadırımın ölçüsüne göre aldığım için tam oturdu içine gayet rahat ve kullanışlı. derin bir uyku için şart	1
ürünü değerlendirmek isterdim ama siyahını yollamışlar bana siyahı güzel	0
fiyat gayet iyi, tüm ihtiyacımı görüyor. haftada en az 5 gün koşuyorum. benzer ürünlere iki kat para ödemeyin. işinizi evde çok rahat görür.	1
ürün gayet parasına göre güzeldi hafif bir ürün sayacı biraz sıkıntılı fakat hafif olması avantajlıydı	1
eşime bugüne kadar onlarca hediye almıştım ama hiçbirisi bu telefon kadar mutlu etmemişti onu. yaklaşık on gündür kullanıyor ve elbet ben de kullanmadan edemiyorum. günden güne daha iyi anlıyor ve öğreniyoruz telefonu ve böylece günden güne kalitesini de özelliklerini de keşfetmiş oluyoruz. kalite akıyor resmen, kalite...	1
tefal marka diye aldanmayın.çeliği ince ve kaliteli değil.üzerindeki tamamen plastik olan modülü elde yıkamanız gerekiyor dolayısıyla     temizlemek çok zamanınızı alıyor.sızdırmazlık sağlayan silikon contayı da elde yıkamanız gerekiyor ayrıca bu conta siyah silikon yani sağlıklı değil.tencerenin kulpları sağlam değil (ilk kullanımımda içinden bir parçası kırıldı)  ve hiç güven vermiyor.pişirmesinde sorun yok  iyi diyebilirim.	0
yetişkin biri için para ve vakit kaybı.çocuk sevindirecekseniz alınabilir.ama çocuğunuzdan bile tepki almanız ihtimal dahilinde.10 yaşındaki oğlum 5 yaşındaki kardeşine karşılıksız verdi.banada oh be kurtuldum artık sesi.ufaklıksa tyansfomısına alternatif yapmış şimdilik.tek derdi müzik nasıl çalıyor bunda diyor.hemen sıvışıyorum tabi.	0
ürünü cok beğendim herkese tavsiye ederim	1
normalde tutturur tutturmaz yapışması beklenir japon yapıştırıcıdan, fakat bu öyle değil. 10-15 dakkada ancak yapışıyor	0
almayı düşünenlere tavsiye edebilirm.	1
i̇deal şartlarda çalıştırılması durumunda ortamın nemini kısa sürede ayarlıyor(15 metrekare)	1
sinbo ürünlerinde almam artık.	0
iz bırakmıtor ve çizmiyor.araç kuruduktan sonra daha parlak ve temiz.	1
klasik asker saati kullanışlı bir ürün	1
kapağı tam üstüne oturmadı ürünün özelliğimi öyle yoksa üründe sorunmuvar çözemedim	0
bağlantı noktaları rulmansız ve vidalar kalitesiz sürekli gevşiyor ve ses çıkarıyor, bir süre sonra vidaları sıksanız bile ses çıkarmaya devam ediyor. hayal kırıklığı.	0
süper fiyat eve kadar teslimat ücretsiz kargo daha ne olsun almamak hata bence	1
arkadaşlar ben hayatım da fazka kulaklıl kıllamadım ama bu kulaklık uzun süre kulanımlar çin hiç rahat deiğildir	0
yazlık için aldık. yıl içinde çok kullanılmıyor ama kısaca uzak durun derim. çok gürültülü ve yıkaması uzun sürüyor. ayrıca tab düğmesine basılmaz ise tableti kullanmıyor.	0
bu fiyata gercekten cok iyi :))	1
ürünü almadan önce baya bir araştırma yaptım. ekran ve kamera emsallerinin çok ilerisinde, birde s-pen özelliği var. sürekli telefonla meşkul olan birinin bütün ihtiyaçlarını karşılayabilir.	1
gerçekten hem kumaş kalitesiyle hemde özellikle vede özellikle kalıbıyla çok güzel bir ürün... avmnin tekine gittim polar fiyatlarına baktığımda 249 gibi rakamlarla karsilastim teşekkürler hepsiburada dört dörtlük ürün	1
daha sonrasında et yemekleri, lazanya, poğaça gibi yaptığımız yemeklerde de gerçkten çok iyi performans aldık. şu ana kadar bu ürünü aldığım için mutluyum.	1
"açıklamalar kısmında ticari araçlara uygun degildir yazmasına rağmen hususi ""mitsubishi colt için de ""uymadı, gittim oto döşemecisine takdırdım abi bu buna olmaz dedi olsun tak yine de dedim çok fazla boşluk oluştu, açtıgımdan dolayı iade de edemedim, öyle pejmurde bir şekilde takıldı."	0
çok fazla şişirilmiş.hiç bir edebi yanı olmayan bir kitap serisi.3.kitabı zorlamama rağmen  bitiremedim bile.zamanınızı daha doyurucu kitaplara ayıırmanızı tavsiye ederim.bence tamaman zaman kaybı.	0
kokusu beni çok tatmin etmedi. hediye olarak aldım hem kalıcılığı hem de kokusu benim çok içime sinmedi.	0
xiaomi kalite konusunda kendini kanıtladı, fiyat performans odaklı süper ürünleri var. bu üründe onlardan biri muadilleri yani diğer markalarda 10000mah falan oluyor bu paraya, fiyat demişken dolar kurunun artmasıyla çinden bile daha pahalıya geliyor bu ürün, kur artışından etkilenmediğini söyleyebilirim. zam gelmeden alın, orjinal ve parasının hakkını sonuna kadar verebilecek bir ürün.	1
uygun fiyat ve hızlı gönderim için teşekkürler.	1
ürün kesinlikle kalıcı değil. ben ilk defa aldım ve kesinlikle tavsiye etmiyorum.benim kullandığım dolum parfüm bile daha kalıcı.....	0
standart muslukların hiçbirine uymuyor hangi ülkenin musluklarına göre yapılmış anlamadım iade süresini geçirmişim aksi takdirde site iadede kolaylık sağlıyor musluğa uymama ihtimali aklıma gelmedi asla almayın evimde  gereksiz bir parça olarak duracak...	0
i̇yi tarafı emiş gücünün iyi olması ses fazla ama sonucta emısı ıyı. üretici firma yazdığım eksikleri giderirse bence 4 dörtlük olabilir.	0
şarjı az bir şekilde geldiğinden ilk başta bluetooth ile bağlantı konusunda biraz sıkıntı oldu ama şarj ettikten sonra kolayca bağlantısını yaptım.	1
kolaylık varmış haberimiz yok. çok kullanışlı ve fiyatı da basit bir mutfak cihazı. teşekkür ederim.	1
ürün kumaş ve iskelet kalitesi olduça iyi. araç bağlantısı kolay. gayet güvenli ve rahat bir etki yarattı üzerimde.	0
ürün çok kuvvetli manyetik bir etkiye sahip. tam olarak beklentiyi karşılıyor ama manyetik alan cihazlara zarar verir mi iyi bir araştırmak lazım.	1
led ampuller arasında fiyat/kalite oranı tatmin edici.	1
gerçekten düşünmeye sevkedici, korku imparatorluğu ve diktatörlük kavramlarını çok güzel verebilen bir kitap..5 okuyan arkadaşımla yaptığımız değerlendirmelerde herkesin puan ortalaması hep 9-10 arasındaydı...düşünmeye yetisi olan herkese şiddetle tavsiye ederim..	1
ürün beklediğimden küçük geldi.çocukların ilgileneceği bir oyuncak.fakat birbuçuk yaşında anca kullanabileceği bir ürün.ben hediye olarak aldım ama küçük bilginize.teşekürler	0
ürün ince geldi bana göre	0
tamamiyle orjinal ve çok hesaplı. alışveriş merkezlerinde zaman kaybetmemi önlediğin için teşekkürler hepsi burada. artık çocuk bezini ve bebek bakım örtülerini hep sitenizden almayı planlıyorum.  alınmasını tavsiye ediyorum.	1
gerçekten teşekkürler herhangi bir sürpriz olmadı ne yazıldıysa o şekilde geldi.	1
marketten aldığın fiyattan çok daha ucuz. ayrıca kapıda teslim. marketten taşımanıza gerek yok. tavsiye ederim. hepsiburada coma cok teşekkür edreim.	1
cihaz belki 5 yıl önce çok verimliydi ama şinmdi degil. bir çok telefon hızlı şarj destekli ve bu ürün hızlı şarjı desteklemiyor. birde 3 bin ve üstü ampper telefonların aşırı ısınmasına neden oluyor.	0
alacak olan tereddüt  etmeden  alsın,	1
hi̇ç memnum kalmadim.	0
gayet kaliteli ve konforlu koku nem yapmıyir  alacak olanlara tavsiye ederim yaklasik 2 günde elime ulaştı hızlı gönderi sözlerini yerine getirdiler	1
sesi rahatsız edici değil, kurulumu basit, çekiş gayet iyi, ikiye katlandığı için saklamak zor olmuyor, alacak arkadaşlara tavsiye ederim, pişman olmassınız.	1
teşekkür ler süper ürün bir aile için çok ideal sevgiler gününde aldım	1
ogluma aldık akşam nasıl yatarsa sabah öyle kalkıyor rahat ve esnek bir yatak	1
bant halıya yapışmıyor boş boşuna aldım	0
kokusu çok kötü ama yıkandıkça geçiyor spor yapmadan işe yaramıyor yürüyüş yapıyorum belim su içinde kalıyor memnun kaldım	1
ekrana dokunmak istemezsiniz tavsiye etmiyorum.	0
paket zamanında ulaştı fakat fırının aydınlatması çalışmıyor ayrıca metal gövde ile kapak tam oturtmadan göndermişler onun dışında pişirmesinde bir sıkıntı yok	0
altı yıldır çalışıyorum hiç memnun değilim tam z değil yarım z....fiyatına aldanıpta sakın benim gibi almayın ayrıca vidalıda kesinlikle alınmaz çünkü devamlı gevşiyo paraya kıyıp doğru düzgün bir şey alın	0
ses kalitesi oldukça düşük ve boğuk	0
-ışık yetersiz gelebilir tam ekran led deği̇l tek taraftan lambayla aydınlatıyor	1
farklı hayallerle aldım. kapalı koku çıkmaz dedim ama kapak açınca birden buhar çıkıyor ve koku yine var. kapak kapalı olduğundan buhar su biriktiriyor ve ocağa damlıyor. yarı yağ yarı su. tutup kapalı halde ters çevirmeye gönül razı değil. o düşünce ile almayın, ağır bir tava hele içi doluyken. kısaca gereksiz bir tava.kapaklı bir granit tava çok daha mantıklı	0
f-91wnin ışığı sol üst köşedeki butondan yanmakta ve komple ekranı aydınlatmıyor yani ilümine ışık değil, ekranın sol tarafından yanan cılız bir yeşil led ışık var. bu led ışık alacakaranlık ortamlarda yetersiz olsa da tam karanlık ortamlarda saati okumanıza yetiyor. işık açısından da ilümine ışıklı bir model olsun da, ışığa bastığımda her ortamda tüm ekranı net göreyim diyorsanız bu modelin upgradelerinden biri olan casio f-105w modelini tercih edebilirsiniz...	1
yıllardır kullandığım  vakko mağazasından , almış olduğum ve hb. fiyatı görünce intihar etmeyi istediğim üründür. kullandıktan sonra farkına vardım resmen paramı çöpe atığımın çünkü ürün mağazadan aldığım ürün ile alakası yok ,  büyük ihtimal raf ömrünü tamamlamış bir ürün yolladılar bu yüzden fiyat olarak uygun bilginize ..	0
urunun boyutu bence bıraz buyuk ınsan abes duruyo. resımde daha kalıtelı gorunuyordu ben malzemesını cok kalıtelı bulmadım.acıkcası pek begenmedım	0
gömlek vs ütülenebilecek bir ütü masası değil, koyduğunuz şeyi ütülerken tedirgin oluyorsunuz şimdi düşecek mi diye. alanı o kadar dar ki ancak rahatlıkla ütülenecek tek şey bebek giysisi.	0
internetten sıvı ürün almaya hep tereddüt etmişimdir. ancak hepsiburada.comdan kesinlikle tereddütsüz alışveriş yapabilirisiniz. akmış halde gelen sıvı sabunu iadeyle uğraştırmadan hediyelerle birlikte tekrar gönderdiler. gözüm kapalı her ürünü kuşkusuz alabileceğim tek yer :)	1
vasat, çok sıradan ve basit bir saat	0
parfümün kokusu çok güzel fakat kalıcılığı 3-4 saat sürüyor	0
telefon beklediğimin üstünde. fiyat performans olarak gayet tatmin edici. aldığıma pişman değilim. note 3ümle ikindi üzeri ikinci şarzı yapardım, bununla geceye kadar idare ediyorum. kamerada optik zoom olayı başarılı değil. yakınlaştırıp çekme olayından bahsediyorum. onun dışında normal çekimde kalitesi yine yüksek. ön kamera da iyi.	1
ürünün beden ölçüleri farklı gibi gösterilse de ölçülerde fark yok.ben önce (m) beden sipariş verdim, gelen kutunun üzerinde (m) bedenin 41-42 numaraya tekabül ettiği yazsa da (benim ayak numaram 40) çorap dar geldi.değiştirmek istedim, ancak tüketici kanunu gereği hijyen kuralları var değiştiremeyiz dendi, ben de yeniden (l) beden siparişi verdim, gelen ürünün üzerinde (l) beden yazmasına rağmen (m) ile (l) bedeni kıyasladığımda aralarında ölçü olarak hiçbir fark olmadığını gördüm.bilgilerinize...	0
yaklaşık 2 yıldır kullanıyorum.bu zamana kadar hiç şikayetim yoktu.son aldığım bez berbat.sızdırıyor.kalite düşmüş.tavsiye etmiyorum.	0
kaliteli  ürün zamanında teslim tşk.	1
denildiği gibi şubat 16 geldi.görüntü hoş.henüz kullanmadım yorumlarına bakarak almıştım.inşallah uzun ömürlü olur.ama konforlu olacağı  belli  yumuşak lastik.	1
ürün gerçekten çok ufak hızı ortalama seviyede araç için ideal tavsiye ederim ben aldığımda fiyat avantajıda vardı kargo bedeva idi	1
tamamen kumaştan yapılma olduğu için fazla ağır şeyler koyamıyorsunuz ama bez sünger vb. şeyleri toplamak istiyorsanız iyi denebilir	0
gayet kullanışlı ve ergonomik.	1
ürünün hiç bir faydasını görmedim aracım 90000 km de almayın...	0
ürün bildiğiniz şekerli kokuya sahip, başka sitelerden kokunun odunsu olduğunu okuyarak almıştım hiç alakası yok. ağır ve şekerli kokusu var. böyle sevenler alabilir.	0
yorumlara bakarak aldım.o halde bir yorumda ben ekleyeyim dedim.	1
ya okadar kötü malzeme ki marangoz birlestirirken suntalar kalkti cogu yeri kaplamasi gelmeden kalkmis	0
yorumlardan bakarak aldım..herkes şişirmesinden şikayatçi..ben 5 dakikada şişirdim..tek rahatsız edici yanı kokusu..ürün gayet güzel..	1
ürün gercekten inanılmaz küçük boyutlarda metal kasası ve güzel görüntüsü ile basarılı bir ürün diyebiliriz. yazma hızı tabiki daha yüksek olabılırdı bu biraz sizi rahatsız edebilir fakat genel olarak fiyatına göre gayet basarılı bir ürün tavsiye ederim	1
bu ürünü almakla hata yaptım sizde yapmayın ürün elime geçince beklediğimden çok daha küçük çıktı ve biri ağır biri ise hafif bu fiyata anca siz az daha paraya kıyın bu el yayının bu üst modeli olan delta ds 847yı öneririm	0
paranızı çöpe atmayın derim ben.	0
hepsi burada.com'da ürünün fiyati çok avantajlı olduğu için çok kirli, lekeli olmayan ( yakalar dahil az kirli olacak) ve çoğunlukla renklilerde kullanmanizi tavsiye ederim. bir tek kokusu çok yoğun. bu da bazı kadınlara çok temiz oldu hissini uyandırır. alo'nun pazarlama taktiği sanırım...	0
bu ürünü yaklaşık 3 aydır kullanıyorum ve kullanmadığım zamanlar için çok pişmanım harika bir ürün ve fiyatıda oldukça iyi kesinlikle tavsiye ettiğim bir üründür. kesinlikle manuel diş fırçalarına göre daha hassas ve temizlik açısından da çok öenmli faydalar sağladığına inanıyorum ve tabiki daha beyaz dişler :)	1
esim kullanıyor memnun.bu paralara alınacak en iyi makinalardan biri.ekran menusu kolaylaştırılmış pratik.	1
ürün güzel fakat çıngıragı sıkıntılı..	0
bu telefon çok iyi değil neden derseniz ekran ni full hd değil ben bu telefonu yurt dışından getirdim bununla yurt dışı arasında çok fark var.i̇slemcisi dusuk hız olarak bunun benimkinden yüksek full hd değil bunun ekranı benimki full hd sonra ses kalitesi düşük bunun benimkinden yuksek.yani anlayacağınız buraya ayrı yurt dışına ayrı uretiyor lenovo	0
okurken hiç sıkılmıyorsunuz, yazarın dilinin akıclığı sayesinde konu bir anda sarıveriyor insanı. tarih ve aşk bir arada... zülfü livanelinin klasiklere geçmesi gereken bir romanı daha...	1
hem bulasık makinesini hem de buzdolabını siemensten aldım ve cok memnunum. arkadaslarımda bizim gibi 2 kişilik ailelerden olusuyor. en az elektrik faturası bize geliyor. aynı binadayız aynı termosifondan kullanıyoruz. tek fark buzdolapları ve bulasık makinelerimiz gerçek anlamda a+ sınıfı elektrik tüketimi.	1
kapağı geniş +	1
2-3 kullanımdan sonra diyebilirim ki fiyatına değer bir ürün. siyah arabamda parlakklığı biraz daha arttırdı diyebilirim. onun dışında zaten çok fazla bir beklentiniz olmasın, süpermen değil yani.ama tavsiye edebileceğim bir ürün	1
çok uzun yıllar armani kullandıktan sonra bu parfümüde gözü kapalı alabileceğimi düşündüm ama çokta beklediğim gibi çıkmadı. klasik armani kokuları gibi fresh ve hafif değil, çok şekerli bir koku... beni rahatsız etti ancak bayanı çok daha güzel...	0
urun inanilmaz gurultulu calisiyor. calisirken evden firlatip atasin geliyor. bu gurultuye ragmen cekisi vasat alti. sagirsaniz veya komsulariniz sagirsa alabilirsiniz...	0
kılıfından çıkarıp öyle kullanın. kılıf cok cok bol	0
çok aman aman bir koku değil..ben de buradaki arkadaşların yorumlarından etkilenerek aldım ancak beklediğim etkileyici kokuyu tam alamadım..bir burberry sport değil kısacası..	0
hızlı gönderim ve sağlam paketleme için firmaya ve siteye teşekkürler. ürünü almadan önce bir çok kullanıcı yorumu okudum neredeyse tümü mükemmel demişler. ama galiba mükemmel ne demek tam anlamı bilinmiyor. ürünün bir kaç eksi yanı var ki bu onu mükemmellikten beri tutuyor. öncelikle ürün çok çabuk ısınıyor.( 5 dk sonra elinizde tutamıycanız kadar) ayrıca çok gürültülü. en büyük eksisi ise başlıkları baya zor değiştiriliyor. ama iyi yanları da yok değil bıçağı çok keskin. dayanıklı görünüyor. ayrıca ek parçalarıda kaliteli sayılabilir.	0
tesli̇mat hizli ancak ürün kokusu kalici deği̇l.	0
bıçak kısmı kaliteli.braun farkı yine ortada.hızlı kargo için de hepsiburada'ya teşekkür ederim.	1
ürün kalitesi çok iyi degil fakat iş görecek kadar iyi ve ucuz ..	0
günlük kullanımlar için tek cümle; mükemmel bi ürün	1
ürün samsung sony ve lg'i sorunsuz şarj ederken, kendi telefonumu şarj etmiyor, çok garip bi şekilde saçma buldum. genel bi sorun olduğunu düşünmüyorum ancak bana gelen ürün (satıcı:hepsiburada) böyle bir problem yaşattı. teknik servis bir çözüm yolu bulamaz ise ürünün değişimini istemek zorunda kalacağım.	0
mamayi 2 gundur veriyorum kopegimgercekten begenerek yiyiyor. birde ürün türkiyede üretiliyor olması nedeniyle cok kısa surede müşteriye ulaşıyor bu nedenle cok taze.	1
önceki makinem farklıydı. uzun yıllar hiç sorunsuz kullandım. bu yıl gerek ev gerek bahçe anlamında daha büyük bir yere taşındık. eşim yeni bahçeye yeni makine dedi ve bir tane arm37 aldık. eski makinemizin kolları eski tipti. bir de yüksekliğini ayarlamak daha zordu. bu modelde hem kolları yenilemişler hem de yüksekliği ayarlamk çok kolay.	1
aracınız için iyi bir ürün..biraz ugraştırıyor ama deyiyorda.plastik aksamlar için uygun olmadıgından hızlı ciladanda sipariş verdim.o daha kullanışlı.süper hızlı gönderi ile ürün 8 günde elime gecti..bunun için yaruma gerek yoktur herhalde :(	0
2 haftadır kullanmaktayım. gayet memnunum. ön yargıları bir tarafa bırakıp,  aynı işi görecek başka bir telefona daha fazla para vermediğim için iyi bir tercih yaptığımı düşünüyorum.  batarya yetersiz gibi görünse de bir günü rahatlıkla çıkartıyor. fotoğraf çekme kalitesi idare eder.  yalnız sar değeri aynı ölçekteki telefonlar içinde biraz yüksek (1.37). ama standartlara göre sınır değerin(2) altında. gerçi sar değeri kendi başına bir anlam ifade etmiyor onu  da belirtmem gerekir. dokunmatiği,  ekran çözünürlüğü, hızı gayet iyi.	1
telefonu eşim için aldım daha önce bende kullanmıştım ev hanımı için ihtiyaçları sonuna kadar karşılayacak bir telefon. fakat son zamanlarda hepsiburadanın kargo ve teslimat konusunda biraz güç kaybettiği kanısındayım.şahsen artık siparişlerim gecikiyor.önceki senelerde bu kadar aksaklık olmamıştı.yine de uygun fiyat ve ürün çeşitliliği konusunda tekrar teşekkür ediyorum.	1
ortadoğu nun cografyasından tutun insan ilişkileri,yaşam şekilleri,varlık içindeki yoklukları,yokluk içindeki varlıkları tamamen olduğu gibi insanın içine işleten bir roman...orjinal dildeki bazı cümleleri olduğu gibi yazmıs sonra hemen türkçesini eklemiş yazar.bu da ayrı bi lezzet bırakıyor okuyanın dimasında..ekmeğenan diyolar:) babam demiyor baba diyor sadece.	1
"diş hekimimim tavsiyesiyle aldım. çok etkili olduğunu, diş ipiyle bile çıkmayan artıkları temizleyeceğini söylemişti. hemen sipariş verdik, aynı gün geldi ancak sonuç büyük hayal kırıklığı. ağzınızı (ve beraberinde etrafı) ıslatmaktan başka bir şeye yaradığı söylenemez. önceden kullanan bazı arkadaşlarımızın ""aslında çok güçlü alet, 4,- 5. ayarlara çıkmıyoruz bile"" demesi üzerine arıza olabileceğinden şüphelenip teknik servise götürdük. gri gövdeli eski modelin güçlü olduğunu ancak yeni modelde gücün düşürüldüğünü söylediler. kesinlikle tavsiye etmiyoruz."	0
ilk denememde ince dilim kırmızı et pişirdim 20 dk yazıyor zamanlayıcıda ama ben 25 dk yaptım biraz iyi pişsin diye kuruttu. zamanlayıcıdaki dakikalara uymakta fayda var.	1
yatak odası ile oturma odası arasında 4-5 duvar, 3 oda var, çekim kalitesi gayet iyi.	1
vaad edilen kargo süresinde gecikme haricinde herhangi bir sorun yok,	1
"promosyon olarak gönderilmişti.i̇lk defa kullandım,makineden çıkan çelik kaşıklar pırıl pırıl olmuştu.kızım görünce ""anne bundan sonra bunu kullanalım"" dedi.ben de evdeki bitince fairy kullanacağım."	1
çok ağır bir koku.... hiç beğenmedim.	0
mouse cafcaflı, ışıklı, şık duruyor. daha ilk günden sol ve sağ tuş basmamaya başladı. pad için bu para verilir derseniz alın. benim gibi çok fazla klasör düzenleme işleri yapıyorsanız kesinlikle güvenilir değil.	0
ürün çok şık. şıklığın yanı sıra malzeme kalitesi üst düzeyde. buz haznesi sayesinde suyunuz bir süre soğuk kalabiliyor. spor salonları için fazlasıyla uygun bir ürün. kargolayan firma aynı zamanda küçük eşantiyonlarda koymuş paketin içine. fiyatı da kalitesiyle kıyaslandığında gayet makul. daha ucuzu yok bu kalitede ürünler arasında. teşekkürler	1
zamanın da geldi ve memnun kaldm tavsiye ederim	1
bu ürünün aynısının beyazını almıştım güzeldi ama arabanın koyu renk konsolunda güzel durmadığı için şimdi de bunu aldım ama diğerinden daha kalitesiz çıktı.	0
bu ürünle bir fön makinesi arasında kalmıştım ve yorumlardan yola çıkarak bu ürünü almıştım ama pek bana göre olmadığını gördüm,yaklaşık 5 aydır kullanıyorum .saçlarım az olmasına rağmen saçlarımın kuruması yarım saati buluyor en yüksek seviyede kullansam bile.satin özelliğini açarsam süre daha da uzuyor.eskiden kullandığım makinelere göre performansı çok düşük.tek olumlu yanı saçlar kuruduktan sonra tek tek havalanmıyor.	0
gayet iyi bir cihaz memnun kaldım tavsiye ederim	1
telefonu alıp iade etmek zorunda kaldım. eksi yönleri: ürünü diğer telefonlarla kıyasladım telefonun sinyal gücü çok düşük  bu yüzden iade ettim bulunduğum yerde sinyal yakalayamıyor.	0
klasik casio ,güzel de kordunu kısa geldi.kargo biraz geç geldi	1
şiparişim elime çabucak ulaştı.hemen soğan doğradım soğanlar incecik oldu hemde hiç .temizliği kolay ve pratik.ürünü aldığım için çok memnunum.ürünü almamda fissler markası ve yorumlar etkili old.u.teşekkürler	1
fiyatının üstünde performansı var tavsiye ederim	1
5 günde ürün elime ulaştı. ve ürünün kutusu hasarlıydı. telefon son derece şık ve kullanışlı bu fiyata alınacak en güzel telefonlardan biri bu telefonu almanızı kesinlikle tavsiye ederim. ama alacaksaniz başka bi̇r yerden alin deri̇m.	0
kesinlikle şu sıcak yaz günlerinde kullanılacak bir koku değil. kış için ideal olabilir	0
telefon goruldugu gibi asiri ince zarif şık hatta tam bir bayan telefonu parmak izi sensoru s7 den daha iyi calisiyor ancak hayatimda gordugum en berbat kamera lenslerine sahip keske p9 alsaydim dedirtti bana bu nasil 13 mp anlayamadim 2 mp gibi bi goruntu sinuyor ne iso yu duzgun ayarliyor ne iyi ayrinti sunuyor sar degeri kanser eder adami avrupada 2.0 in uzeri yasak radyasyondan yasak yani bunda 1.6 sar degeri var s7 edge de 0.2 lg g4 de 0.4 siz dusunun radyasyonu aldigim gun uzerine para verip sattim s7 edge aldim kafam rahat size tavsiyem az daha para verin nirmal p9 alin en azindan kamerasi guzel	0
kas geliştirmek istiyorsanız bence birebir çok kalın hantal, hele benim gibi araç için falan düşünüyorsanız	0
yorgunluğunuz en aza insin. boya yaparken yaşım ilerlediğinden çok yoruluyordum. kıvamı ayarlayabilirseniz boya sanatçısı gibi olursunuz	1
geçen hafta burdan aldım süpürgeyi turbo başlık şahane diğer başlıklarıda gayet kaliteli malzemeden üretilmiş ayrıca benim gibi 1.80 boyunuz varsa hiç eğilmeden süpürebilirsiniz teleskobik boru gayet uzun ve rahat toz torbası kolay yüksek sesi yok fakat tek kötü yönü kablosu çok kısa 3.5 mt felan	1
ürünler ağır günlük kullanım için çok rahat sayılmaz bir de bana kargoda olmuş sanırım hafif yamulmuş olarak geldi	0
güzel degil	0
arkadaslar gereksiz bir urun. viz viz bununla ugrasilmiyor. onun yerine duzgun bir pomza tasi alin( piyasada tonlarca cesitte ve sekillerde var) onunla yapin. havaya ucusan toz zerrecikleri cabasi. makinaya ufak sert hareketle bastir duruyor.	0
bunun kadar elektrik yakan makine görmedim	0
ürün 3 ay sonra el yıkama sırasında su aldı, hem de ne biçim. garanti belgesini kaybettiğim için dışardan yaptırmak zorunda kaldım, artık her el yıkamada çıkarmak zorundayım. bundan önceki casio edifice saatimde de 1 yıl sonra takvimi bozulmuştu. bir daha casio asla...	0
10 gün kullanıyorum ama maalesef beklediğim verimi alamdım. pil 2014 üretim tarihli. 2 yıl kullandığım ve ömrü bitmiş eski pilimden anca %20 daha iyi diyebilirim. sonuç olarak satıcı iyi ama pil kötü.	0
kullanmadiginiz zaman şarjı kendiliğinden bitiyor.tam size lazım oluyor bir yeri supüreceksiniz bir bakmişsiniz şarjı yok!kimseye tavsiye etmiyorum!	0
hem kargoda hızlı hemde yazılımda hızlı teşekkürler	1
ürün beklentimin ötesinde çıktı. bu makinalar ile ilgili yorumları okumuştum ve kullanıcıların abarttıklarını düşünmüştüm fakat abartmıyorlarmış. gerçekten çok iyi	1
fotoğrafta hihippo marka ürün var, universal marka ürün geldi.	0
tefalin hard titanium serisi gerçekten çok kaliteli... hepsiburada.com sitesinde olmadığı sırada 21+28 cm ikili seti başka bir yerden satın almıştım. bu tavayı da alarak seti tamamlamış olduk...	1
ürün çok kısa zaman ulaştı ürün gelmeden yetkili servis arayıp kurulumunu istediğiniz zaman yapalım dediler.	1
geç-yavaş şarj oluyor	0
sağ üst kısmın kaplaması zarar görmüş halde geldi. kurarken alyan vidalar yerine tam oturmadı.kurduktan sonra da biraz sallanma var. çok kaliteli bir ürün değil.	0
sevgilime doğum günü hediyesi olarak aldım, içindeki yazıyı çok beğendi. taş fazlasıyla parlak ve gösterişli duruyor , sabah sipariş verdim ertesi gün elime geçti, kargo gayet hızlı ulaştı.	1
i̇lk aldığımda gayet iyiydi ama daha sonralarda aldığıma çok pişman oldum. gerek çene altı gerek yüzde zamanla çok fazla tahriş yapıyor.üstelik sarj sorunuda cabası. düzgün bir traş olabilmek için uzunca bir sürede uğraşmak lazım. hiç tavsiye etmem...	0
beklediğimden berbat çıktı arkadaşlar gücü yine vasat bundan daha fazlalarına bakın derim	0
ürün şimdi elime ulaştı..  kordonu ayarlatmak için saatciye gittim..  adam bu saatin aynısını bende satıyorum sen iyi uygun almışsın dedi :-) ürün gerçekten hoş pişman olmazsınız...	1
hiç bir şeye yaramıyor. müzikmi dinliyorum cızırtımı anlamadım.	0
en ufak bir faydasını görmedim. dediği gibi kullandım ama bi faydası olmadı	0
fotokopi ozelligi cok kotu. kagidin ust kismi ve yan tarafi cikmiyor. geri gondermek zorunda kaldim.	0
bu ürünü, bu fiyata başka hiç bir yerde bulamazsınız.	1
daha yeni olmasına rağmen 3 ayrı marka model telefonda %60ın üzerine çıkamadı. bir kaç ay sonra bir işe yarayacağı kanısında değilim.	0
görüntüsü çok şık ama ekrandaki yazılar çok iç içe, zil sesi çok az yan odadan duyamazsın. i̇ade ettim...	0
tek bir odada kullanacaksanız çok sönük gelebilir. avizede kullacaksanız idare eder.	1
hamilelik dolayısıyla epilasyon uygulayamayanlar için gayet kullanışlı	0
malzeme kalitesini fiyatıyla karşılaştırdığımızda gayet tatminkar, koşu alan büyüklüğü yeterli ve güzel bence alınabilir, spor salonlarına boşuna para vermeye değmez	1
parasini her halukarda karsiliyor ve bu fiyata telefonun cok fazlasi var...	1
kaliteli ve uygun fiyat olunca 2 paket aldım helal olsun yapanlara	1
1 günde ulaştı ve bu fiyata mükemmel performans sağlıyor.kayganlığı çok güzel ve kokusu yeni alınmış basketball topuna benziyor rahatsız edici düzeyde değil.	1
gercekten  kalitesi iyi birde montaj şeması gönderip bütün parçaları numaralandirmişlar  montajı basit oldu çekmecelerin sürgülerinin montaj yerlerini adamlar işaretlemişler sıkıntısız hizmet tskler  bu fiyata bulamazdım anca ikinci el alınabilir bu fiyata	1
yorumlara bakarak aldim ve iyiki aldim diyorum , benim gibi diş firçalamayi sevmiyorsaniz tam size göre dişlerde tam temizlik sağliyor.fakat ilk birkaç gün diş eti kanamasi yapti daha sonra düzeldi.hizli kargo içinde teşekkür etmek gerek.	1
tutacak sünger yerleri cok kısa. geniş yada dar barfix çekerken eldivenle bile kayıyor eller. büyük bölümü süngerli olanlardan seçmeniz daha sağlıklı olur	0
hızlı kargo, kaliteli ürün, güzel paketleme. teşekkürler :)	1
öncelikle kargonun bu kadar çabuk geleceğini tahmin etmiyordum. dün sipariş ettim bugün geldi. paketleme gayet güzel vidalar için ayrı poşetleme yapılmış her bir parça güzel paketlenmişti. özellikle masa ayrı bir özenle korunmuştu çizilmesin diye de ayrı bir jelatin yapıştırılmış.demirleri oldukça ağır ve sağlam. sadece beğenmediğim kısım ayak kısmındaki vidalar ve boyu ayarlamak için yapılan yer. onun dışında çok şık ve güzel. beğendim..	1
fena değil ama pek beğenmedim. pedler biraz büyük	0
çok kullanişli bi̇r ürün	1
fazla söze gerek yok tavsiye ederim .. kalem kılıçtan keskindir nede olsa :)	1
çok iyi gerçekten hemde bu fiyata şüphelenmeyi hakikaten iyi ama fazla ağırlardan almayın sonra zarar verebilir size neyse kolay gelsin bütün spor yapanlara	1
amerikan kapılara uygun değil. çıtırtı sesi ürkütüyor ve kapıya tam oturmuyor. kendni güvende hissetmiyorsun.  ben yorumlara adırış etmeden aldım.	0
ürünün ilk olarak değiştirilebilir bir sigortası yok yani aşırı yüksekte ürünün ömrü tek kullanımlık olacak.ikincil olarak:fiyatının aşırı pahalı olmasından dolayı verdiğiniz ücrete değmiyor.çünkü tüm bu tür ürünlerin özellikleri aynı belli bir joule değerinde akımın geçmesine izin vermemeleri amacıyla üretilirler.düşük akım koruması olarak ise en güvenilir yöntem ups kullanmaktır.	0
çocuk için gayet makul ve iyi	1
ürün tamamen plastik iskelet üzerine giydirilmiş ince bir kılıftan oluşuyor. aşırı rahatsız ve kalitesiz. fiyatına göre çok kötü denebilir.	0
fan çalışır , metal fandan küçük mini ,	0
boyutları normal kafesler için büyük, o yüzden dışarda kullanmak zorunda kalırsınız. beb üünü vision m1 kafesle birlikte sipariş ettim. kafes oldukça büyük ve geniş olduğu için, kafesin içinde kullanılabiliyorum.	1
arabamın koltuklarını temizlemek için 2 kutu aldım. 1 kutu ancak ön iki koltuğu temizlemek için yeterli oluyor. o nedenle 2 kutu almada fayda var. kullanımı kolay. tavsiye ederim.	0
daha önce bir çok ürün aldım daha yüksek paralar verdim  bu fiyata bu üründen daha iyi sonuç aldım herkeze tafsiye ederim	1
küçük ama işe yarayabilir	0
kötü hemen bozuldu. daha alalı 2 ay olmuştu. kalıte cok kötü	0
her zaman philips ürünleri ilk tercihimdir ve bunda da yanılmadım. tavsiye ederim. fiyat olarak bakılınca ne ucuz ne pahalı orta ayar ama pişman olunmayacak bir karar...	1
buyuk olmasini bekliyorduk en azindan bi ahsap kalinligi olsaydi malesef yok.bos yere para vermeyin bence buyugunu alin.	0
kaliteli ürün.2 senedir büroda kullanıyoruz.hiç sıkıntı çıkarmadı.	1
arkadaşlar ürünü kesinlikle tavsiye etmiyorum açılışı 25 saniye kanal sıralaması yaptığınız zaman tkgs kapalı olsa bile kanalları güncelliyor sıralama bozuluyor tavsiye etmem	0
şimdiye kadar kullandiklarimizdan çok çok iyi.memnun kaldık.	1
reklamında yapılan kadar bir performans yok ne yazık ki, sadece yüz bölgesinde işe yarar, diğer kısımlar sabır çatlatan cinsten uğraştırıyor, sadece acil durumlarda kullanılabilecek bir aparat diyorum.	0
gönderi hızınızı tebrik ederim. ürün görseli çok başarılı. şimdi çay içmek daha lezzetli	1
arkadaşlar bu ürünün kalitesi tartışılmaz.mükemmel bi ürün.ben ucuzluk pazarlarından aldığım ürünlerin hepsini attım.çünkü elektrik şakaya gelmez.ucuzluk pazarından aldığım uzatma kablosunda bulaşık makinasında elektrik çarptı.ben tavsiye  ederi̇m	1
tavsiye ederim çok iyi tşk hepsiburada	1
bu kitabi cok satanlarda oldugu icin aldim ve de okuduğumda hayal kirikligina ugradim. cok sıkıcı bir kitap. yarisini zorla bitirdim ve daha fazla devam edemedim.	0
sevgili kardeşlerim bu fiyata başkasını aramayın bile... çok şık duruyor ve hacim olarak da baya kitap alıyor, kurması da eğlenceli, sağlamlık olarak da gayet iyi, renkler çok uyumlu her eve alınabilir sadece öğrenci evi ya da geçici olarak kaldığımız yerler için düşünmeyin bunu tüm samimiyetimle söylüyorum 4-5 gün içinde elime ulaştı arkasındaki kontra plağı daha sağlam yapmak için 5-6 tane daha çivi alıp sağlamlaştırabilirsiniz onun dışında bir eksiği görünmüyor...	1
ürün gerçekten çok güzel almak isteyen herkes gözü kapalı alabilir. büyüklüğü normal kordonu da güzel beğeneceğinizi umuyorum ben de buradaki yorumları okuyarak aldım.	1
kalıcılık sıfır. satıcı hepsiburada. ürün orjinal	0
sar değeri çok fazla olunca vazgeçtim. sağlıktan önemlisi yok.	0
yorumlara guvenerek satınaldım.kesinlikle tavsiye etmiyorum.beş bileöediniz on dk etkisi var kalıcılık yok.i̇ade de olmuyor kozmetik urun diyorlar.bilginize..	0
telefon fiyatına göre iyi aslında. abime aldık telefonu. androidin bir çok özelliğinden yararlanıyorsunuz.  fakat yazılımı güncellenemiyor. en kötüsüde işlemcisi çok hızlı değil. application açarken bazılarında kasma yapıyor. bu fiyata da bu kadarı ancak olur zaten.	0
siparişi verdiğim gün kargoya verilişi ve ertesi gün ben de olması çok güzel. hızlı teslimat için teşekkürler...	1
elime tam 1 hafta da gecti ve i̇cinden kum sesi geliyor fiyat a gire iyi ama o kum sesi adamin sinirini bozuyor olmasa daha iyi olurdu .	0
acayip gürültülü ve uzun sürede kaynatıyor suyu , tavsiye etmiyoruzzz...	0
arkadaşlar ben yorumları okuyarak aldim fakat pişman oldum.kalıcı bir parfüm değil acıkcası kokusuda fazla ilgimi çekmedi yorumlar dolayısıyla aldim.belki teninize göre kalıcıgılı arta bilir	0
arkadaşlar ben aldim tlf iyi ama tek sorunu ram 500mb olunca isi kasiyor	0
2.5 inc harddisk kabı olarak biraz büyük, boyutu biraz daha küçük olabilirmiş.	0
kokusu ve aroması güzel ama biraz biraz ağır. paketi açar açmaz bütün ev kuru kahve dükkanı gibi kokuyor. türk kahvesi içmeyi çok severdim. bunun tadı da nescafeden ziyade türk kahvesine benziyor. bir kerede en fazla bir fincan içilir.	0
cihaz ciddi anlamda gürültülü çalışıyor. sanırsınız bir şey keserken gücü yetmiyor.öte yandan üzerinde gelen bıçak ahşap grubunda güzel iş çıkarırken diğer materyallerde sonuç tam bir felaket. bunu belirtmek isterim. tabla tam olarak kusursuz kapanmıyor ben tel bağladım oturması için. plastik parçaları ise nazik davranmanızı gerektiriyor. son olarak yeni bıçak almak için üzerindeki bıçağı sökeyim dedim mahvetti beni. yetersiz kalan kullanım kılavuzunu kenara atıp hislerimle söktüm ama kafayı da yedirtti. küçük amatör işleriniz için yeterli bir cihaz ama beklentilerinizi yukarıda tutup sonra üzülmeyin.	0
bir tüp boşalttım hiç faydası olmadı	0
ama bu paranın üstüne biraz daha koyulsa güzel uzun ömürlü bi araba alınır diye düşünüyorum	0
bekar veya öğrenci evlerine, ofislere göre tasarlanmış gayet güzel bir ürün. alıcılara tavsiye ederim. yalnız, büyük tencerelerin sığmayacağını, 2 adet tencerenin yanyana (boyutları göz önüne alırsak) sığmayacağını söylemek isterim. onun dışında, tasarımı ve ağırlığı bakımından on numara bir beyaz eşyadır.	1
arkadaşlarçok güzel bi ürün çok yoğun çalışıyosanız ve fitnesa ayırcak vaktiniz yoksa günde yarım saat ayırarak vücüt yapabilirsiniz kullanışlı rahat bi ürün kapılarada zarar vermiyor başarılı	1
i̇yi günler arkadaşlar ürünü alalı 5 ay oldu su koyma kısmı haşat oldu su sızdırıyor ve şuan çalışmıyor.mecbur yeni cihaz almak zorunda kaldım..20-30 daha fazla verip başka cihaz alın.	0
benzi̇n deposundaki̇ deli̇k i̇çi̇n aldim i̇lk başta bi̇r kaç gün tuttu sonra bi̇rakti nedendi̇r anlamadim havalarin çok soğuk olmasinda da kaynaklabi̇li̇r ama benzi̇n deposu i̇çi̇n i̇şe yaramiyor boşuna zaman ve para kaybi sonuçta türki̇ye de her yer zaman zaman soğuk	0
emiş gücü kalıbına göre güzel normal süpürgeleri aratmayacak derecede benim gibi resme aldanıp şarjlı sanmayın elektrikli ,hepa filitresini temizlemesi biraz zor onudışına fiyatına göre gayet ii performansı	0
çalışması çok güçlü ama torbası çok küçük ...hemen doluyor ve yenisine ihtiyaç duyuluyor....bu süpürgeye uygun torbayı sadece yine burda bulabildim..	0
ama bir sıkıntı yok. sipariş verdikten ertesi gün elime ulaştı. teşekkür ederim.	1
fiyatına göre kaliteli sayılabilecek bir ürün. çantanın içerisinde gözü yok, gözler dışarıda. bilgisayarı koruyacak kadar kalın kenarlara sahip. ürün elime bugün ulaştığı için yazabileceklerim bunlar.	1
kalıcı orjinal ve yarı fiyatına.. sürekli bu parfümü alıyorum ve markası ne diye dışarda soranlar bile olmuştur.. etkileyici:)	1
çok araştırarak aldım bu parfümü ilk aldığımda çok güzel ve kalıcı bir kokusu vardı ama 5 gün sonra sıktıktan 10 dk sonra koku falan alamamaya başladım arkadaşlara sordum onlarda alamadıklarını söylediler.koku süper ama kalıcılık yok denecek kadar az verilen paraya değmedi bence bir daha almam değiştireceğim parfümümü. alacaklara tavsiye etmem...	0
kullanan kisilerin yorumlarina inanarak siparis verdim..malesef sadece azcik bir yanma azcik bir uyusma disinda hicbir faydasini gormedim.yorumlarda 35-40 dakika yazmis birisi birak o kadari ben 5 dakikayada raziydim.sonuc hüsran...	0
telefon 1 tane gerçek sesli fenerbahçe marşı çalıyor. bence sadece bunun için bile almaya değer.bende bu yüzden satın aldım zaten.ancak t telekomun uygulamaya başladığı sms servisini desteklemiyor. bu belki eksik ama bence hiç düşünülmeden almaya değer ....	1
bunun dışında bir puan kırdım sebebi de vida başları dışarıda kaldı.	1
24/10/2016 tari̇gi̇nde almişoldugum kulaklik	0
önceli̇kle hepsi̇ burada ya teşekkür ederi̇m. hi̇zmet kali̇tesi̇ ve hizli gönderi̇mleri̇ oldukça güzel ve hizli ancak bu ürün problem	0
ürünü beğenmedim iade ettim. bondigo aldım daha iyi.	0
evdeki koltukta denedim bir noktasını bile çıkarmadı şişenin yarısını bitirdim ama hiç bir ise yaramadi	0
yapışkanı çok kuvvetli.daha sonra bırakır diye korkmayın.besmele şeklinde dizayn edilmesi çok güzel olmuş.ben çok beğendim...	1
tam anlamıyla kullandığım söylenemez fakat her sabah kendi saçlarıma fön çekiyorum ve diğer donanımlı makinelere göre pek de geri kalır bi yanı olduğu söylenemez.	0
ürün ve satıcıdan memnunum	1
ram ve işlemci kalitesi olarak daha guzel markalar var. bence samsungun bütün serileri kötü hatta o yüzden puanım 1	0
sakın kalıcı diye düşünerek alamayın arkadaşlar ben yorumlara bakarak aldım fakat yanılmışım  sabah sıkıyorum akşama kalmıyor kokusu ona göre düşünüpte alın...	0
hemde kötü kokular geliyor	0
ürün 2 gün içinde elime ulaştı,harika bir ürün ,ev işlerimde kullanabileceğim kaliteli bir matkap,tavsiye ederim	1
ürün abartılacak kadar değil. renk soluk iskelet boruları zayıf. raf döşemeleri yetersiz. askılık iyi değil. askılık bölümünü çırt kelepçe ile bağladık çözüm ürettik ama. diğerleri için yapılacak birşey yok	0
orjinal ve ucuz ürün	1
ürünü tavsiye etmiyorum bizzat kullanıyorum ve sorunlu. entegre grafik birimi sıkıntılı, bilgisayar bazen kilitleniyor ve ekran titriyor pikseller yanıp sönüyor on-board gpu sorunlu, mouse ve klavye ile birlikte bellek de taktığınız zaman usb soketlerde bazen sorunlar yavaşlamalar oluyor.	0
ürün beklediğimin üzerinde bir telefon kargo zamanında geldi	1
kedimin ayağına çok yapışıyor. evde gezdiği yerler hep kum oluyor. üstelik topaklanma konusunda da oldukça başarısız. topaklanmış idrarı elekli kürek ile almaya çalıştığınızda dağılıp tekrar temiz kumların üzerine dökülebiliyor. bir daha tercih etmeyeceğim, ilk defa alacaklara da önermiyorum.	0
fıyatına gore ıdare eder işte.	0
ama öyle akıcı bir üslup ki anlatılmaz.	1
ayak numaram 36çevresi ise 21 cm civarı ben l aldım anca oldu bileğimi de kavradı.bileğim burkulmadan ve alçıdan yeni çıktığı için şişti ama sorun ayaktan girmesi zaten bileği her türlü sarıyor 1beden büyük söylenmesini tavsiye ederim hızlı kargoyla 12'de verdiğim sipariş akşam 7de elimde oldu.hepsiburada ekibine teşekkürler işlerini çok iyi yapıyorlar.	1
ben indirimli olarak 529 liraya aldım.tv 10 numara .piyasa fiyatı olarakta en iyi fiyatı buradan buldum.yanlış anlaşılmasın ben gerçek kullaniciyim kimsenin adamı değilim.ürünü de bu siteyi de tebrik ediyorum.	1
ürün fiyatına göre çok iyi. boyayı istediğim atabilirsem daha ne olsun. boya yapmadan önce su ile test yaparak tabanca ayarlarını iyice öğrenmek gerekiyor. çok hoşunuza gidecek&#8230;	1
hepsiburda.com teşekkürler diyerek başlamak istiyorum.ürünü kurarken fark ettik vidalar eksikti. allahtan evimizde gerekli vidalar vardı. ve sağ tarafın (kenar) ön yüzeyinde beyaz kaplama malzemezi yoktu. ben tanıdığım bir marangozdan beyaz kenar aldım ve ütüyle yapıştırdım. hepsi burada. com ise hiç yapmanıza gerek yoktu efendim deiler, biz size aynı parçadan tekrar gönderirdik. bu harika esnaflık anlayışından dolayı tebrik ediyorum hepsi burada.comu  ürün çok sağlam bir ürün değil bence ayakları çok yere basmıyor. sadece kapaklı olması avantaj.	0
dişlerde temizliği derinlemesine yapıyor. başarılı ve uzun ömürlü olacağını sanıyorum. farklı modelleri olması ise ayrı bir avantaj. dayanaklı bir ürün. herkese tavsiye ederim.	1
ürün 2 gun içinde elime ulaştı.. burdaki yorumlara bakarak aldım, açıkçası bu kadar iyi olacagını dusunmuyodum ama bence kapalı alanda kullanmak ıcın fıyatına göre harıka.. burda normal magazalarda arastırdım bukadar dusuk fıyata yok.. yenı baslayanlar ıcın yeterli bence almak isteyenlere tavsıye ederım..	1
motosiklet cizmesinin icine giymek icin aldim. kis sezonu boyunca 4-5 tane kullandim. sicak tutmasina tutuyor ama topuk kismi asiniyor ve giyilemez hale geliyor. bundan 4-5 tane almak yerine kaliteli 1-2 tane almak daha mantikli.	0
kurulumu kendi̇n yapacaksin veya servi̇se ücret karşiliği yaptiracaksin. bende çi̇ft çanak var. tv ni̇n uydu alicisi türksati görmüyor. astra yi tariyor. türksat ayarlamak i̇çi̇n ücretli̇ servi̇s çağrilmasi gereki̇yor.	0
ürün elime geçti. lakin madein tel avi̇v /  israel malı daha önceden bilseydim almazdım. alacaklar için duyurulur.	0
hayatımda okuduğum en iyi 2 romandan biri neredeyse ağlayacaktım zor tuttum keşke 5000 sayfa olsaydı keşke hiç bitmeseydi bir defa okumak yetmiyor insana	1
tavsiye üzerine almıştım.artık bende tavsiye edenler arasındayım.teşekkürler braun	1
ürün fiyatına göre güzel , el ölçüsünü bilerek sipariş etmekte fayda var.	1
sade bir dille yazıldığı için akıcı bir set ama bişi  katıyor mu hayır. normal insanların normal mevzuları. cinsellik biraz fazla ve gereksiz. bence vakit kaybıydı.	0
urun elime gectikten sonraki izlenimlerim	0
sorun yok. gayet kullanışlı.bu fiyata bundan uygunu bulunmaz sanıyorum.	1
saçlarım çok ince telli düz ve yağlı.her sabah saçlarımı yıkıyorum ancak fön çekmeyi beceremediğimden yada çok uğraşsamda tutmadığından dolayı saçlarım çok şekilsizdi.bu aleti yeni aldım ve hemen denedim.bana çok mantıklı pratik geldi.ilk defa yanılmadım .sessiz ve hafif bir alet.işyerinde denedim hatta rastgele yaptım ama dışa dönük şekilsiz saçımı fönlü gibi yaptı.kuaföre gitmek maddi olarak çok külfet değil ama her sabah işe gelmeden gitmek sorun.yada günlük bir saç için kuaföre gidilir mi.benim gibi saçlarına şekil veremeyen herkese tavsiye ediyorum gerçekten güzel bir aletmiş tavsiye ediyorum	1
oldukça iyi ucuza geldi tekrar almayı düşünüyorum.	1
akıllı telefolardaki özellikleri beklemeyin. telefon şık ve kibar ancak dokunmatik tam bir eziyet. mesaj yazmak neredeyse imkansız, parmaklarınız büyükse kesinlikle işkence. harici sıkıtı yok, ses net, konuşma kaliteli. çok birşey beklemeyin, alo alo. kamera da gündüz iş görür.	0
amacimi karsilayabilecek nitelikte biraz kucuk ama boyu 1.70 uzun olanlar icin uygun bi urun dedil	1
ürün tanıtımı yanıltıcı çünkü vakumlu diyorlar ama fayansa kesinlikle yapışmıyor bunu bildikleri için galiba kutunun içinbe vida koymuşlar 2 tane ben de onlarla duvara sabitledim.yani vakum hikaye	0
montaj yaparken biraz sorun yaşadık. aslında çok basit fakat olması gereken yerler delik olmadığı için ürün biraz yamuk oldu. yine de işimizi görüyor. bu fiyata göre çok iyi ????	0
sağlamlığına laf yok ama zamanı ve sabrı olan alsın.. en fazla 4 mb/s yazma hızını gördüm acaip yavaş	0
ürün değişebilen bir sigortaya sahip değil aslında ingiltere gibi bir ülkede bile her prizde ayrı bir sigorta bulunma zorunluluğu var ve değişebiliyor veya atınca bastırıp geri getirebiliyorsunuz.hatta her kablonun ucunda bile kendi sigortası var ve zorunlu yani prizdeki çalışmazsa kablo ucundaki yani sizin elektrikli aletinizin kendi sigortası koruyor.bizde ise bırakın bunları evlerde bile böyle müteahitler istediklerini yapabilse yani koruyucu kurallar olmasa sigorta bile bulamayacaz.aslında çok basit 5kuruşluk bir sigorta entegre edilebilir her elektrikli aletin kablosunun ucuna ancak maalesef bunları ancak ingiltere gibi gelişmiş ülkelerde görebilecez anlaşılan.bu ürün maalesef tek kullanımlık yani sigortası atana kadar kullanılabilir olduğu için verdiğiniz para ile evinize 10tane sigorta alırsınız.değmez.	0
ona pek saglam demem dogru olmaz sanırım. fazla bir ömru yok musluk dibinde cart diye 50 cm balon gibi şişti ilk açtıgımda. kesip tekrar bagladım ama evin içinde açmak inanın yemiyor artık.sonucunu siz duşunun.saygılar sevgiler.	0
bu ürünü yurt dışından biliyorum, insan sağlığına çok zararlı kimyasallar içerir ve ürün kutusunda bu konuda yeterli açıklama olmayabilir, çok dikkatli muhafaza etmeli ve kullanmalısınız!	0
beklediğimizden daha iyi, çok memnun kaldım hepsiburada dan aldık siapişimiz 3 günde geldi. ilkgün hemen denedik birleştirmek biraz zamn aldı parçalrı.sonra halıyı ve kanaepeyi temizledik sonuç çok iyi  bu fiayat gerçekten şaşırtıcı bir sonuç çıktı inanamadık suyun kirliliğini anlatamam...	1
değeri̇ni̇, güncelleği̇ni̇ hi̇çbi̇r zaman kaybetmeyecek kadar bayanlari asi̇l kilan çok güzel bi̇r koku. tavsi̇ye edi̇yorum. hepsi̇burada com si̇tesi̇ni̇n i̇ndi̇ri̇mleri̇ akil almaz olunca hi̇ç kaçirmadan aldim.	1
i̇şini gayet güzel yapıyor. fiyatına göre değerlendirirsek başarılı bir ürün.	1
ben aslında kamp matı olarak kullanmak için almıştım. arkadaşımda farklı bir marka vardı çok güzel yumuşak bir dokusu vardı malzemesi çok daha kaliteliydi. malesef bu ürün beklentimi karşılamadı orjinal kamp matları gibi sert bir malzemesi var	0
tencere kapak uyumu tam değil	0
paketleme ve kargo süresi oldukça iyiydi. ancak ürünü sıkarken gıcırdama yapıyor ve en az şekilde sulu olsun istiyorsanız belki 5 6 kere kaldırıp indirmeniz gerekiyor. şahsen pek memnun kalmadık.	0
*buhar seviyesi yeterli daha fazlasına gerek yok	1
ablam için ev hediyesi aldık. benim makinem arçelik ve 2 programlı,  benim makinem 3-3,5 saat yıkıyor. bu ise kısa proğramda (1 saat) bile benim makinanın yaptığını yapıyor.. üstelik kısa sürede kesinlikle tavsiye ediyorum..	1
ürün üretiylemi ilgili yoksa bana mı öyle geldi bilmiyorum ama diğer prezervatiflere göre takması biraz daha zor geldi bana, alacak olanlar bu durumuda göz önüne alın derim	0
görüntü ve verdiği kaliteli hissi güzel, suyu biraz geç ısıtması da önemli değil ama üst demlik kapağında sıkıntı var. i̇çindeki süzgecin oturacağı bir alan yok, kapakta hafif tırnaklar var onlar tutuyor ama bir süre sonra sıcaklıktan gevşeyen plastik kapak süzgeci tutmuyor ve denlikte az kalan çayı dökmek isterken kapak da süzgeç de yerinden oynuyor. bu durum bir süre sonra sinir bozucu oluyor tabi.	0
henüz kullanma fırsatım olmadı ama kutu içeriğine baktığım kadarıyla ürünler mağazada satılan ile birebir aynı ve orijinal. hepsiburadaya hızlı kargo ve uygun fiyat için teşekkürler...	1
boşuna para vermeyin hiçbir işe yaramaz	0
ama içerisine 5 karttan fazlasını koyduğunuzda kartlığın ağız kırılma yapıyor. kullanırken dikkat.	1
biraz sert bir oturma yeri var. ancak fiyata göre gayet iyi bir ürün.	1
firmaların amiral gemisi telefonları dışında piyasa çıkan bu gibi telefonlarda ucuzluklarının yanı sıra belirli fabrika arızası diyebileceğimiz problemler ortaya çıkıyor.bu problemleri vakit kaybetmeden servise verirseniz bol özellikli ucuz olan bu telefonları kullanın derim.servise göndermeyi erteleyip telefonun resimler,rehber gibi silinince tekrardan topla(n)ması zor olan dosyalar  servise gitmenizi geciktirebilir. bu durumda telefondaki problemlerin büyümesine neden olur.	1
fiyatına göre kaliteli ve üstün özellikli bir ürün 30 dk kısa programı inox paslanmaz tambur su taşma emniyeti kapı açık ikaz göstergesi güzel özelliklerinden bir kaçı.	1
telefonu 10 aydır kullanıyorum şu ana kadar telefon ile ilgili hiç bir sorunile karşılaşmadım 2 defa düşürdm hiç birşey olmadı sadce ekranında ufak bi cizik var onuda demir çizdi. yanında verilen kulaklık cok cok iyi kalite olarak değilde kısayol tuşları ile harika .	0
ama tost yaparken bile yağlar ürünün etrafından akıyor. etrafına hatta yere damlıyor. benzer modellerde bulunan kırıntı/yağ haznesi ciddi eksiklik. bir de resimlerde ızgara yapılırken koymuşlar, onun yağını düşünemiyorum bile. ayrıca tostu sıkıştırmaya yarayan hareketli menteşe kısmı plastik ve zamanla deforme olarak sıkıştırma işlemini daha gevşek halde bırakıyor. kısaca bırakın ızgarayı tost yaparken bile kullanışlı değil. ayda yılda bir kullanan bizi bile memnun etmedi...	0
olabilecek en kısa sürede elime ulaştı. i̇lan açıklaması neyse o.	1
daha uygun fiyat hiç bir yerde yok	1
sipariş verdik çok çabuk elimize ulaştı ve çok iyi bir ürün tavsiye ederim. gerçekten çok kullanışlı bu kadarını beklemiyordum  :)	1
ürün beklentimi karşılamadı. yada bn uygulayamadım.plastik aksamlardaki kirlere bir şey yapmadı. eğer çok hafif kirleriniz varsa alın. ama kokusu mükemmel.	0
almaya deger piyasadan daha ucuz,ürünü alalı 20 gün oldu gayet iyi müthiş terletiyor,tabi koşarsanız,pişman olunmayacak bir ürün saglıklı günler.	0
pek guclendirmiyo. sadece kapsam acisini buyutuyor..	0
6 aylık kızım var daha önce oğlumu emzirirken ısrgan otu çayıyla idare etmiştim ama yetersiz kaldım.şimdi kızımı emzirirken kullanıyorum.harika bi ürün kullandıkça faydasını görüyorum yaklaşık 3 aydır kullanıyorum tavsiye edrim	1
hepsiburadaya teşekkür ederim ürünü aldım geri iade ettim çünkü ürünü beğenmedim...bana kalırsa bu ürünü önermem ama hepsi buradadan gözünüz kapalı alışveriş yapın derim.	0
ben bu ürünü uzun süredir kullanıyorum ve memnunum bu nedenle aynı ürünün daha geniş kapasitelisi olan  bu 8gb olanı aldım tavsiye ederim	1
fiyatına göre güzel ve kullanışlı ürün 2 adet aldım 1 tanesinde kalemlik biraz yamuktu o da sanırım kargo firmasının taşımasından kaynaklanmış içeriden dışa doğru bastırınca düzeldi.	1
fiyatın hakkını veren ürün yapı marketlerde bu fiyata anca 2 raflısını alırsınız 3 günde elime ulaştı beklemiyordum bu kadar hızlı geleceğini.kurulumuda basit sayılır kitapçık var ufak ordan yardım alırsınız	1
ürünü ergonomik olduğunu düşünerek(ayrıca markasıda çekici ) aldık.ancak aldıktan sonra hiç te kullanışlı olmadığını gördük.fırçalı olan kısmı  her fırsatta düşüyor.(hatta japonla yapıştırdım).	0
arkadaslar ben 1yıldır kullanıyorum mükemmel bir ürün her çeşit kahveyi yapabiliyor. geçen ay kahve makina arıza yaptı 20 iş günü sonunda bana sıfır bir makina gönderdiler o yüzden içiniz rahat olsun güvenle alabilirsiniz.	1
ömer hakgören	0
bir yorumda çok ince denmiş ama ben katılmıyorum. i̇deal kalınlıkta.	1
öncelikle ürünün schafer markasıyla bir alakası olduğunu sanmıyorum. hiçbir yerinde, kutu dahil, öyle bir şey de yazmıyor zaten. çok kaliteli bir malzemeden üretilmemiş. kesim yerlerinden belli ediyor bunu. nette daha uygun fiyata bulabileceğiniz bir ürün ayrıca. beklediğim gibi çıkmadı açıkcası. yorumları okumadan aldığım için pişman oldum	0
kokusu güzel ama kalıcılığı olmadığı için bu fiyatada olsa tavsiye etmem	0
düdüklü tencere yi yaklaşık olarak bir aydır kullanmaya çalışıyoruz tencere içerisinde ki lastik kısmı yan taraftan hava kaçırıyor pişirme süresi uzuyor ve ocak üzerinde buhardan oluşan kirlenme meydana geliyor severek aldık fakat memnun kalmadık sorun giderile bilirse veya değiştire bilirsek memnun oluruz	0
i̇lk şarz için hiç çıkarmadan telefon kapalı 8 saat beklettim.i̇nternete girmeme rağmen tam gün şarj etmeden kullanabiliyorum.	1
canan hanımın kitabını okuduktan sonra kendimi zorunlu hissetttim yememem gereken şeylere ilk defa bu kadar inandım. ve uygulamaya başladım herkese tavsiye ederim.	1
yıkaması zor: elden kayıyor, içine erişmek zor.	0
teşekkürler hepsiburada uygun fiyat kaliteli ürün	1
alanı genişletiyor doğru ama sizin sinyali karşı tarafa da ilettiğinden hem ping artıyor hem de bant genişliğiniz azalıyor. yani 25 mbit bağlantınız varsa misal bir oda ileride hızınız 3 mbitlerde sürünüyor. ben üzerindeki etherneti kullanırım diye aldım ama ping ve hız sorunu onda da mevcut. bağlantı tamam kolay kuruluyor. orasına sözüm yok ama 300mbps hız ile bağlanmak resmen ütopik !	0
hem tonik hem makyaj temizleyicisi olarak beğeniyorum	1
ürün hari̇ka çok memnun kaldim.herkese tavsi̇ye ederi̇m.artik ütüleri̇m ezi̇yet olmaktan çikti daha kisa bi̇r sürede i̇stedi̇ği̇m gi̇bi̇	1
aslında fazla yorum yapmaya gerek cok basit olarak hazırlanmıs ama sık ve güzel duran bi ürün diyebilirim. eger baskül arıyosanız almanızı tavsiye edebilirim, tabiki siz bilirsiniz	1
en uygun fiyat hızlı gönderi ne gördüyseniz o teşekkürler 10 yıldız	1
beklediğimden daha küçük boyutta,bebeği yıkarken bebeğin boyundan daha küçük kalıyor.bu yüzden yeni bir file almak zorundayım.i̇lk ve son kullanışım oldu.	0
birde gündelik hayatta kullanmak biraz sıkıntılı olabilir. kıyafetin altında ben buradayım diye bağırıyor. çok kalın.	1
ürünü 17 gündür kullanıyorum.ürünün içindeki bilgilendirme broşürü pek açıklayıcı değil.kurulumu için takım anahtarlarına ihtiyacınız olacak, tezgahınız granitse graniti delmek biraz zorluyor. suyun tadı bir kaç depo su boşalttıktan sonra içilebilir kıvama geliyor. atık su miktarının fazla olduğunu düşünüyorum.	0
kızım 7 aylık,yeni yeni emekleme ve ayaklanmaya baslayınca yürütecden de sıkılınca bu ürünü aldım,cok sevdi yurumese bile  oyuncak gibi devamlı oynuyo ilgisini cekiyo.hızlı tesliman icin tskrler.bebegi olan herkez almalı derim.	1
ayarlanabilir güç özelliğinin olması gercekten güzel özellik ????	1
cihaz, fiyatı da göz önüne alınırsa, çok iyi bir telefon. android ile karşılaştırıp, bellek ve işlemciye bakarak, yavaş olur düşüncesine kapılmayın. windowsun sistem kaynakları kullanımı oldukça başarılı. görüntülü görüşmeyi kullananlar için artı olarak 5 megapixel ön kamera çok çok iyi... görebildiğim tek eksiği 4g uyumlu olmaması.	1
hesaplı android telefon alacaklar için gayet uygun ve şık bir telefon.	1
bu mamayı sokak köpekleri için aldım köpekler bayıla bayıla yiyor kendi köpekğim proplan yemeyi bıraktı bunu yiyor arkadaşlar kesinlikle kaliteli mama bende önce adidir onun için ucuzdur diyordum fakat öyle değil gönül rahatlığı ile köpeklerinize alabilirsiniz	1
bu amaçla kullanılacak en iyi fiyat bu üründe bence başka telefon bakmaya gerek yok, telefon alacakların başka telefon düşünmemeleri gerektiğini açıkca söyleyebilirim.	1
ben ürünü doğru dürüst kullanmıyorum. pek işlevsel değil benim için, kesici bölümü çok uçta olmadığı için zorlanıyorum sanırım. markasına güvenip aldım ama daha ucuz ve daha kullanışlı ürünler olduğunu düşünüyorum.	0
kafesime göre boyutu baya büyük geldi.dışarıdan takma fikri de normal değil kuş acıkınca kafesin dışına mı çıkacak, kafesin kapısı kapalıysa ne olacak.. kafesiniz büyük değilse almayın bence	0
gelen parfümde yoğun bir alkol kokusu geliyor ne yapılmış anlamadım, hepsiburada gibi bir siteye de yakıştıramadım.	0
teşekkürler hızlı gönderi kaliteli ürün..	1
uzun arayışlar ve incelemeler sonunda bu ürüne karar verdim. hepsiburada, bir gün bu ürün için hiç bir yerde olmayan inanılmaz bir indirim yaptı ve anında aldım.	1
telefonun çekim gücü güzel,	0
ürünü  tv de gördüm aldım . fakat alıcağıma  1000  pişman oldum.. ürün sadece  görüntü  servisi aradım bana  üründe sorun yok  30 dk  ısıtmanız lazım dedi  bu bana  çok sacma geldi. daha sonra  ürünü  kayseriye  fabrikasına  yolladık  bakalım ne olucak bence  sakın olaki görüntüye aldanmayın  almamanızı  tavsiye ederim benden demesi..	0
bu fiyata alınabilecek iyi bir ürün ama daha şyşleride var iş görür	1
alt ve üst kısımlarda taşma ya da dökülmeyi önlemek için çeper yapılmış ancak bu içeride bir miktar sıvı kalmasına sebep oluyor (mesela akşamdan kalan çay bir türlü dökülmüyor)	0
eklem yerleri tam istedigim gibi sabit duruyor telefonu tuttugu bolumde basarili cam cok sıkı yapisti cikarmakta zorlandim, sabit duruyor ses yapmiyor uzun kullanimda ayni basarisini surdurur gibi saglam duruyor	1
oto teyibim için aldım çok memnunum tavsiye ederim	1
uzun vadede çok etkili. kısa tüylerde de oldukça başarılı sonuçlar elde ediliyor. pişman olmadan memnuniyetle kullandığım bir ürün.	1
başlıkta da belirttiğim gibi dışarıda (sağlık ocağında) 64 evde 62 kiloyum 2 kilo verdim diye sevinirken sonuç hüsran. aldığıma pişmanım iade edebilsem ederim. tavsiye etmiyorum.	0
oldukça şık ve kullanımı kolay bir telefon.anneme aldım ve çok memnun kaldı.tavsiye derim.fiyatı da oldukça iyi.en önemlisi de elimize 3 gün içinde geçmesi .teşekkürler	1
ürünü aracımda kullandım etkisi uzun süre kalıyo ve en önemlisi çok az toz tutuyo eğer aracınızın lastik parlaklığına önem veriyorsanız ve lastiklerinizin yeni gibi durmasını istiyosanız sonaxtan şaşmayın derim	1
urunden beklentim cok yuksek olmamasina ragmen hic memnun kalmadim montaj cokk sikinti urunde deliklerin cogunlugu yok hep kendiniz aciyosunuz ve kapaklar ne yaptiysak oturmuyo acik kaliyo bir miktar. yuksek bir fiyat odemedigimiz icin neyse deyip gecebildik.	0
çok basit bir ürün olduğu gibi, numara yerleri bizdeki telefon numara sistemine uygun değil	0
siparişim cok kisa bir sürede orjinal kutusunda hasarsiz ve eksiksiz olarak adresime teslim edildi. hemen siemens servisi ile irtibata geçip kurulum randevumuzu aldik servis te tam söylenen saatte geldi hersey buraya kadar cok guzeldi fakat servis koliyi açınca tam bir hayal kırıklığına ugradim .	0
açıkcası ben çok beyenmedim kokusu biraz mayhoş,eksimtrak gibi şekeri fazla kaçmış olmalı :) baharatlı yada fresh kokuları seviosanız tavsiye etmem..	0
manevra kabiliyeti sıfır denecek kadar az uygun olduğu için tercih ettim ancak yenisini almak zorunda kaldım , ağırlıktan mı sanmıyorum ama kzım 12 kilo olmasına rağmen oturduğu yerin bağlantı noktalarından biri koptu sadece 1 yıl kullanabildik açıkçası en başından biraz daha paraya kıymak daha mantıklı uzun kullanıma ihtiyaç duyalan bi ürün olarak düşünürseniz. ayrıca gerçekten çok alçak boyum 1,65 ve ciddi sıkıntı yaratıyo babaları düşünemiyorum:)	0
bende cihazı yorumlara güvenerek sipariş verdim.biraz önce kargo elime ulaştı ve açıp çekim gücünü test ettim.gerçekten görünüşüne göre çekim gücü mükemmel.tam bir fiyat performans süpürgesi.tavsiye ederim.	1
daha önce bir tane eskittim. onun plakaları çıkıyordu. yenilerinin çıkmıyor. hediye olarak aldım. çok beğendiler. hızlı gönderim için teşekkürler.	1
xiaomi tamamen kendi cihazını kendisi pazarlayan bir firma kesinilkle bayisi toptancısı distribitörü yok çinde bile ürünlerini intrenet ortamında satan tamamen tüketici taleplerini ürünlerine yansıtan bir firma o yüzden fiyatları makul gereksiz fiyat şişmeleri olmuyor	1
artık kahveyi taşırma derdi yok. çok güzel kahveler pişirebilirsiniz. biz kullanıyoruz ve çok memnunuz. ama burda fiyat çok  fazla.	1
bu fiyata kapsül kahve makinesi bulur bulmaz aldım. hayal kırıklığına uğratmadı beni.. kullanımı çok rahat, istediğin her çeşit kahveyi içmek için bir yere gitmene gerek yok. hemen elime ulaştı, teşekkürler..	1
i̇çindeki tozlar dökülüyor çok kırılgan duruyor fiyat uygun olduğu için kullanılabilir	0
ürünü uzun zaman araştırıyordum   hepsiburada firmasına güveniyorum çok alışveriş yaptım bir defa da olsun sorun yaşamadım  bir gün sonra elime ulaştı çok teşekkür ederim	1
apartmanda mangal yapamayanlar için oldukça iyi bir ürün. mangal kadar güzel pişiriyor.	1
fena deği̇l ,  5 li̇ra fazla alip daha i̇yi̇si̇ alinabi̇li̇r.	0
ilk gunler cok iyidi daha sonra yawasladi her seferinde hepa filtreyi temizleyemiorum bu da gucunu azaltior nerdeyse cansiz cansiz halilarin uzerinde geziyor . ama temizleyip herseyini guzelce tainca canavar gibi simdiki aklim olsa almazdim	0
orijinal, çok memnun kaldım.	1
hizli kargo i̇çi̇n teşekkürler sorunsuz olarak ulaşmiştir	1
ürünüm zamanında elime geldi tşk ederim ama üzerinde koruma bandrolü yoktu hoş koruma bandrollü olanlarda daha önce sanırım açılmıştı ama yinede güzel tşk ederim	1
i̇lk olarak marka tanıdık gelmedi ama,aynı ürünü şirkette kullanıyordum ev içinde sipariş ettim gayet memnunum.diğer ürünlere göre baya büyük,5 kişilik aileyiz bizim için ideal fazla bile geliyor.sıcak su kaynadığında konuşuyor haber veriyor,müşteri temsilcisi baya iyi servis sıkıntısı yok.benim için en önemli özellik ise çay doldururken hiç damlatmıyor gayet.	1
müzik için yeterli.	1
ürün fiyat olarak uygun geldi ama yorumlardan tedirgin oldum ve bizzat gözümle görmek için başka yerlerde izlemek istedim. gördüm ki burada yapılan yorumlar doğru, yani görüntü netliği çok iyi değil. bu sebepten ben başka markaya yöneldim ve dışarıda izledim geldim buradan aldım. neden mi uygun fiyat ve hizmet kalitesinden yıllardır hiç rahatsız olmadım. teşekürler hepsiburada.	0
camı ciziyor ve cok kotu anlamsız bir urun bnm hatama dusmeyin	0
basit - kolay- anlaşılır- ve en önemlisi işinizi görüyor. daha pahalısını almanıza gerek yok	1
mükemmell. 5 yaşındaki yeğenime aldım. 3 günde 100 sayfa tamamladı. hem eğlenceli hemde gayet faydalı. herkese tavsiye ederim.	1
normal bir kağıt, ben kalitesini pek beğenmedim sanki çok beyaz değil gibi ama kalınlığı fena değil. yinede orta halli işlerde kullanılabilir fiyatına göre alınabilecek bir kağıt..	0
aldıktan 4 gün sonra elime ulaştı ütü hakkında iyiki de almışım demedim. buhar kazanı için yaklaşık 5-7 dakika bekliyorsunuz ayrıca ipek eşarpları iyi ütülemiyor belki ilk başta ayarını bilemedik ama eski tip buharlı ütüler daha kullanışlı geldi bize alanlara duyrulur	0
biraz yararlı yorum yapmakta fayda var diye düşünüyorum ilk olarak xiaomi markası öyle şimdiye kadar kullandığınız çin malı telefonlar gibi telefonlar üreten bir firma değil lg, sony, samsung gibi firmaların teknolojisine kafa tutan çinin en büyük telefon üreticilerinden çıkarmış olduğu teknolojiler pek çok bilindik telefon markasında dahi yok örnek vermek gerekirserse xiaomi mi mix modelini inceleyebilirsiniz. telefonu yılbaşından 1 gün önce kullanmaya başladım sanırım hb üzerinden ilk alanlardanım, telefon üzerinde 8.0.10 rom ile geliyor 8.0.3 e kendi sitesi üzerinden telefon ile rom u indirip güncelleyiciden yüklerseniz telefonun gözle görülür şekilde iyileştiğini fark edebilirsiniz. ayrıca en çok merak edilen konulardan biride şarj cihazı ve kablo quickcharge 3.0 desteklemekte yaklaşık 1 saat 15 dk içerisinde şarj olmakta parmak izi okumuyor diyen arkadaşlar güncellemeyi yapmazsanız sürünürsünüz ve parmak izinizi kullanım şekilinize göre çifter çifter ekleyin performans şuanda %99 çok nadir de olsa ıslak elle vs sorun yaşıyorum batarya ömrü vs herşey mükemmel iphone dan geçiş yaptığınızda bile sorun yaşamayacağınız kadar basit bir arayüzü (miui) ve üstün bir performansı var, ayrıca kamera performansı oldukça iyi bazı cihazlarda odaklama sorunu çıkıyordu ve genellikle ilk alınan serilerde zaten garantiden iade edip para iadesi alan kişiler oldu buyüzden bu arada telefon btevo garantisiyle geldi merak edenler içinde bunuda açıklıyayım. ve antutu skoru nu araştırabilirsiniz 144 bin civarı bir skoru var dünya listesinde 4. sıralarda... daha ne olsun ki! not: bootloader ı unlock etmeden rom işlemlerini gerçekleştirmemekte fayda var. ben altın rengi birtek hb stoğunda olduğu için almıştım gümüş herkesin elinde mevcut ve çok cırtlak açık bir gümüş iki rengide elime alıp inceledim gümüş aşırı derece basit görünüyor altın koyu renkte ve kesinlikle pembemsi bir tonu yok koyu ağır bir rengi var tıpkı iphone renginde tavsiye ederim.	1
gayet şık duruyor düşünmeden alabilirsiniz.	1
başarılı	1
fiyat performans olarak en iyisi diyebilirim	1
mutfakta kullanacaksanız idare eder . benim gibi döküntüleri öğütüp tavuklara yem yapacaksanız ilk kullanımda dumanı tütmeye başlar.	0
ürün daha önceden de kullandığım bir ürün ama ucuz denk getirilince kaçmayacak bir ürün	1
di̇key makina alıcaktım bir önceki makinam 2400 watt olunca dikeylerin çekim gücü  acaba yetersiz mi olurki  diyerek  bu makinayı aldım bu fiyata 2200watt  çok iyi denk geldi   borusunun plastik olmasında  takılıcak bir durum yok gayet sağlam  ve hantal da değil	0
samsungun yaptığı güzel telefonlarından birisi. gayet güzel. herkese tavsiye ederim. samsung galaksi  s4ün özelliklerine sahip olmakla birlikte fiyat olarak gayet uygun bir telefon.	1
ürün geç geldi, birde rengi krem beyaz değil,çok hafif şık ama uzun ömürlü olmayacağı kesin..	0
iyi bir ürün 2001 model kangoo arabam var ve anında motorun sesinde değişme oldu. sadece teslimat süresi bana biraz uzun geldi	1
extra bataryası dışında 100 tl lik süpürgelerden hiçbir farkı yok abartılı yorum yapanlara inanıp beklentinizi yüksek tutmayın ben siyah rengini 640 tl ye aldım almaz olaydım kenar köşe çekmiyor halıya yapışmasını beklemeyin	0
süper olmasını beklemiyordum tabiki ama bu beklediğimdende kötü.	0
2 tane aldım gayet iyi resimde büyük görünüyor fakat küçük, kargo bina girişine bırakıyor çok ağır bir kişi taşıyamaz. montaj için vida yerleri hazır, şekle göre yapılırsa kolay ama şarjlı tornavida kullanılmalı. ben 1.yi 2 saatte 2.yi 1 saatte topladım.  kalite olarak  iyi sayılır.	1
seçici olan kedim bu mamayı çok sevdi. uzun süredir kedimin yiyebilecegi mama arıyordum önceki aldıgım yüksek fiyattaki mamaları bazen az yer bazende yemezdi bi ara baya bi zayıflamıştı en son olarak buldugum newcat mamasını iştahla yiyor.  hepsi burada.com a teşekkür ediyorum	1
ben paramı çöpe attım siz atmayın.  demedi demeyin	0
harika bir ürün herkese tavsiye ederim	1
3 günde elime ulaştı ürün. yanında mini kondisyon bisikleti ve twister hediyesi ile. dynamic r-10 kondisyon bisikleti acayip hızlı kalaori yaktırıyor. yarım saat bantta yürüme ile 10 dk bisiklet çevirme eş değer kalori. iyi ki almışım diyorum. yalnız masaj aletinin ucu avrupaya göre çıktı. dönüşüm aparatı koymamışlar kutuya. onu daha kullanamadım, servis parça getirecek .	1
etlerle ızgara teli arasındaki mesafe ayarlanmıyor. bu yüzden orta kısımdaki etler tamamen pişmesine rağmen köşedekiler çiğ kalıyor bu yüzden sürekli etler pişerken yerlerini değiştirmek gerekiyor. aletin ısı ayarı yok,sabit bir sıcaklıkla ısı veriyor. pişerken de etleri görmediğiniz için etin pişme durumuna tam olarak karar veremiyorsunuz. sürekli kapağını açıp bakmak durumunda kalıyorsunuz. pişirme teli , basitçe tutturulmuş 2 adet telden ibaret. piyasada yekpare olanları da var. onlardan değil.	0
hızlı teslimat için hepsiburarada ailesine teşekkür ederim ama kitap reklamları kadar güzel değil oku oku bitmedi bu kadar sıkıcı bir anlatım olamaz aynı şeyi çevirip çevirip yazmış yazar allah aşkına dair birşeyler okumak isteyenler mevlananin mesnevisinden hazırlanan kitaplarını tasviye ederim okumaya diyamazsiniz	0
ürünü sipariş verirken açıkçası pek güvenerek vermemiştim. fakat uydu alıcısı ile çanak arasına bağladığımda 36 olan sinyal kalitesinin 57 ye çıktığını görünce doğru karar verdiğimi anladım.  sinyal kalitesi düşük olduğundan görüntüde karelenme ve donma vardı şimdi sorun kalmadı. sinyal kalitesi düşük olan arkadaşlar kullanabilir. montajı çok kolay, güzel ve küçük bir ürün tavsiye ederim.	1
almak isteyenlere tavsiye edilir. hemen çalımaya başladık bile	1
tek taraflı diyen arkadas neye göre tek taraflı dedigini bilmiyorum ama cift tarafli.eli izde yapiskani zayif gibi geliyor ama kullandiginiz yuzeyde gercekten saglam tutuyor.begendim	1
urun de bi sıkıntı yok gibi ama kirecte başarısız kesnlikle kirecle badana yapmayı düşünüyorsanız almayın artı boyada fırca ve ruloya oranla çok gidiyo ama kargo teslimatı çok iyi 2 günde elime geçti	0
urun 8 i̇nc tablete uymuyor 7 i̇nç i̇çi̇n uygun	0
şiddetle tavsiye ediyorum.verdiğiniz olarak paranın hakkını sonuna kadar veriyor.sesi çok az halılar ilk günkü gibi oldu.halılardan çıkan tozlara inanamiyacaksiniz	1
bence mükemmel bir alet herkese tavsiye ederim çok kullanışlı.hemde bu fiyata. bukadar kullanışlı olacağını tahmin bile etmiyordum.aldıktan sonra çok memnun kaldım. ilk başta terettütlerim vardı. ama çağırdım geldi. kurdum çalışmaya başladım çok memnunum.	1
görüntü kalitesi herseyi belli ediyor.. ısrarla tavsiye ederim	1
süper. kolay kurulum ve tatmin edici kapsam ve hız. ayrıca kompakt.	1
is yerindeki akvaryum için aldik. fiyata gore mukemmel. ilk calistirmada icine su koyduk oyle basladi calismaya :) ama ürün guzel. bir gunde su gayet berrak oldu.eski hali bulanikti. tesekkur ediyorum	1
güzel bir ürün ben memnun kaldım.	1
parlaklık süper.	1
ürünü aldığım gün kullanmaya başladım. hafif gürültülü ortamlarda sesi duymakta zorlanıyorsunuz. belki kablosu biraz daha uzun olsa kullanımı daha rahat olurdu.	0
1 haftadir kullaniyorum, kurulumu çok basit. zyxel, tp-link, us robotics gibi birçok farklı markanın ürününü kullandım, asusun sinyal alım gücü  kendi kategorisindekiler içinde en iyilerinden.  mavi led ışığı şahsen hiç abartılı gelmedi...	1
başka bir markadan bu markaya geçtik. terfi ettik desek daha doğru olur.. :) pratik, kokusuz, uygun fiyatlı, kullanışlı . . kısaca fiyat / performans mükemmel...	1
-en küçük engele bile takılıyor sürerken	0
sizinde sakalınız çok sert ve boynunuz çok hassassa bu makineye hiç heveslenmeyin.	0
ürünün işik tarafi güzel modlarida güzel sadece lazer kismi güzel deği̇l beni̇m alma sebebi̇m lazer kismi i̇çi̇ndi̇ malesef hosuma gi̇tmedi̇.	0
parasına göre idare eder ama bilsem almazdım kararı siz verin.bence üç beş daha fazla verip hakiki termal içlik alın derim diğer üst alt olan takımını da aldım onda aynı..	0
bu tava işinden canı yanmış biri olarak ürünü çok beğendiğimi ifade etmek istiyorum	1
ürünü aldığımda bozuk çıkmıştı iki defa tamire gönderdim diğer markalara bakın bence daha iyisini bulursunuz görüntüsü şık hiç kaliteli değil hepsiburada.com ailesine teşekkür ederim hizmetlerinden dolayı yardımcı oluyorlar.	0
ürünü kizim ayni kalemi̇ kaybetti̇ği̇i̇çi̇n tekrar aldim ve üsteli̇k daha uygun fi̇yata.yazimi güzel ve şik bi̇r kalem.i̇hti̇yaç sahi̇pleri̇ne tavsi̇ye ederi̇m.	1
umduğumdan daha iyi bir ürün, gayet kullanışlı, çorabım uzun olması da avantaj sağlıyor. ayağınızın kıvrımlarına tam oturuyor. kısa sürede elime ulaştı, teşekkürler hepsiburada.com	1
telefon cok ısınıyo	0
gerçekten çok kaliteli bir ürün. kesinlikle düşünmeden alın. bu fiyata böyle bir ürün harika..	1
avent kalitesine yakışmayan bir ürün olmuş. sanırım çinde uretilmesinden kaynaklı. kaliteli bir ürün değil ama yinede idare eder.	0
aldığıma pişman oldum.iphone da kullanamıyorum çok denedim kuramadım iade edicem	0
hickimseye tavsiye etmiyorum. bildigin insaat kumu gibi kullanamadim, attim. verdigim paraya aciyorum!	0
olağanüstü bir diş fırçası..daha önce dişimi hiç fırçalamamışım, bu diş fırçasını kullandıktan sonra anladım.kesinlikle herkese öneriyorum herkes kullanmalı.bembeyaz bir diş için kesinlikle bu ürün!	1
parfümün tasarımı haricinde gerek kokusu gerek kalıcılığı konusunda fazlasıyla yetersiz.parfümü sıktıktan sonra koku max' 15 dakika sonra uçup gidiyor...	0
okuduğum yorumlar sonrası daha önce kullandığım farklı markanın aynı özellikteki ürününden sonra yeni aldığım 98 model bmw aracımda milli duygular ön plana çıkması ile bu ürünü aldım.	0
çok kullanışlı değil	0
bu ürünü yaklaşık 4 / 5 aydır kullanıyorum ama memnun değilim çünkü ilk başlarda sorun olmayan makineden daha sonra sıcaktan olsa gerek içinden parçalar eriyip koptu ve kullanmaya başladıktan bi müddet sonra yanık kokusu geliyor 2 kişilk bi aileyiz bu kadar kısa zürede yıpranmış olması bence iyi değil.	0
ürün geldi piyasadaki fiyatlarına göre çok uygun diyebilirim tefal ütü bu konuda kendini ispatlamış,olumsuz yönü ürün dışında kötü ambalaj paketleme bu konuda özen gösterilirse daha iyi olur.	1
telofon tasarım olarak güzel arka kamerası 13 mp hiç alakası yok görüntülü konuşurken arka kamera hiç göstermiyor. akşam fotoğraf iyi çekmiyor kimseye tavsiye etmem ben iadeye gönderdim hepsiburada.com. dan paramın iade edilmesini bekliyorum.	0
bu paraya ancak bu kalite olur zaten, duvara yapıştırdım aynı gün düştü hepsi.	0
12 senedir bodybuilding ile uğraşıyorum , bir çok ürün kullandım ve eskittim. bu ürünü resminden beğenip aldım, ama inanın çok kaliteli bir ürün çıktı. bilek desteği ve avuç içi yumuşatması harika. ayrıca çok kaliteli işçilikle dikmişler, normalde yorum yazma zahmetinde bulunmam ama bu eldiven hakediyor. eldiven arıyorsanız düşünmeden alın derim.	1
çok kullanışlı bir ürün. portakalı hiç ziyan etmeden çok kısa sürede sıkıyor üstelik temizliğide çok pratik bütün parçaları kolayca birbirinden ayrılıyor. herkese tavsiye ederim sağlık için mutlaka gerekli...	1
kirmizi aracimi müthi̇ş parlatiyor. hepsi̇ burada saolsun.	1
tlf güzel altin rengi tavsiye ederim fakat kamera bekledigim gibi değil isinma var bazen kasiliyor	0
i̇ndirimde fiyatı da oldukça iyi. amcamın mouseu baya eskiydi kendisine problem yapıyordu. onun yerine aldım. amcam artık çok memnun. siteye teşekkürler.	1
telefonu arkadaşım kullanıyor gerçekten çok güzel bir telefon.özellikle bu fiyata bu özellikler gerçekten çok uygun.fakat neredeyse 1 hafta sonra elime ulaştı.ben beklemekten hoşlanmam böyle olacağını bilsem almazdım açıkcası.	1
en uygun fiyata aldım. aynı gün teslim edildi. ürünün özelliklerini detaylı olarak değişik kaynaklardan inceleyerek aldığım için sorun yok.	1
çok güzel ve kullanışlı bir ürün.tavsiye ederim.	1
gayet güzel bir araç bu emsaldeki araçlardan daha uygun fiyatlı olmasıda avantajlı...	1
1. düğmeden ayarlı hız kademesi.	1
hem fiyatı hem de kokusu çok hoş, sürekli kullandığım bir ürün, herkese tavsiye ederim.	1
tek kelimeyle gereksiz ve kullanışsız.	0
hediye gelmesine rağmen koruyucuları çöpe attım, temizlik seti de bir köşede bayatlar tahminimce..	0
genişliği iyi ancak yüksekliği konusunda tam bir hayal kırıklığı yaşadım. resimde göründüğü gibi büyük değil. televizyon sığmadığı için orta bölümü öne doğru çektik. çok kötü diyemem ancak bu paraya çok daha iyisi alınabilir. parçaları da oldukça fazla birleştirmek için çok fazla zaman harcıyorsunuz.	0
çok kullanışlı bir ürün yaklaşık 1,5 senedir kullanıyorum.hiçbir sorun çıkartmadı. diğer çay makineleri termostat sorunu çıkarıyor. bunda öyle bir sorunla hiç karşılaşmadım. sizinde almanınızı tavsiye ederim. çok memnun kalırsınız.	1
"bu gardırobu almadan önce hem büyük mağazalardan hem de internetten çok araştırma ve inceleme yaptım.ürün, model olarak ihtiyacımıza cevap verebilecek  nitelikte bir üründü. ancak internetten bu tür mobilya alışverişleri konusunda o kadar çok olumsuz yorumlar ve şikayetler okudum ki neredeyse internetten alışveriş yapmaktan vazgeçecektim.dessenti mobilyayı da ilk defa internette araştırma yaparken görmüştüm ama kalitesinden emin olamamıştım.piyasa fiyatı biraz yüksek olmasına rağmen bu ürünü almaya karar verdim.ürün 4 gün içerisinde teslim edildi.kargoda koliler kıyısından köşesinden biraz zarar görmüştü ama ürünlerde hasar yoktu.sağlam ve eksiksiz elime ulaştı.ürünün kurulumu benim için çok kolay oldu.alt tabla monteliydi,diğer alt ve üst tablalarda da raylar monteli geldi.bu işimi kolaylaştırdı.parçaların üstünde numarası mevcut ve sırayla monte edince kolay oluyor.vida yerleri de belli.ölçüler çok hassas ve uyumsuz hiç bir parçası yok.ürün kalitesine gelince araştırdığım ve  yakından görüp incelediğim başka marka ürünlerle kıyasladığımda gerçekten kaliteli bir ürün olduğunu gördüm.diğer gardıroplar gibi orası burası sallanmıyor,oynamıyor.sürgülü kapakların rayları ayarlanarak rahat kapanmaları sağlanabiliyor.ben üründen çok memnun kaldım.ürün için hem üretici firmaya hem de ""hepsiburada.com"" a  teşekkür ederim."	1
telefon kullanım kolaylığı bakımından ve teknik özellikleri açısından kaliteli performansı oldukça üstün. ürün tam belirtilen vaktinde elime ulaştı. problemsiz sarj aparatı biraz kafa karıştırıyor ama büyük bir sıkıntı değil. tavsiye ederim.	1
yaa bu ürünü kapıda ödeme yaparak almak istiyorum,ama kredi kartı istiyor yardımcı olun ürün güzel bişeye benziyo kondisyon açısından iyi bir ürün	0
oral b şarjlı diş fırçasıyla beraber aldım. hem puanlarımı kullanınca hem de kargo bedava olunca iyi oldu. diş fırçalama da değişik bi deneyim. çok iyi bi ürün.	1
eyer oyun oynamicaksanız alın oynicaksanız değmez vermeyin o parayı özeliklede lol ve wolfteam da çok kötü tuşa basmanıza rağmen algılamıyor en az 3 kere 4 kere daha devam etmelisiniz eyer sadece internette oyun oynamicam derseniz alın. aksi takdirde iş görmüyor oyunlarda	0
kafamda kalın bir kesme tahtası olarak kurgulamıştım. fiyat iyi olanilir ama benim ihtiyacı karşılamadı. daha kalın bir model arayışı içindeyim. i̇nce kesme tahtası arayanlar için tavsiye edebilirim.	0
ürün kaliteli ve kullanışlı, ancak hava delikleri olmadığı için biraz terletiyor	1
görüntüsü oldukça şık ve dijital paneli sayesinde kullanımı oldukça kolay. kesinlikle tavsiye ederim	1
günlük kullanım için iyi ve pratik. temizliği kolay. fakat çekişi iyi değil. malzeme kalitesi de orta halli.	0
ben barlarla birlikte aldim. 2 haftadir kullaniyorum. bence fiyatina gore cok makul bir urun. tabi su ana kadar toplam 20 kg. ile denedim.	1
benim telefon general mobile discovery. telefonu görmüyor.. onun dışında  işinizi görür..	0
yeni kullanmaya başladım geç kalmışım diye düşünüyorum. fiyatlar biraz daha düşerse hem kapasite artırmayı hemde bütün bilgisayarlarda kullanmayı düşünüyorum. biraz kullanıp performans zamanla nasıl görmek lazım. şimdilik çok iyi.	1
malzeme fiyatına göre oldukça iyi aracıma taktığım zaman çirkin bir görüntü oluşturmadı tavsiye ederim.	0
ürün görseldekinden koyu alacak arkadaşlar buna dikkat etsin. resimde daha hoş gözüküyor. alacak arkadaşlar göz önünde bulundursun.	0
çok kaliteli değil ama idare eder	0
her an kırılmaya meyilli bir ürün	0
fena degil.	0
sakal ayar mekanizması kullanışlı..	1
bildirim ışığı yok telefonun ekranı açmazsanız bildirim gelip gelmediğini anlama ihtimaliniz yok.	0
montaj yapmak mümkün değil çok kötü bir malzemeden yapılmış tencereleri taşıması mümkün değil	0
ürün kısa sürede elimize ulaştı, yatak güzel fakat çok kötü kimyasal koku mevcut. yatağı açtığımızdan beri kokusundan odaya giremedik. 1 haftaya yakın süredir havalanıyor fakat koku bir türlü geçmedi.	0
mrh arkadaslr ben bu urunu aldım ama benım kaldıgım yerde elektırık sorunu var belkı aksamları bıle elekrık yok benım ısıme yarayacak emın cunku bende 600 wtalt vardı oda ısımı goruyodu ama buzdolabını calıstırmıyodu bu calıstırı emını elektırık sorunu olana tavıye ederım	0
sony kalitesi bu üründe var.	1
duş başlığı kalitesiz ve kötü görünüyor. hortum ve başlıkda uymadı	0
i̇stenilen etkiyi göremedim boşa paranızı harcamayın	0
merhabalar. bende sonynin bir taşınabilir şarj cihazı vardı. onuda hepsiburadadan almıştım. asus zenfone 2 kullanmaya başlayınca o yetersiz geldiği için yine hepsiburadadan araştırmaya başladım. vede xiaomi ye denk geldim. araştırmalarımda 10000 mah lik gözüme çarptı ama almışken tam olsun dedim vede xiaomi 16000 mah liğini aldım vede çok memnunum. sadece biraz ağır o kadar. mont cebinde taşınıyor ama normal pantolon cebine sığmaz tabikide. alacaksanız bunu sakın kaçırmayın	1
150 ml lik şişe büyük baya gider diye düşünmeyin üzerinize boca etmeniz gerekiyor kalıcı olmasını istiyorsanız.	0
fiyatı iyi.bu fiyata 4lü deterjan almak pek kolay değil..	1
bu süpürgeyi 2 aydır kullanıyorum. başlığının dönüşü iyi ancak çekiş gücünden hiç memnun değilim. daha önce sinbo marka benzer bir süpürgem vardı, o bile çok daha güçlü çekiyordu. ama daha da büyük problem kablosunu toplamak! kablosunun sarılıp tutturulacağı hiçbir yer yok (varsa da ve ben bulamadıysam da, ortalama zekaya sahip bir tüketicinin bulamayacağı bir detay ayrı bir dezavantaj) anlamsız sadece bir kez kablonun ucunun tutturulacağı bir yer var. zaten sonra videoları filan izlediğimde hiç kablo toplama kısmına değinilmediğini fark ettim :/	0
ürünü aldım ertesi gün elime ulaştı ürün gerçekten harika gt 730 128bit ddr3 kullanıyordum değiştirdim yaklaşık 9-12 kat performans artışı yaşadım denedigim oyun wowarcraft &gt; diablo &gt; heroes of the storm m460 i5 kullanmama rağmen çağ dışı ona rağmen max performans aldım bakıyorsanız ne alacagınızı düşünüyorsanız ve bütcenize uygunsa eğer bir ikinciyi düşünmeyin derim	1
"hotpoint servisinin ""aqualtis serisi alın"" tavsiyesi ile tercih etmiştik. programları çok iyi."	1
ürünü yaklaşık 7-8 aydır kullanıyorum,sessiz çalışıyor biraz yavaşlığı var ama fiyata göre normal,tek dezavantajı a5 çıktı vermemesi sadece a4 çıktı alabiliyorsun	0
ben başka model bakmanızı öneririm.	0
gelişi çok çabuk geldi. rengi kırmızı gelmedi , kalite iyi teşekkür ederim.kolay gelsin.	0
ürünün kapağının üstü elimi değdirdiğimde yanlarına göre daha soğuk. üst kapağın izolasyonunu çok iyi becerememişler.	0
vakit kaybı ,kapağına aldanip almayin????	0
merhabalar ürünün düşük fiyatindan dolayi iki adet sipariş verdim ve gelir gelmez kullandim ama maalesef memnun kalmadim sebep, hamuru kelepçe kısmindan sızdırıyor ve yapışıyor.	0
telefonu yaklaşık iki aydır kullaniyorum eşime de aldım. şarjı bir günü çıkariyor falat sinyal çekimi iyi değil. telefon görüşmelerinde karşı tarafın sesimi iyi alamadigini defalarca duydum bundurum rahatsizlik veriyor. dokunmatiği sizi üzebilir. benim telefonum şuanda serviste cunku dokunmatik bir süre sonra bozuldu kendi kendine uygulamalara girmeye başladı eşimin telefon dokunmatiği de bozulmak üzere.	0
2 ay önce aldığım ürün birkaç kullanımdan sonra bozuldu sistemsel olarak . tavsiye etmem bilindik markalardan şaşmayın..	0
açık hali gayet sağlam ancak açılıp kapanması sıkıntılı. açılınca kapanmıyor, kapanınca açılmıyor. takılı kalıyor.	0
fiyat performans oranı iyi. iphone 7 ile kolaylıkla senkronize olup çalışıyor. kurulumu da basit, herhangi bir siteden bulunabilir.	1
universal bağlantı aparatı ile aqua stoplu olan (çektiğinizde suyu kesen) bir aparatla kullanmınza fayda ve güven var..	0
daha önceden philips makine kullanıyordum. yaklaşık 4-5 yıl kullandım fakat başlıklarında deformeler kırılmalar oldu babama verdim hâlâ kullanıyor bu makine ondanda sağlam yere düşürmediğiniz sürece hiç bişey olmaz. ayrıca makinede turbo modu var çok güzel şarjı doluncada akımı otomatik kesiyor mükemmel :)	1
zamanında noksansız teslim edildi. bolca yorum var. olumlu olanlara ben de katılıyorum.	1
ilk sikildiginda agir ve keskin bir kokusu	0
mucize beklenmemesi gereken bir ürün, ama hiç bir faydası yok denemez. düzenli kullanıldığından en azından günde 1 fincan faydalı oluyor. tadıda gayet lezzetli öyle bitki çayları gibi itici değil, şekerli güzel bir lezzeti var.	0
büyük bi umutla aldım ama gram faydasıni görmedim.	0
mukemmel bir ürun. herkez rahatlikla alabilir.	1
- ram	0
kesinlikle tavsiye etmiyorum ürünü kurduktan 1-2 hafta sonra tatile çıktım ve döndüğümde akvaryumun içinde su kalmamış, bütün balıklarım ölmüş ve parkeler şişmiş bir halde buldum.	0
ürünü açtığımda kurulum şeması yoktu.	0
aslinda urun kotu deil fakat biz renk secenegi olmadigi halde resimde gorunenden farkli bir renk geldi rengi kotu ve sescikartmasi icin gaganin bastirilmasi lazim o islemi biz bile zor yaarken cocugun yaoabilmesi biraz zor	0
ayakları ayarlanmıyor, sabit yükseklik ayarı yapamıyorsunuz.	0
daha iyisi pratiği ve kullanışlısı çıkmış mı diye karıştırırken gördüm ehhh işte idare eder bi ürün öyle destanlar yazdıracak kadar mükemmel değil.	0
tasma gerçekten çok kaliteli.kedilerim hiç rahatsız olmadı.malzemesi çok kaliteli ve yumuşacık. fosforlu olması da avantaj.kedilerin boynunu acıtmıyor.fosforlu tasma için bu fiyat çok da ucuz. basit tasmaların fiyatı  bile bu civarda çünkü.	1
bu ürünü yurt dışından getirtiyordum. çok uzun süreden beri kullanıyorum ve vazgeçilmezlerim arasında. zaten bu kokuyu kullananlar daima dolaplarında bir adet bulundurur. gerçekten çok iyi bir parfüm kalıcılığı çok uzun süre değil. yani sabahtan akşama kadar üzerimde kalsın diyorsanız daha ağır kokular tercih etmelisiniz. acqua her ortamda mutlaka farkedilir. kimseyi baymaz. birçok ortamda tanıdık tanımadık insanlar parfümümün markasını soruyorlar. bu ister istemez hoşunuza gidiyor. bir erkek için 1 numara diyebilirim.	1
aracımı sonax cilalı şampuan ile yıkıyorum ardından da bu cilayla arabamı culalıyorum sonuç süper bu ürünü almayı düşünenler tereddüt etmesin alsınlar bu aldığım üçüncü kutum	1
ürün sayfasında kahverengi gözüküyordu ama bana yeşil renklisi geldi.minderli olması daha bir güzel.kurulumu şemayı takip ederseniz çok kolay.yoksa tekrar sökmek zorunda kalıyor insan.bir de civata boylarını ve takıldıkları yerleri önceden tespit etmek gerekli.bu fiyata değer.	1
ürünü 2 yıldır severek kullanıyorum.ara mevsimlerde baharatımsı kokusu sayesinde çok hoş bir parfüm haline gelebiliyo.fakat yazın biraz ağır kaçıyor.oldukça erkeksi ve dinamik bir parfüm.kalıcılık yönünden beklentilerin altında.her erkeğin dolabında bulundurabilceği hoş bir parfüm.	1
renk verdiği için kesinlikle açık renkli yüzey (döşeme) temizliğinde tavsiye etmem. çok kaliteli bir yapısı ve siliş özelliğine sahip olmayan bir bez. ayrıca üretici içinden çıkan pastel renkler yerine daha soft renk salmayan bir boyama tercih edebilirlermiş. teslim süresi 3-4 arası..	0
çok küçük ve hafif en önemlisi de çok hızlı bir ürün, piyasadaki muadillerine göre 1 adım önde. alacak olanlara tavsiye edilir.	1
10000mah ancak tamamen hayal kırıklığına uğrattı beni tavsiye etmiyorum nasıl açılıp kapandığı bile belli değil geç şarj oluyor.ilk kez kullanıyorum ama memnun değilim alacak olan varsa alternatif birşeyler baksın...	0
cuma günğ saat 16:00da siparişini verdiğim cihaz cumartesi günü saat 09:00 da adresime teslim edildi. hepsiburada.coma çok teşekkürler cihaz %100 orjinal. sadece resimde görüldüğü gibi ince değil neredeyse 3 adet iphone 6 ağırlığında :)	1
oyuncağa benzer tasarımı var. oğlumun çok hoşuna gitti.  evde ne kadar kalem varsa hepsini açtık, umduğumdan da sağlam çıktı bu fiyata bu ürün oldukça hesaplı.	1
herşey çok güzel. fiyat iyi, ürün orjinal, teslimat hızlı, paketleme süper.	0
piyasada bu fiyata o kadar çok telefon var ki. seçim şansımız çok...	1
çok kullanışlı ve fiyatıda uygun köpeğimin çok hoşuna gitti tavsiye ederim	1
armani için çok çok az kalıcı, daha once black code ve siyah olan aqua di gio kullanmış biri olarak yaz kokusu diye aldım. gerçekten yaz kokusu sıkılınca ama beş dk sonra puffff uçuyor.	0
diğer vitamin takviyelerinden bir farkını göremedim insanların şöyle uçuyor böyle kaçıyor demelerine inanmayın.	0
etkisini 3 gün içerisinde göreceksiniz ben çok memnun kaldım.	1
fiyatına göre güzel ürün tavsiye ederim.	1
kutulu olarak evde kullandığım bu ürünün yedek paketleri de bitince çevremdeki üç markette de bulamadım. çok kullanışlı ve hijyenik bulduğum bu ürünü site iki günde ulaşturdı	1
yazarın anlatımını beğenmek kişiden kişiye göre farklılık gösterir ancak bu kitaptaki anltım tamamen okuyucuyu kitabın içine sokuyor. zekice kurgulanmış cinayet planları ve sonrasında başlayan delil-polis-katil trafiği beklentilerimin oldukça üzerinde heyecanlandırdı beni.	1
sunduğu performans ve özelliklerine göre bir klasik oldu. eski yarı sentetik yağlara göre belirgin derecede performansı farkediliyordu. sentetik yağ pazarı son yıllarda çok genişledi. şimdi pek çok markanın benzer ürünleri var. ama mobil1 kalitesini yaşadıktan sonra başka markaları denemeye bile cesaret edemiyorum.	1
yinede fena değil	0
alırken şüphem vardı. hadi be bu kadar da olmaz diyordum. arabamın pandozotunda kullandım. sonuc mükemmel. kesinlikle tavsiye ederim.	1
fiyatı pahalı dayanıksız telefon kısacası çöp	0
tavsiyelere baktım aldım ve pişman olmadım. hızlı kargo, kaliteli ürün, güvenilir alışveriş, geniş ürün seçeneği  için teşekkürler hepsi burada. almak isteyenlere tavsiye derim.	1
bu fiyata bundan iyi cihaz bulamayacağınızın garantisini verebilirim kırıntı tepsisi bile var sorunsuz çalışıyor ilk kez çalıştırırken önce boşta 1 kez çalıştırın zira etrafa duman yayıyor ilk kez çalıştığı için,sonrasında bu durum yaşanmıyor	1
çok araştırdım ve bunda karar verdim ve pişman değişim herkes on numara diyo ve bende on numara diyorum hepsiburdada artık ne lazım burdan alıyorum hiç sorun yok teşekkürler hepsiburada	1
yeni öğrenmek için bu gitarla başlayabilirsiniz. fazla kaliteli bişey değil ama başlangıç için işinizi görür..	0
düşündüğüm kadar güzül değil beğenmediğim yönleri varrrrrrrr daha iyi olabilir diiiiiiiii	0
sarjı cok iyi gidiyo kasma falan yok gayet güzel ilk defa ios kullanıyorum	1
fiyatının çok üzerinde bir tasarıma sahip bir cihaz.donanım olarakta birçok pahalı cihazdan daha iyi henüz tam anlamıyla inceleyemedim ama bir telefondan beklenen herşey mevcut..şiddetle tavsiye ederim..fiyat performans olarak değerlendirildiğinde bırakın eşdeğerini yanına yaklaşan bile bulamazsınız...	1
hepsiburada.com un kurulum hizmetini satin aldik. ustalar geldi. ytong duvara bu dolaplar tutmaz dedi. kurmadilar. kurulum parasini iade ediniz.	0
6 yaşında yeğenime aldım. gerçekten esnek yapısı sayesinde dayanıklı bir ürün. bir süre sonra kullanmaya alışıyorsunuz. gayet başarılı ve fiyat uygun	0
malzeme kalitesi iyi	0
maalesef 6 ay olmadan darmadağın oldu bir yana doğru kaydı arka kısma doğru esned ve oturulamayacak duruma geldi.asla tavsiye etmem. süngeride çok kötü değmez	0
okusanız da okumasanız da bir şey kaybetmezsiniz. akıcı ama okuyucuya hiç bir şey katmaz. bir de fazla müstehcen anlatım var.	0
beklentilerin altında cıktı	0
cok zayıf koku hiç beğenilmedi	0
hepsi buradaya teşekür ederim benim ikamet ettiğim ilçe küçük bir ilçe kullanmak istediğin ve gerekli olan bir ürünü ilçemizde bulunan bakkallarda kısmen bulunur ama hepsi burada bu tür hizmetlerinden dolayı teşekür ederim.	1
ürünü sipariş verdikten bir ay sonra elime ulaştı.tedarikçi firma ile ilgili bir sorun vardı.ürünü çok geç gönderdiler.ürün bugün elime ulaştı.aynanın herhangi bir sorunu yok ama kenarları kalın kartonumsu bir ürünle kaplanmış.ben begenmedim.duvara askı aparatı bulunmakta bilginiz olsun.bu fiyata bu kalite kullanılabilir ürün.alıcısına hayırlı olsun diyor.ama hepsiburadaya teşekkür ediyorum.sürekli alişveriş yaptığım bir site	0
autokit çizik alıcı pasta cila ekonomik kutusuna dışarıdan bakınca içinde çokmuş gibi görünüyor ama kutuyu açınca süpriz yaşıyorsunuz kutunun sadece yarısı doluydu. taze yoğurt kıvamında bişey inş arabanın her yerine yeter ve iş görür	0
küçük ama gücü iyi bu fiyat bu kalite güzel	1
son derece başarısız bir ürün, inanın hiç bir işe yaramadı	0
biri ofiste biri evde..	1
iyiii	1
kpakta sorun çıktı, servis hemen değiştirdi, üst sepette yükseklik ayarı yok, o yüzden yüksek bardaklar sığmıyor, görebildiğim tek olumsuz taraf bu.	0
ürün güzel.su falan kaçırmıyor .gömlek pantolan hepsini çok güzel ütülüyor harika düm düz oluyor.tavsiye ederim.ben bir sorun yaşamadım.fiyatta bu ürüne göre beleş gibi	1
üründen hic memnun kalmadım buhar gücü hic yok zaten buhar bile cıkmıyor ürünü iade etmek istiyorum	0
ısıtıcı plakalar çıkartılamıyor dolayısıyla yıkanamıyor. ürünü iade ediyorum.	0
makinami hbdan aldim, teslimat ve servis cok sorunsuz gerceklesti.	0
piyasayı araştırdım.bu fiyatta bulamadım.herkese tavsiye ederim.hepsi burada ya çok teşekkür ederim.bütün bayanlara tavsiye ederim.4 programlı bulaşık makinasını bu fiyata bulamazsınız.	1
memnunum. biraz hareket etmek gerekiyor. yoksa terleme fazla olmuyor. ne olsa yerli malı hoş bir urun.	1
ürün çok kaliteli bir görünüme sahip değil ama iş görür gibi geldi bana.daha kullanamadım çünkü resimde byaz göründüğü halde siyah geldi ve iki çeşit plakası olduğu yazdığı halde sadece ızgara plakalı geldi. üçgen plaka yoktu.	0
resimdeki gibi büyük değil ayakları olsaydı daha iyi olurdu. açıklamadaki gibi 1. sınıf malzemeye benzemiyor.kurulumu yaptım bakalım kullandıkça görecez.	0
ürünü yeni teslim aldım 3 kişi beraber 3 saat içerisinde kurduk gayet şık ve kullanışlı tek olumsuz yanı çekmecelerin arkasında ve yukseklıklte fazlasıyla yer olmasına rağmen küçük tutulmuş. çekmeceleri dar bilginiz olsun onun dışında bence fiyatına göre oldukça başarılı.	1
ilk kullanımda bozulan blender yetkili servis kullanıcı hatası dedi. i̇lk kullanımda bozulacak kadar basit ve kötü bir ürün yapıyorsunuz ve bu kullanıcı hatası oluyor	0
ürün sağlam gözüküyor ancak benim gibi düşünüpte bedenine aldananlar yanılır..ben m istedim ama ürün elime geçtikten sonra xl daha uygun olur diye düşündüm..alırken 1 ya da 2 numara büyük alın	0
bu ürünü alalı yaklaşık 2 ay oldu gayet sessiz ve sorunsuz yıkıyor teslimatta sorun olmadı 2 gün içinde geldi serviside aynı gün geldi ücretsiz bağladı düşünenlere tavsiye ederim	1
yatarken ve kalkarkenki havası arasında epey fark oluyor, zaten rahatsız olan yatak daha da rahatsız hale geliyor.	0
bir yasinda goldenim var ama malesef agzina sokmuyor...koklayip geri cekiliyor...ilkkez bir mama ya boyle yapti.	0
ütü çok güzel. tasarımı başarılı. uç tarafı ince geliyor ve ince yerlere kenarları buruşturmadan girip ütülemenizi kolaylaştırıyor. baya uzun bir ütü seansı yaptım ilk aldığımda. i̇lk 10 gömlekte hiç sorun yoktu fakat bir süre sonra minik minik su damlatmaya başladı gömleklerin üzerine. henüz kullanma klavuzunu okumadım belki ondan dolayı yanlış bir ayar ya da eksik bir ayar yapmışımdır. çünkü ilk 10 gömlekten sonra mola verdim ve ütüyü kapadım, sonra tekrar açtım. yine aynı ayarı yaptım fakat damlatmaya başlayınca ütüden değildir diye düşünmek istiyorum. ütü çok hafif çok rahat ütüleniyor. su damlama konusunu düşünmezseniz gayet başarılı bir ütü. buharıda otomatik açıkta bırakırsanız çabuk bitiyor. 2 gömlekte hemen su doldurmanız gerekiyor. bunu da belirtmeden geçemeyeceğim. bu ütü ile ütü yapmak çok zevkliydi yine de. uzun zamandır bu kadar keyifle ütü yapmamıştım.	1
fiyatı ürüne göre uygun ama  az daha verip biraz daha iyisini alamazmıydım hissi yaşatıyor	0
para israfından başka bişey değil bildiğin çöp.hiçbir işe yaramiyor.sadece etrafı ıslatıyosun.	0
telefon fiyatının karşılığını veriyor şarj suresi çok iyi menü geçişler hızlı ancak kamera kotu bataryadan dolayı çok ağır kutunun içinde kılıf ile beraber geliyor bence bu fiyata alınabilecek iyi bir telefon	1
arkadaşlar ürünün içeriği yenilenmiş. artık morarma yapmıyor yani demir tozlarını temizleyemiyor. kokusu da eskisine göre değişmiş. sonax bunu hangi kafayla yaptı bilmiyorum ama artık bu ürüne elimi sürmem.	0
arkadaslar urun cok kaliteli uzun omurlu rahat birsekilde kullanirsiniz. verdiginiz paraya deger bence	1
sehpanın iskeleti sağlam bir yapıda ancak minderler gerçekten çok kötü	0
aynı gün kargoda denilmesine, ve sabah erken saatte sipariş vermeme rağmen ertesi gün kargoya verildi. (istanbul içi) araya haftasonu da girince 4 günde ancak elime ulaşabildi. 1 kere denedim, güzel alıyor tüyleri. kızarıklık yapıyor ve ilk kez deniyorsanız uzun süre kızarıklık kalabiliyor. sanırım bir iki güne tamamen geçer. acıyor tabi ki, ama dayanılmaz bişey değil. temizleme fırçasını da 1 kere kullandım, çok bi numarasını göremedim. onu biraz daha kullanmak gerekebilir etkisini görmek için. genel olarak ilk izlenim başarılı.	1
bu ürünü (32ha5000) sipariş verdim. 32hb5000 geldi ama iyi mi oldu kötü mü bilemedim. ürün 24 saatte geldi, kuruluma para istiyorlar ama ben kendim kurdum gayet kolay. tavsiye ederim.	1
merhaba arkadaşlar. sözkonusu braun saç düzleştirici çok süper bir ürün herkese tavsiye ederim. öncelikle çok kaliteli sizin yarı yolda bırakmaz diyebilirim	1
+ ses yok gibi	1
- fiyatı ilk çıktığında biraz yüksekti şimdiki fiyatı çok daha makul.	1
gayet başarılı ürün. 6 adet olması ve ebatları araç temızlıgı yapmak ıcın uygun. çokta hızlı geldi teşekkürler.	1
i̇lk bakışta gereğinden fazla kalın ve kaba olduğunu düşünmüştük fakat uyguladıktan sonra gayet memnun kaldık. bebek olsam, bu malzeme ile korunan köşelere keyif için kafamı vurup vurup dururdum.	1
fiyat iyi ama bezler parfümlü ve pek de hoş kokmuyor. hoş koksa bile bebeklerde kokulu ürün kullanmak doğru değil. i̇landa ve buna ilişkin bir uyarı da yok.	0
duvar delmenize gerek yok ve yeterli ölçüde banyonuzu derleyip topluyor-duşakabinin içinde olduğu kadar dışarda da havlu askısı olarak kullanma imkanınız var-tavsiye ederim pratik ve çok kullanışlı bir ürün	1
maalesef bu ürünü seçerek hata yapmışım. çok uzun sürelerde ısınıyor ve ürün babyliss ürünlerine göre daha ağır. braun ile şekil verdiğim saçlarımdan ise memnun kalmadım. geç ısınıyor ve istediğim sonucu vermiyorum. bu ürünü tavsiye etmiyorum onun yerinen babyliss alın.	0
çekmeceler görüntü amaçlı diyebiliriz, içine sadece 2 çorap ve 1 mendil alır. rayları çok kötü ve sert.	0
uygulamasi zor oldugu gibi, telefonun uzerindr muşamba gibi duruyor parmaginizi kaydirirken filme takiliyor berbat bir urun	0
2 halkali olmasi da di̇kkat edi̇lmesi̇ gereken hususlardan 4 halkalilar kullanişli oluyor..	1
ürün orjinal ve fiyatı da uygun. hepsiburada ya hızlı gönderim için teşekkür.	1
1 yıldız bile çok fazla ürün  kalitesi çok kötü yazılan yazılar silinmiyor	0
"parfüm konusu renk-zevk meselesi bence...bana hoş gelen bir koku başkası için itici olabilir. bu parfüm bence tatmin edici değil. traş kolonyasından biraz hallice...bu arada ""hepsiburada""nın sipariş sürecindeki tatmin edici hızını/müşteri tatminini belirtmek lazım..."	0
fiyatıda göz önünde bulundurulunca kesinlikle alınabilecek bir ürün	1
avent güzel	0
hayal kirikliği	0
silikon kılıf fena değil ama cam çok kötü	0
parfümün kokusu 5 üzerinden  3 , kalıcılığı  5 üzerinden  1 .	0
arkadaslar yorum yaparken milleti neden yanlıs yönlendiriyorsunuz. arabam uctu kactı canavar oldu filan... yağ değişimden sonra her araba rahatlar sesi azalır. ben de yorumlara bakarak aldım kullandım bundan önce ki yağ değişimlerimden bi farkı yok. henüz 500 km filan oldu belki 2000 - 3000 km den sonra farkedilir ama beklentilerinizi abartmayın derim ben.	0
ürünün kurulumunda bir parçası hatalı geldi.tutma kollarından biri oksitlenmiş gibiydi.yine parçanın birinde sunta kaplaması soyulmuştu.ama sırf paketleyip geri göndermekle uğraşmak istemediğim için öylece kurdum bi de banyo dolabı diye aldık ama suntalar çok kalitesiz hemen kabaracak gibi duruyor.parası uygun diye almayın derim.hepsiburadaya yakışmayan bir ürün:((	0
gerçekten çok kullanışlı bir çay makinesi. devamlı çay içmek isteyen çay tiryakileri için hemen demlenip, saatlerce hazır konumda bekleyen ideal bir çay makinesi. çay zevkiniz varsa mutlaka alın derim.	1
sadece kendini aydinlatiyor ve cok kucuk	0
05/08/2009 tarihinde teslim aldığım ürünle çalışmaya başladım bir beden küçük oldu ama yinede ellerime tam oturdu ağırlık çalışırken olsun el ve bilek hareketlerinde daha rahat ve sert hareket etme havası veriyor... delta gurubu gerçektende mükemmel spor ürünleri yapmış...	1
ısınması problem değil derseniz iyi,pil performansı çok iyi değil,normalde akşama şarja koyma ihtiyacı hissedersiniz,yani ilk günler akşama bitti , diğer günler baya gece 23 e kadar kullandım,hızlı  şarj 15 dakikada %20  oluyor.. ısınması ciddi bana problem ...fiyat performans iyi	0
ürünü ders verirken ve sunum yaparken kullandım. i̇lk zamanlarda, gücü oldukçe iyi olmasına rağmen çok fazla pil tükettiği için pratik değildi. özellikle 4-5 aylık kullanım sonunda, yeni taktığım piller bile 2 saatlik ders sonunda bitmeye başladı. bir süre sonra da yeni pil takmama rağmen birkaç dakika içinde çalışmamaya başladı. uzun süreli kullanımlar için tavsiye etmiyorum.	0
çok memnunuz, her çeşit ekmeği hızlı ve kolayca yapıyorum.	1
bir haftalik kullanimda üzerindeki siyah kisim yan tarafindan cikti su burdan gelmeye basladi.yapistiricila yapistirmak zorunda kaldim.	0
sesi 89 db. çok çok yüksek. 85 db'in üstü insan kulağı için zararlıdır.	0
2.günde badmınton topunun saçakları dağılmaya, kopmaya başladı. ucuzluğuna aldanı aldım. biraz daha fazla verip iyi olanlarından almak daha makbule geçecektir.	0
kullanırken siyah yerleri yerinden oynuyor pek tavsiye etmiyorum..	0
ürün elimize iki gün içinde ulaştı, yaklaşık 4 parmak kadar eni var, biraz daha kalın hayal etmiştik, 1 karış kadar olsa fena olmazdı :) ama bunları başlangıç evresinde kullanmak faydalı olacaktır, teşekkürler :)	1
parfümü biraz önce aldım ve kokusnu hiç bilmiyorum yorumlara bakarak aldım:)) umarım memnun kalırmm heyecanla bekliyorum..biran once elime geçmesini bekliyorum..	1
bildiğimiz hardalda farklı,  alışması zor	0
ürün gerçekten çok hoşuma gitti. beklediğimden daha iyi diyebilrim. kutusu diğer yorumlarda belirtildiği gibi çok güzel. aracınıza uygulamak için 3-4 saat ayırmanız gerekiyor. biraz uğraşmak gerek ama sonuç harika oldu. dikme işlemine başlamadan önce yanınıza yedek iğne mutlaka alın çünkü kırılıyor. birde karga burun vs. bulundurun bisüre sonra iğne tutmaktan eliniz acıdığında yardımcı alet olarak kullanın derim. ben iki iğne aynı anda kullanarak çapraz diktim. orjinal dikiş gibi hoş oldu tavsiye ederim. sonuç olarak arabamla ilgilenmeyi seviyorum, sabırlıyım, uğraşırım diyorsanız kaçırmayın.	1
ürün ne kadar etkili daha pek anlaşılmadı ancak bizim karıncalar pek takmıyor gibi... sinek veya fareler için bekleyip görmekte fayda var...	0
kokusuz olduğu içindir diye düşünüyorum ama çok pis kokuyor ve beğenmedim tavsiye etmiyorum	0
konuşurken internet kesintisi oluyor,	0
ürün fena değil,beklediğim kalitede değil...	0
ürün %100 orjinal.bosch firmasından da gerekli teyitleri alarak siparişimi verdim.hem üründen,hem de hepsiburada.com dan pişman olmayacağımı biliyordum.	1
tek kelime ile efsane. fiyat performans çılgını . şu kadar ay içinde bilmem kaç kere şarj soketi bozuldu yazanlara hayret ediyorum . şarja takıp oyun oynamaya kalkarsan , o kablo yan durup kırılırsa olacağı o. 1.5 yıldır kullanıyorum. hiçbir yerinde hiçbir sorun oluşmadı. çünkü insan gibi kullanıyorum . android 4.4.2 ye yükseltmeden jelly bean ile kullanırsanız telefon yağ gibi akıyor .	1
- basınçla diş ve dişeti arasındaki zor ulaşılan yerleri temizlemesi gerekiyor ancak bunun için ciddi bir güç gerekiyor. bu basınç gelmediğinden inanın ağızınızı çalkalasanız çok daha iyi temizlersiniz.	0
asiri kucuk ve basit parlamiyor bile bunun yerine baska birsey alin paraniza yazik kutusu daha guzel	0
süper makine alman teknolojisi hakkını veriyor hepsiburda ve firmaya teşekkürler.	1
urununuz cok iyi guzel ama yalniz cok kucuk ve bebegimi sadece 1 kere kullanabildim olmuyor cope gider acikcasi alacak kisilere soyluyorum benim gibi uzun vadeli kullanmak icin aliyorsaniz farkli urunlere bakin derim ??	0
ilk başta güzel geliyor ancak sonlara doğru sıradan bir film izlermiş gibi hissediyorsunuz abartıldığı kadar güzel bir kitap değil baş melekler falan bilmiyorum belki bana böyle gelmiştir hayal kırıklığın uğramadım diyememm	0
bu cihaz nasıl calışıyor tam olarak bilgisi olan varmı yaptm ışığı yandığı halde titreşim yok en yüksek seviyede bile	0
elektri̇kli̇ di̇ş fiçasini üç aydir kullaniyorum.di̇şleri̇mde hassasi̇yet var. denemek amaciyla bu ti̇p firçayla başladim. sonuç başarili, hi̇çbi̇r sorun yaşamadim. bu firçayla devam etmeye karar verdi̇m.	1
malzeme kalitesi ve dizaynı çok güzel. piyasadaki en ince çerçeveli monitörlerden biri. şu ana kadar gördüğüm en iyi standa sahip. yükseklik ve açı ayarı yapmak inanılmaz derecede kolay. i̇sterseniz ürünü dikey olarak bile kullanabiliyorsunuz.	1
kalitesine birşey diyemem ama çok küçük bir ürün resimde görünen ansiklopedi lere kanmayın  gercek boyu ansiklopedi boyutunda ;) tezgaha vidaladim raf olarak kullaniyorum	0
tv yi̇ alali 4 ay kadar oldu ürün vasat çök ktü kali̇te yok duvar aski aparati vasat kanaldan kanala geçi̇şi̇ çok yavaş bu tv yi̇ alana kadar eski̇ tüplü tv daha i̇yi̇	0
disarda iki kati fiyati neredeyse ozenle kutulanmis tertemiz geldi kisa surede hepsiburada farki ilgili bilgili isin ehli insanlar sagolun varolun	1
fena deyil	0
i̇yi ve güzel kullanışlı bir ürün kargo cüssesine göre büyük bir kutuya ambalajlamış kırılmasın ve kırışmasın diye sanırım kırtasiyeden kendim alsam bu kadar muhafaza edemezdim gayet iyi bir ürün.	1
2- ürün özelliklerinde herşey doğru  +	0
çok kullanışlı tavsiye edilebilir ürün	1
bu gün ihtiyacım oldu. bir tane daha almayı planlıyorum. ev/ofis kullanımı için ideal.	1
iyi. fiyata göre çok iyi.	1
alarm sesi kesinlikle çok zayıf. ayrıca bana gelen üründe pil kapağı yoktu.	0
prati̇k, balkona çikarip kullanabi̇lme avantajindan dolayi aldim, çok kali̇teli̇ bi̇r malzemesi̇ yok ama i̇ş görüyor, alacak arkadaşlar bu konulari değerlendi̇rsi̇nler ona göre karar versi̇nler deri̇m	0
"kalitesiz, sağlıksız ve çok ince plastikten yapılmış. diğer bir yorumlarda gördüğüm gibi ben de ""beğenenlere şaşıyorum"""	0
ürün şık duruyor fakat malzeme kalitesi tatmin etmeyebilir fiyat kalite olarak düşünürsek alınabilir	0
ürün parçaları çok büyük odanın her yerini kapladı	0
fabrikasyon olduğu için kusursuz bir ürün, aynısını ustaya yaptırsan 2 katı fiyata yapmaz, kargo sorunsuz hasarsız geldi eve çıkarmıyor tabi ancak öyle mobilya bilgisi olmayan birinin kurması imkansız, raflar sağlam, ürün hafif, her ayrıntıyı düşünmüşler, alan pişman olmaz yapanları tebrik ediyorum.	1
ürünü aldım çok memnun kaldım çok akıcı başladığınız zaman durmak istemiyorsunuz yazar dili çok sade kullanmış	1
iş yerinde kullanmak içinde gayet uygun çok fazla sesi yok...	1
ürünü hepsiburada com kalitesine güvenerek aldım henüz ulaşmadı ama çok hoş görünüyor.fiyatı piyasanın çok çok altında.ürün elime ulaştığında tekrar yorum yapıcağım	1
hepsiburda ya sonzuz tşkler.ulaşım servis hepsi harika yanlız tek sorun kanal geçişleri biraz uzun gerisi harika	1
verdiğim para çöpe gitsin diyenler varsa alsın.	0
symbian öleli uzun zaman oldu, blackberry os operatörünüzden bis, bes servislerini ekstra ücret ödeyerek açtırmazsanız hiç bir işe yaramaz, iphone ios blackberryden de beter her uygulama apple markette parayla satın alınıyor. androidi bir kez daha inceleyin. bu telefonu almaya karar vermeden önce 3 ay boyunca pdaları her yönden incelemiştim, sonunda samsung ve androide karar vermiştim. hata yapmadığımı her kullandığımda hatırlıyorum.	1
hiç beğenmedim görüntü kalitesi scartla sıfır tabiki bu beğenen kullanıcılar hdm izliyorsa bilemem bana göre degmez	0
dizayni on numara.saclarim kivircik oldugu halde kisa zamanda duzlestirebiliyorum ve kalici bi duzluk saglior.bu fiyata bulabileceginiz en iyi urun.normalde yorum yapan biri degilimdir ama almak isteyip kafasi karisik olanlar icin yapiyorum bence kacirmayin	1
deri üzerinde ki dikişlerin ipi kıl gibi dikilmiyor 4 tane aldım geri göndermek için uğraşmamak içintekrar terzide dikiş yaptırdım hiç boşuna almayın astarı yüzünden pahalıya geliyor	0
fan pin girisi az	0
otomobilimin motor yağını değiştirmek üzere özel servise gittim. motor ustası değiştirmek üzere uzattığım motor yağını görünce iyi bir tercih yaptığımı söyledi. piyasada satılan en iyi motor yağı mobil olduğunu söyledi.. bende iyi bir tercih yaptığım içzn mutlu oldum. uygun bir fiyatla aldığım bu motor yağını bundan böyle hep tercih edeceğim	1
herkese hayırlı akşamlar.bende ilk defa hepsi burada dan lg3 cihaz aldım.cok menmunun.tavsiye ederim.	1
kilit yuva delikleri açılmamış	0
henüz malzeme kalitesini görmedim fakat içine çok az koyulmuş böyle birşey olamaz resmen içine koysakmı koymasakmı diye düsünmüşler tam bir hayal kırıklığı kesinlikle tavsiye etmiyorum	0
3 yıl önce aldığımız yine tefal markalı buhar kazanlı ütümüz, sözde daha az buhar veriyordu, ama yok öyle birşey, üstelik malzeme kalitesi epey düşmüş, bir plastik kokusu var.	0
gayet güzel ve net ses veriyor. bu fiyata alınır.	1
bence hiç fiyatı hak etmiyor , yamuk bir duruşu var , elini sokunca süngere değiyorsun , vidalar tam uymuyor ... pişmanım aldığıma	0
fiyatından daha kaliteli açıkçası. futbol oynamak için çok ideal, hava alıyor, hafif, koşarken hissetmiyorsunuz engel olmuyor. çok memnun kaldım. 184 boyum, 72 kiloyum, l beden ideal.	1
çok kalıcı oldugu soylenmesi biraz yanıltıcı.koku çok cool ancak cok kalıcı değil, zaten parfümde aşırı kalıcılık ona zarar verir.sadece kalıcı parfüm arıyorsanız aradığınız bu değil...	0
zili duvara vidalamaya calistim alet elimde kaldi:) zilin vida yerleri var ama vidalar aletle gonderilmemis. neyse yapistirici yeterince tutmaz diye duvara vidalamaya karar verdim ama vidanin basi entegre devreyi kisa devre etti ve alet calismamaya basladi. aleti aldiysaniz vidalamaya calismayin yapistirin yeter. yapistirici kuvvetli gibi gozukuyor. ama yapistiktan sonra zili ceksen dis kapak disinda herseyi alip goturebilirsin. kutu saglam kapanmiyor. dis mekanlar icin uygun bir cihaz degil. calan kisim icin de ekstra iki pile ihtiyac var. genel olarak kalitesi bekledigimden dusuk cikti.	0
lastik dört mevsim değil 3 mevsim olarak iyi bir lastik karlı ve buzlu yolda kayıyor kışlık lastikde zikzak şekilde desen olması lazım yani vakum buda yerde karı alıp geri veriyor 4 mevsim diye almayın tavsiye etmem	0
çok güzel beklediğim gibi geldi ve hızlı kargo teşekkürler	1
arkadaşlar tavsiye ederim. ben aldım ürünü kurdum ve çok kullanışlı. fiyatı da emin olun diğer alacağınız ürünlerden çok daha iyi. çok amaçlı bir ürün alıp sadece bir iki hareket yapacağınıza, boş yere o kadar ürüne para vermeyin. bu ürünü alın pişman olmazsınız. az olsun öz olsun	1
kötü yönleri	0
ürünün yorumlarına bakarak almaya karar verdim. ancak yorumlarda bahsedildiği gibi değil. sabah kaynamış çorba koydum öğlene kadar buz gibi olmuş. kesinlikle termos işlevini görmüyor.	0
küçük kızım için almış olduğum paten muhteşem bir hediye oldu.pateni kullanmaya başlayan kızım çok mutlu.ürünün kalitesi , sağlamlığı görünümü harika.. teşekkürler hepsiburada ekibi.	1
bu fiyata bu kalıcılık ...bu fiyat bu koku ...harika :)	1
kullanımı kolay ancak içine koydukları sapla ana gövdeyi birleştiren vida veya perçinn benzeri şey 6-7 sonra oksitlenip paslı bir görünüm alıyor	0
sorunsuz ulaştı. tavsiye eder im	1
bence pahalı ürünlere gerek yok..gayet şık ve hoş görüntüsü var.biraz ses yapıyor ama her dakika çalışacak değil ya.....	1
urun gayet güzel android telefon kullanamayanlar için birebir faturası garanti belgesi kulaklığı ve şarj cihazı ile eksiksiz teslim edildi çok hafif ve kamerası bu tur telefonlara göre gayet iyi tuş takımı adi bi tuş takımı değil ses iletimi de süper bence gayet güzel bir ürün kargoda da sıkıntı yaşamadık sadece ilk açıldığında ayarlar kiindan şebeke ayarı yapılması gerekiyor daha sonra kullanıma hazır hale geliyor tavsiye olunur	1
oldukça pratik ve rahat kullanımı var. resimde göründüğü kadar büyük olmaması bir artı, tavsiye ederim. hızlı kargo için teşekkürler hepsiburada...	1
telefon harika. i̇thalatçı garantili olması bi sorun değil. bana gelen telefonda şarj cihazı türkiye ye uygun çıktı. bu fiyata alınabilecek en iyi telefon kesinlikle.	1
sanki kahve içmeye gitmişizde hesabı bana ödetmişler gibi bir his oluştu üzerimde şaka gibi bu fiyata tv ünitesi sahibi olduk :) üretici firmaya teşekkürler	1
beklentiniz büyükse saat size göre olmayabilir. basit bir casio fiyata göre idare eder.	0
koltuk olsunda nasıl olursa olsun diye aldım.bulunduğum şehirde bu koltuğu alabileceğim bir iş yeri yok.benim önerim denemediğiniz koltuğu almayın.ayakları plastik zaten görünüyor .oturunca rahatlık hissi yerine rahatsızlık hissi veriyor. :)	0
koku gayet uygun bir fiyata geldi bana hepsi buradanın kampanyaları sayesinde.yanlız cok ağır ve keskin bir koku yazın pek kullanılmaz belki kışın.	0
gayet kullanışlı bir kulaklık,almak isteyenler hepsiburada.com güvencesiyle tereddüt etmeden alabilirler.ek olarak şarjı uzun süre gidiyor ve kulaklık ucu için 3 adet plastik vermişler.	1
samsung ace işimi görüyor ben telefonda en çok profesyonel bir kulaklığım var onunla müzik dinlerim sesi müthiş kaliteli facebook internet için harika birazda oyun kalitesi var tabiki 15 milyon renk bukadar ucuza başka yerde yok	1
uzun zamandır takip ettiğim bir cihaz idi. hem hızlı gönderi olması hemde kargonun ücretsiz olması benim adıma iyi denk geldi ve hepsiburada sayesinde bu cihazı edinmiş oldum. hızlı gönderi ile sipariş üzerinden 1 gün geçmeden cihaz elime ulaştı. düşünen herkese tavsiye ederim.	1
ürünü dün buradan sipariş ettim ertesi gün teslim aldımi kapalı açılmamış ambalajlı olarak. daha önce yorumları okumuştum. gerçekten muhteşem üstü bir telefon fiyatı da diger saticilara göre korkunç hesaplı. tükenmeden alın herkese tavsiye ederim. alanlar iyi günlerde kullansın.teşekkürler	1
ürün boyut olarak oldukça küçük, sabit kullanım dışında kaybolmaya oldukça müsait, veri aktarım hızı standart, markayı göz önünde tutarak f/p oranı oldukça iyi.	1
5 kedim var ama bir tanesi bile sevmedi :( koli bandından top yapıyorum ona bayılıyorlar genede ne iş anlamadım walla neyse ;)	0
taşiyor	0
1 çok sıcak tutuyor	0
gayet kalıtelı ve uyumlu. tavsıye ederım	1
üründen 2 tane sipariş vermiştim.elde bol duruyor.dikişler parmak aralarını acıtıyor.diğer ürünler daha kullanışlı olabilir.	0
süpürgeyi yaklaşık 1 yıl önce aldım.  az yer kaplaması büyük avantaj. torbasız oluşu başta avantajmış gibi geldiyse de her hafta toz haznesini boşaltıp temizlemek çok bunaltıcı. ilk zamanlar emiş gücü çok yüksekti. şimdi süpürgenin ucunu takınca iyi çekmiyor. ucu tıkalı mı diye çok baktık ama kesinlikle herhangi bir tıkanıklık yok. filtresini temizliyoruz ama çekiş gücü eskiye oranla inanılmaz azaldı.  bu nedenle tavsiye etmiyorum.	0
yorumlara bakarak aldım. ama kuruturmuş gibi yapan fön makinelerinden çıktığı için pişman oldum. farklı bir ürün deneyeğim üstelik bu çok ağır.	0
bu lastiklerden alalı 2 ay kadar oldu ve inanılmaz fark etti.her virajda biraz daha gazlamak istiyor insan. esp çok çok abartmadıkça devreye girmiyor.i̇nternetten yaptığım araştırmada bir çok oto test firması tarafından en iyi lastik seçilmiş.güvenle aracınıza takabileceğiniz bir lastik.	1
kurulumu basit, kargolamasi tedarik surecinden daha çabuk geliyor...	1
lg icin aldim ve cok guzel hizli video cekmek icin ideal.	1
bugun elime ulasti taktim hemen super tutuyor takla atsaniz bile dusmez elimde denedim:) tesekkurler	1
biz begendik gayet kullanisli kaliteli uygun bi urun mama sandalyesinede cuk oturuyo tavsiye ediyorum	1
ürünü 20 ocak 2016'da almışım ve geçen ay bozuldu. uzun süreli kullanımlarda dayanıklı değil. sık sık seyahat ediyor ve telefonunuzu tutucuya yerleştiriyorsanız, belli bir sonra yan taraftaki boşaltma tuşu arıza veriyor. daha sonra içindeki lastik ya da yay her neyse, oradan arıza veriyor. sonuç, kolun sol tarafı tamamen kapalı vaziyette, sağ tarafı da kısmen açık. pozisyonu değişmiyor artık. vantuz kalitesi ise harika. bu fiyata bu kadar mükemmel yapışan vantuz bile övgüyü hakediyor. ama maalesef asli görevini yapamıyor.	0
ne yazık ki beklediğim performansı göstermedi. çok fazla tüy toplamadı, normal bir tarak kadar ancak topladı. daha önce başka bir markayı veterinerde denemiştik o çok güzeldi. yapısal olarak benziyor ama üzerindeki bıçaklar şansımıza kör çıktı galiba. plastik aksam iyi, büyüklük normal bir kedi için ideal ancak en önemli bıçak kısmı kötü sonuç beğenmedim. demek ki bu paraya üstelik çin malı bu kadar oluyormuş.	0
fiyatını haketmeyecek kadar ince ve kısa bu markaya yakışmayan bir ürün.	0
beklediğimden daha şık ve kullanışlı bir dolap. sadece ayakkabılık değil birçok amaç için kullanılabilir. sadece ayaklarını beğenmedim, 4 adet sunta parçadan ayak yapılmış.	1
1990lardaki hayat sularinin kokusu gibi plastik kokusu var. shaker olarak sutlu protein shake yapinca koku gelmiyor ama, kutusunda ciktigi zamanki kokusu unutulmuyor tabi. ici plastik olmayan cam matara alinmasini tavsiye ederim.	0
çok beğenerek kullandığım bir üründü.fiyatı da eczanelere göre çok uygun.ürünün yanında gelen ufak hediyeler de beni çok mutlu etti.teşekkür ederim :)	1
öncelikle ürün beklentilerinizi fazlasıyla karşılıyor sadece aracımın camı için kullandım bu ürünü sıfır leke sıfır iz iki adet daha sipariş verdim kesinlikle tavsiye ederim	1
telefonu yaklasik 1 yildir kullaniyorum simdiye kadar hicbir sikinti yasamadim. oncellikle telefon cok sik dizayni cok super. arka tarafinin cam olmasi size ayri bir hava katiyor ama kotu tarafi cok fazla parmak izi oluyor. surekli ustunuze surerek parlatmak zorunda kaliyorsunuz. ayrica acayip kaygan elinizden dusurmemek icin cok dikkat etmelisiniz. ben arkasina seffaf silikon  kilif aldim ne parmak izi nede kayganlik var. bence bu telin en buyuk ozelligi kamerasi. hem aydinlikta hemde karanlikta super foto ve video cekiyor kamerasina kimse bisey diyemez. islemci ram olarakta cok iyi. cok zorlayici oyun oynarsaniz ancak biraz isiniyor. sarji ne cok iyi nede cok kotu. soyle soylim sabah 8 de sarjdan aliyorum internet surekli acik hic kapatmam 6 7 ye kadar yetiyor. bence fiyatina gore su an alinabilecek en iyi telefon	1
ürün orijinal ürün gibi kaliteli ama telefonu hızlı şarj etmiyor. note 5  ve s6 gibi hızlı şarj destekleyen cihazlarda denedik normal şarj cihazından farklı yapmıyor.	0
24 saat olmadan elimize ulaştı. beklentimin çok üzerinde.alacaklara tavsiye ederim. fiyatı da internetteki en uygun fiyat. büyük oğluma daha yüksek fiyata marketten aldık onunla karşılaştırdığımda çok çok iyi.	1
bu fiyata inanılmaz güzel kızım çok rahat etti . yatma pozisyonu da yeterli bence kızım çok rahat uyudu.	1
başka bir şey yazmaya gerek yok...	1
sakallarım homojen değil. bir kısmı sert iken arada beyaz olanlar yumuşak. bu durumda bile başarılı oldu. 3 günlük sakal varken bile iyi sonuç verdi. memnun kaldım.	1
*** ancak dün şu başıma geldi. şarjı taktım 3 saatte %49 şarj etti. sonra kapattım şarj ettim 2 saatte %100 oldu. umarım bir daha böyle bir şey olmaz.	1
alırken özelliklerinde göremedim fiber i̇nterneti destekleyip desteklemedigini aldım bende ama fiber i̇nterneti desteklemiyor alacak arkadaşlar ona göre alsın	0
erkekte koku budur başka parfümlerle oyalanmayınız :)	1
bayadır kullandığım bir ürün uyurken kullanıyorum ya da ders çalışırken çok memnunum	1
sıkıcı edebi yonu cok zayif	0
ürünü nişanlım çeyizi içi aldı. alırken tereddüt ettik fakat göründüğünden çok daha güzel. modern çizgilere sahip ve çok kullanışlı görünüyor. tavsiye ediyoruz.	1
ürünün fotografının makro ölçülerde çekilmiş olduğunu benim gibi gözardı etmeyin.	0
çok teşekkür ederim hepsi burada.com,çok hızlı bir gönderim oldu,internet üzerinden ilk tercihim sizsiniz,herkese tavsiye ediyorum,bir dahaki alış verişte görüşmek üzere hoşçakalın.	1
kurulumu kolaydır. basit arayüzü bulunmakta. vdsl modemler içinde iyi kalite de ve uygun fiyatlı teşekkürler. hızlı kargo. fazlasıyla memnunum.	1
ürün gerçek deri olmamasına rağmen gayet başarılı ve çok şık duruyor. beraberinde ki ip yeterli hatta fazla bile geldi. uygulama konusunda 3 bosluk bırak yapın daha sonra 2. katı geçin 1 aralıklı yaptım ben çok güzel oldu.	1
çok tiz ve dışarıya çok ses veriyor iyi değil	0
2006 model honda civic premium aracıma 4 adet aldım ama yorumlardaki kadar sessiz ve söylendiği kadar yol tutuş performansıda iyi değil. benim arabamda ses yapıyor ve sıcak asfalt dışında heryerde kayıyor.	0
kuru ıslak kullanım ve yıkanabilir başlığıyla mükemmel bir cihaz	1
okadarda yüksek performans beklemeyin ......	0
max 5 mt yükseklik  kadar çekme diyor ama 1 metreden fazla basmıyor onun haricinde çekme gücü iyi	0
ürünün beğendim. ancak aldığımda cızırtı yoktu bu gün makineden ses gelmektedir.başka sorun bulnmamaktadır  kolay ve güzel düzleştirmede ayrıca farklı modellerde yapılabilmektedir. her kese öneririm	1
cok begenerek aldim daha koliden cikarmadan oldugu yerde 2 gun icinde tablasi parcalanmaya basladi kesinlikle kalitesiz. çöpe atacak paraniz varsa sadece ayaklari icin alabilirsiniz!	0
hepsiburada.com a tebrikler...çok hızlı bir şekilde elime ulaştı...özellikle paketleme çok iyi...	1
sipariş verdikten 3 gün sonra elime geçti. montajı gayet kolay. kapıma uyum sağladı dayanıklı güzel bir ürün. ben kullanmaya başladım ve memnunum.	1
yaklaşık 10 yıldan berı alışverişlerimde hepsiburadayı tercih ederım.bu zamana kadar hiç bir üründe herhangi bir sıkıntı yaşamadım.eşime doğum günü için almış olduğum bu telefon da yine hepsiburadayı tercih ettim.appleden zaten bahsetmeme gerek yok.herkese gönül rahatlığıyla tavsiye ediyorum.	0
kesinlikle tavsiye etmiyorum.	0
ürünün gövdesi çok kalitesiz bir malzemeden yapılmış.diğer yandan yazılı olan özelliklerini ihtiva etmektedir.bu makineyi görerek almak isteseydim kesinlikle paramı bu makineyi almazdım.	0
dışı pek kaliteli değil	0
hediye olarak geldi sadece temizleyicisini kullanılır. diğerleri işe yaramaz	0
bu ürünü yaklaşık 2 yıl önce aldık. hala en ufak bir sıkıntı olmadan kullanılıyoruz. kesinlikle tavsiye ederiz.	1
mac filtreleme yok bu üründe..garip....önemli olanda bu..	0
balkon ve pencereleri yıkamak için aldım,maalesef mutfağın şu içinde kaldı.bunların pes.ve de sadece makine musluklarını oluyormuş.çok pişmanım sakin almayin.sadece uzaması ve tabanca kısmı guzel	0
uzun zamandır pek çok marka çay makinesini kullandım ama hiç birinden gerekli performansı elde edemedim. ürünü siparis ederken acaba yine yanlış ürün mü diyordum ama tamamen yanılmışım. muhteşem bir makine. hem su haznesi hem de çay haznesi çok geniş,  çelik olması çayın geç soğumasıni sağlıyor , en önemlisi su damlatmiyor. çayın tadı da harika oluyor.kisacasi şiddetle tavsiye edeceğim bir çay makinesi.ve yine hepsi burada farkı ile. iyiki varsınız,  teşekkürler. ..	1
resimdeki kadar güzel durmuyor. umduğum gibi çıkmadı..	0
resimdeki urun zaten gelmedi hadi dedik ne farkederdaha ilk kullanımda yanı açıldı yumuşak dokunuştan kastı olan arkadaş hintli sanırım resmen igne batar gibi	0
fiyat-kalite-performans üçgeninde düşünürsek, alınacak en ideal araçlardan birisi...buradan aldım ve uzun zamandır kullanıyorum...çok memnunum...	1
ürünü teslim aldım büroda kullanıyoruz gayet memnunum yalnız vestel servisi gelip ambalajdan çıkarmak ve garantiyi başlatmak için servis ücreti istediler bende kendim açtım kullanıyorum.	1
hepsiburadaya teşekkür ederim	1
beş tane aldım. altı ayda ikisi titremeye başladı.	0
12 metrekarelik çok küçük bodrum katında bir odaya koydum. odamda kalan eşyalar iki saat sonra ıslanıyor bir miktar o kadar nemli bir ortam yani. ürünün etkisi olmadığını söyleyemem ama yeterli değil. havadaki nemi emdiği kesin ama ihtiyacımı karşılamadı.	0
urun gerçekten kaliteli. heryerdede bulunmuyor.tesekkurler hb.	1
ürün demonte geldi fakat kurulum şemasi anlaşilir değil..en azindan numaralandirilmis olarak parcalar gelse daha bir anlamli olur ayaklarin nereye takilacagi belli degil..urunun bazi parcalarinin kenarlarinda deformasyon var..alirken biraz daha arastirin derim..	0
vakumu sürekli olduğu yerden çıkıyor düz zemin olmasına rağmen	0
urun incecik bir suntadan yapilmis tv i nasil tasiyacagi şaibeli bekledigimden kalitesiz geldi uzulerek iadesini istedim ben salonum icin daha şık ve ağır duran bir sey dusunmustum kesinlikle beklentimi karşılamadı	0
fiyatına göre fena değil burun kısmırahat değil astarı öne kayıyor.tekerleri iyi	0
daha önceki modeline göre hafif ve ince, cep telefonuna bağlanması çok güzel ama biraz zaman alıyor. ürün kalitesi çok iyi tavsiye ederim.	1
hepsi burada dam güvenli bir alışveriş yaptım herkese cekinmeden rahatca alışveriş yapmalarını belitmek isterim ben almış oldugum üründen ve hepsi burada.com dan vermiş oldukları müşteri memnunıyetınden memnun kaldım memnuniyetlerinden dolayı teşekkürlerimi sunarım.	1
ürünü yorumlara bakarak aldım, sözde mükemmel bir ürün denilmiş.  göğüs bölgesinde ve koltuk altında kullandım ürünü. çok uğraştırıyor, o kadar iyi kesmiyor. bir süre sonre jilete geri dönmek zorunda kaldım diyeyim siz anlayın. cihaz bir köşede atıl duruyor, kullanmıyorum.	0
makina çalışırken evin içinden tren geçiyor gibi oluyor. sakın şansınızı bu marka ürünlerde denemeyin derim.	0
bu ürün özellikle cam  için çok iyi, arkasında iz bırkamıyor,tv ,lcd için de kullanıyorum 10 numara 5  yıldız derim	1
çok fazla kum sesi geliyor her indirip kaldırdığımda kumlar bir aşağı bir yukarı çıkıyor :) yani kötü fiyatına oranla bile kötü bir ürün tavsiye etmiyorum yorumlara kanıp aldım tabi sese aldırmazsanız iş başka artık idare edicez yapacak bişey yok.	0
bu fiyatta boyle guzel ve cok fazla fonksiyonlu drone bulmak zor bence hic dusunmeden alin !!!	1
üfleme gücü gayet iyi güzel şekil veriyor. bayanlar çantanızdada rahatlıkla taşıyabilirsiniz	1
telefonu ilk elime aldığımda içimde bir burukluk oldu, kartımızı taktık açtık menü bi acayip geldi, dokuınmatik çok zayıf biraz sert basmamız gerekiyor, iyi mi kötü bişey diyemem ama keşke başka bir telefon alsaydım demekten de kendimi alamıyorum	0
marka zaten kendini ispatlamış. boya yaparken insanın içi gıcık lanmıyor. ana okuluna giden kızım için almıştım. çok beğendik.çok kaliteli.fiyatı da piyasa fiyatına göre biraz daha uygun.tek bunu alacaksanız değmez ama bişeyler yanında bunu da isteyebilirsiniz.	1
kapaklari oturmuyor yamuk yumuk kali̇tesi̇ sifir kardeşi̇m i̇çi̇n aldik hemen i̇ade edeceği̇m .	0
fiyatına göre harika. gayet kullanışlı ve iş görüyor. 10 üzerinden 8 derim	1
ürünün henüz bir maharetini göremedim.	0
urünün amlajı farklı ve alerji yaptı diğer ürun gibi değil.	0
oldukça kötü bir cihaz eksik özellikleri ile düzgün çalışmayan sözde dijital ekranı ile aldığıma pişman olduğum berbat bişey tarifi yok tavsiye olunmaz kımse yaklaşmasın bencee zaten ürün açıklaması bile yetersiz belliydi böyle çıkıcağı.	0
kurumunu sağlam yaptık fakat ayakta zor.duruyor bir tarafına destekle duruyor	0
prima kalitesine hiç yakışmayan bir bez üretmişsiniz, artık başka markaya geçeceğiz.  çiş devamlı üstüne çıkıyor, her gece üst baş değişiyoruz. çok yazık.	0
12 saatte neredeyse bataryanın yarısını anca dolduruyor. buradaki yorumları okuyarak almıştım . yanılmışım	0
aynı fiyata daha iyi ürünler var. ürün küçük ve altına hemen sızdıracak gibi ben beğenmedim	0
gayet guzel bi urun guzel paketleme tereddut etmeden alabilirsiniz kurulumu kolay  tesekkur ederim	1
uygun fiyat tavsiye ederim	1
ben bu üründen iki adet aldım çok güzel ve hızlı tavsiye ederim	1
fıyata gore fena değil yalnızca pil daha kuvvetli olabılırdı, birde alttakı fonksiyon tuşları ekranın altına konsaydı daha kullanışlı olurdu.	0
basit görünüyor ama takmakta zorlandım. araları da dar geldi, tencerelerim sığmadı. neyse ucuz bir ürün neyse ki...	0
mükemmel, evde ne toz var ne pati izi. kumu değiştirirken bile koku almıyorum. pahalı ama değer, iki kedim var çok memnunum, kokusu da muhteşem	1
arkadaşlar bence bu fiyata bu özellikler kaçırılmaz. 1-2 milyar verip , 2 sene sonra elinde kalacağını düşünenler için süper bi telefon.	1
yorumlara aldanarak aldım. tişörtüme 5 fıs sıkmama rağmen arkadaşa sordum parfüm kokumu alıyor musun diye yok diyor.	0
sd card ı dahili olarak kullanamıyor. ustune bir de kart taki verileri sifreliyor ve aktaramıyorsunuz. tam bir işkence. lenovo markalı olarak aldıgım ilk ve sonsuza kadar son telefon bu olacak.	0
ürün kısa sürede elime ulaştı. ne yazık ki kalitesiz bir ürün, işçiliği kötü. parçaların delikleri tam denk gelmedi, bu yüzden civatalar da tam oturmadı. bu nedenle tavsiye etmiyorum.	0
vasat bile değil	0
güzel bir gözlük herkese tavsiye ederim	1
ürünü kullanımda 8.seansa geldim ancak hiç bir etkisi olmadı.o kadar da para verdim ancak çok pişman oldum.keşke lazer epilasyon merkezine gitseydim.kesinlikle tavsiye etmiyorum.boş yere paranızı harcamayın.	0
almamanızı tavsiye ederim.	0
kaynama sırasında aşırı derecede ses çıkarıyor. bardağa çay koyarken çay parçaları geliyor	0
bu kilidi ozellikle mutfak kisminda kullanacaksınız cok büyük sikinti yasarsiniz  . yapiskanlari hemen atmakta	0
makine bugün geldi. heyecanlandım hemen kurulumunu yaptık. fakat halıdaki lekeleri çıkartmıyor. fırçayı domestosu halı yıkama şampuanını eline al lekeleri çıkart. daha sonra da o suyu çektirmek istiyorsan bu  halı yıkama makinesini alabilirsiniz.	0
bence  bu paraya  değmeyecek  bir  ürün .	0
jiletler kaliteli.	1
gayet güzel kullanışlı bir ürün. siparişimden çok kısa bir süre sonra geldi. tesekkurler	1
bu ürün çok güzel ve kullanışlı gerçekten.bantlı olan üründen daha fonksiyonel.	1
basit kayış dizayn yapılmış hemen koldan kordan kilidi açılıyor	0
araç içini ara sıra süpürerek aracınızı sürekli temiz tutabilirsiniz. çekiş fena degil.	1
piyasada çok sahte ve taklit ürün satılmaktadır.hepsi burada com.da 20 gün önce yine 8,li paketini satın aldım.üründen çok memnunum.bu gün tekrar sipariş verdim.herkese tavsiye ederim.	1
ürün (haftasonunu saymaz isek) 1 günde elime geçti. mıknatısın tutuş gücü pek tatmin etmesede xperia z3 marka telefonumun su ve toz geçirmez özelliğini yitirmemesi için katlanılabilir. şarj olayına gelecek olursak orjinal kablosu ile arasında hiçbir fark yok. burada fark var diyen kişilere itibar etmeyiniz. onlar muhtemelen pc bağlantısı ile 3 - 5 saatte şarj ettiler. kablo prize takılı ve boşta iken mıknatıslı bağlantı ucunda mavi bir ışık yanıyor. aynı  ışık şarj etme esnasında kırmızı oluyor ve şarj %98 ve üstü olunca maviye dönüyor. şık olmuş. alan pişman olmaz. teşekkürler hb...	1
yorumlara bakarak ürünü aldım, ama tam bir  hayal kırıklığı. kırpık kırpık dağılıyor üstelik kağıdı çok ince. piyasada gördüğüm en ucuz tuvalet kağıtlarından bile daha kötü.	0
bir balata spreyinin olması gerektiği fiyatta ve yapması gereken işi yapıyor,teşekkürler.	1
buhar gucu cok guzel fakat taban yapışma yapıyor her utuledıgım parcayı once kontrol etmek gerekıyor malesef ılk defa bu utuyle kıyafet yapıştırıdım cok dıkkat etmeme ragmen	0
cihaz açık konumdayken elektrik kesilip tekrar gelirse cihaz kapalı konumda kalıyor.biraz bekleyip internet bağlantısını yapıyor ama tekrardan açılmıyor.bu en gerekli şey bence.bu durumda açılmadığı için hiçbir işime yaramıyor.sonuçta bu fiyat için bunun düşünülmemesi üzücü.2 tane aldım iade edeceğim.	0
ürün resimde gördüğünüz gibi 2 gündür kullanıyorum hem güzel hemde hafif kolunuzda agırlık hissetmiyorsunuz tavsiye ederim	1
tek camda işe yarıyor ama çift camda tutmuyor	0
mestin üreticisi ürüne su geçirmez diye birşey yazmamış, başlık yanıltıcı dikişlerden hemen su alıyor	0
ürünü tavsiye üzerine aldım. kalıcı lekeleri bile çıkardı. şiddetle tavsiye ederim.	1
açıkçası memnun kalmadım fiyat olarak uygun ama telefonumu ancak %50 şarj edebildi	0
şarjı çok iyi gidiyor. şarj aletinin çok küçük olması çok iyi. paketten çıkan ekran koruyucu film çok iyi.bundan önce nexus 4 kullanıyordum, ona göre çok daha iyi olduğunu düşünüyorum. boşyere yabancı markalara çuvalla para vermeyin, bunu alın.	1
kullanışlı bir ürün. soğutucu da çok iyi çalışıyor.	1
gayet büyük ve suyu gayet güzel çekiyor arabasına önem veren ve fırçayla zarar vermek istemeyenler için gayet kullanışlı bir ürün	0
ürün orjinal, çeşitli sitelerdeki sahte ürünler gibi değil. fiyat olarak da gayet uygun almayı düşünen arkadaşlara tavsiye ederim.	1
eşime evlilik yıl dönüm hediyesi olarak aldım. çok beğendi severek kullanıyor.	1
ürünü süper hızı gönderi varken aldım ama siparişimdeki diğer ürünler sebebiyle elime geç ulaştı. dış görünüşü gerçekten cok güzel. ürünün 14,4 gb kullanım alanı var, bu normal bir durum ama yine de bilginize sunmak isterim.	1
arkadaşlar urun güzel aracı parlatıyor ancak aşırı derecede toz topluyor. bulunduğunuz yerde toz vs varsa sıkıntı olacaktır.	0
tavsiye etmiyorum iade sansım bulunsa aynen geri veririm. iş yapmış olmak için yapılmış. ürün zangır zangır titriyo. mekik yaparken bile sıkıntı var. aletin bozusyon değiştirmesi de cok zahmetli. ayrıyeten arkasından suntası gorunuyo kılıf sacma sapan zımbalanmıs. bastan asagı ozur dolu. ama bir bench için fiyatı gercekten makul..	0
2-3 marka hızlı cila kullandım.aracımın vernikli gibi parlamasını istiyordum.garaj arabası olduğu için boyası iyidi.bu cila parlaklığını kaybetmiş araçlarda belki etkisini gösterebilir.uygulamanın ıslak yapılması lazım.aksi takdirde pek verim alınamıyor	0
pratik değil titreşim rahatsız edici	0
fakat kullandığınız yerde sabit duracak. öyle tak çıkar, katla, çantana koy. uzun dayanmadı.	0
ürün elime çok kısa sürede ulaştı, küçük bir ilçede oturmama rağmen. ürünün kalitesine diyecek yok. makinenin rengi fotoğraftaki gibi bir mor değil, parlak mor. onun dışında çok memnunum teşekkürler hepsiburada??????	1
sakali kisaltmak icin idare eder, ancak uzun sakalda zorlaniyor.	0
bu ürünü alalı bir ay oldu.aslında internetten alışverişe karşı oldukça önyargılıydım.arkadaşımın tavsiyesiyle aldım.şu anda hiç pişman değilim.aynı makine piyasada çok pahalı.	1
bir ay önce aldığım bu üründen çok memnun kaldım.kek börek hepsini denedim gayet güzel pişiriyor.yer sorunu olanlar dikkat ederek almalılar bu fırını arkanı biraz büyük yuvarlak tepsiye göre yapılmış.ışıklı olmasıda güzel kapağını açmadığınız için ısı kaybı olmuyor.güzel yapılmış tavsiye ederim.	1
bu daldaki en kaliteli ürünlerden birisi, düşünmeden alabilirsiniz. prizi çıkarıp takma derdine son verdi.	1
hızlı kargo için teşekkürler. ürün çok güzel tasarım ve renk olarak mükemmel. tavsiye ederim herkese.	1
ancak arabaya montajı ve telefona bağlamak oldukça basit. tamamen işini yapmaya odaklı bi ürün, telefonunuzu gözünüzün önünde sıkıca tutuyor, o kadar. dikey-yatay konumunu yerinden çıkarmadan ayarlayabiliyorsunuz. iphone 6plus a sınırda oldu ama daha büyük telefon oturmaz.	1
öncelikle doç. dr. osman abali ya çok güzel bir set hazırladığı için teşekkürler.	1
ürünü hiç tavsiye etmiyorum.kızıma almıştık.patenin en baştaki tekerleğini elle bile çevirdiğinizde çok iyi dönmüyor.dolayısıyla çocuk pateni kullandığında rahatlıkla gitmesi gerekirken zorlanarak gidiyor. bence paten kalitesi iyi değil.bu arada beğenmediğimiz ürünü iade aldığı için hepsiburada ya teşekkür.	0
aracım için 2 adet aldım. gerçekten işe yarıyor. çırt çırtları güçlü. tavsiye ederim. aklınıza gelen herşeyi yerleştirebileceğiniz bir ürün.hızlı gönderimden dolayı  teşekkürler.	1
kargo 3 günde elime ulaştı.cihaz hızlı ve ısınma sorunu şimdilik yok.kamerası kötü değil , aksine tatmin edici. almayı düşünenler tereddüt etmeden alabilirler. ben çok memnun kaldım. korktugum gibi cıkmadı. herkese tavsiye ederim.	1
kılıf telefona tam oturuyor. gayet esnek. açma/kapama ve ses düğmelerini tam olarak kapatıyor. şarj ,hoparlör, sessize alma düğmesi için boşluklar çok iyi ayarlanmış. hepsini sıkıntısız kullanıyorsunuz. evet telefonu az da olsa kabalaştırıyor (i̇nce bir kılıf değil) ama bence şık bir ürün. 4 taraflı mükemmel koruma sağlıyor ki benim gibi küçük çocuğu olanlar için bu çok önemli özellik. zamanla sararma yapar mı bilmiyorum ama  piyasada 10-15 tl ye daha ince ve tam oturmayan kılıf almak yerine biraz daha verip bunu almak daha mantıklı. sipariş söylendiği gibi hemen gönderildi ve sıkıntısız zamanında teslimat yapıldı tavsiye ederim	1
ürünü 1,5 gün içerisinde teslim aldım. teşekkür ediyorum.	1
arkadaşlar,konu anlatimi çok başarili,gayet anlaşilir şeki̇lde anlatiyor.hemen ardindan veri̇len aliştirmalar i̇se anlatilan konuyu peki̇şti̇rmeni̇ze yardimci oluyor.yeni̇ keli̇me öğretmeye de yöneli̇k ayni zamanda,bu ki̇taptan çalişirken bi̇ssürü keli̇me öğrendi̇m.ama çalişmadiniz ve zaman ayirmaniz gereki̇yor,muci̇ze beklemeyi̇n	1
çok güzel ürünler. çok kali̇teli̇. bugün geldi̇ çok hizli bi̇r servi̇s teşekkür ederi̇m. henüz topu şi̇şi̇rmedi̇m ama sikinti olacağini düşünmüyorum. teşekkürler	1
akşam verdiğim sipariş ertesi gün 12.00 de elimdeydi. sitenin hızına hayran kaldım, çok teşekkür ederim.	1
ürün parasının ederi değil uzak durun derim	0
aparatı yok burada göründüğünden daha koyu duruyor yani kaliteli değil ama fiyatına göre iyı gördüğümde çok beğenmesemde duvarda fena durmadı	0
servis 24 saat içinde hemen gelip hizmete alıyor	0
ürün maalesef kaliteli değil daha ilk günden kaynak yerinden koptu şimdi yeniden kaynak yaptırmaya götüreceğim. biraz daha kaliteli üretim yapılsa kullanışlı ve şık bir ürün.	0
amaca hizmet ediyor	1
goruntu kalitesi kotu,wifi yi iyi cekmiyor,cok agir,arka megapikselide 2 bu zamanda 2 megapikselmi kaldi? tavsiye etmem	0
fiyatına göre gayet iyi bir yorgan fakat yastıklar biraz inince	1
ürün hafta sonuna denk geldiği için 3günde elime ulaştı , beklediğim gibi bir ürün bakıldıgında çok basit gibi görünüyor ama el alışınca zevkli bir ürün oldugunu anlıyorsunuz tespih çekilemeyen ortamlarda bununla stres atabilirsiniz ürün özelliğine göre fiyatı yüksek oda bir gerçek.	0
2 yıl önce aldım düşündüğüm gibi değil,hayatında hiç spor yapmamışlar için uygun.çalışma esnasında zorlamıyor tavsiye etmem.	0
hepsiburadaya güvenip, ürününde ismine inanıp sipariş verdim ama ürünün crocs la alakası yok. piyasada satılanların biraz daha kalın tabanlısı.	0
küçük kediler için, kısa tüylü kediler için, ama benim kediler hem kısa tüylü hem de çok iri değiller bu yüzden kullanım şekli biraz sıkıntı verici. kedilerim çok rahatsız olmasa da şikayetçi değiller, ama sanki yeterince iyi değilmiş gibi, kısa olduğu için hemen doluyor, az biraz tüy olduğu zaman etkisi neredeyse tamamen azalıyor, diğer versiyonlar gibi tuşa basıp temizlemek de mümkün olmadığından, bir elle kediyi tut, diğeriyle aleti tut derken üçüncü elinizle tüyleri temizlemeniz gerekiyor... işe yarar gibi ama sanırım başka bir fırça daha almam gerekiyor çünkü kullanışı gerçekten çok kötü.	0
standart plaka ölçülerinde yazıyor diye aldım ama plakalığa verdiğim paradan çok kestirip plaka ölçüsüne getirttirmek için para verdim. bravo, tebrikler.	0
taşlar çok küçük boşa para harcamayın	0
ama kullanılabilir.	0
braun kalitesini yine gösterdi yıllar önce almıştım ve hala kullanıyorum çok memnun kaldım herkese tavsiye ettim ve hala tavsiye ediyorum	1
eski prima daha iyiydi sabaha kadar tek bezle sizdirma yoktu ama su yenilenen 3 kanalli ile surekli gunduz bile sizdirmalar mevcut	0
ölçüler iyi değil arka kontraplaklar büyük bazı delikler denk gelmiyor aldığıma pişman oldum resimde görüldüğü gibi heybetli bir duruşu yok kurulumda zor	0
ürünü alalı 7 ay oldu. türksat teledünya kartını içine taktım. modülü televizyona yerleştirdim. hemen çalışmaya başladı. televizyonun kendi kumandası ile seyir etmenin keyfini sürüyorum	1
tereddutlerım olmasına ragmen urunu aldım sıparısım gecıkmeden ve hıcbır sorun cıkmadan elıme ulaştı.. suan ben cok memnunum.. evde spor ıcın yapabılecegım en ıyı sonucuda alabılecegım ucuz olan tek mekık aletı.	0
cocuklarin odasina gece lambasi olarak aldim ama cok yuksekte tutmaniz gerekiyor tavani aydinlatmasi icin ayrica sesi cok cizirtili. oyuncak olarak kullanilabilir	0
ürün çok zarif kullanışlı ancak ilk düşürüsümde kırıldı köşesi. ancak fiyatına göre iyi	1
üründen terletme işlevini gayet başarılı şekilde yerine getiriyor fakat üründen yanmış plastik kokusu gibi bir koku geliyor, defalarca yıkandı ve koku kaybolmadı.beğenmedim.	0
ama saç kesimi tamamen fiyasko.	0
hediye  olarak  anneme almıştım valla annem memnun gayet şık ve kullanışlı  diyor	1
daha öncede philips'in buzlu ve şarjlı bir modelini kullanıyordum ancak şarjlı olan motor bozuldu.	1
tam beklediğim gibi çıkmadı özellikle kanallar arası çık çok yavaş sinir bozucu, kanal listesi görüntüleme saçma bir şekilde gösterilmektedir. alacaklar için daha farklı model ve tv'lere bakmaları öneririm.	0
inanılmaz güzel bir kurgu. sürükleyici. kitapları birbirini anımsatsada. insanı romanın karakterlerine baglıyo.kitapla birlikte ordan oraya savruluyosunnnn. herkesin okuması dilegiyleeee.	1
hizli kargo ve harika urun	1
ürün harika herkese tavsiye ederim teşekkürler	1
ortalama bir ürün. traş bıçağı performansı beklemeyin. tüyleri alırken atlama oluyor. tahriş yapmaması ve diğer trimmerlar gibi kanatma yapmaması güzel.	0
konudan konuya atlaması okuyucuda kopukluk hissi uyandırıyor.	0
geceleri sızdırıyor.	0
bu fiyata bu kadarını beklemiyordum gerçekden,ayarlanabilir olması cok iyi kaliteli ürün.dier capraz el yaylarında el acıtıyor bu üründe el acıtma gibi bi sorun yok güvenerek alabilirsinz.	1
ürünün kutusuna göre az miktarda geliyor. aslında bu fiyata çok bişey beklememek lazım.	0
leitz ürünü 100 tane aldım çok sağlam ve kalın görünüyor. daily eco poşet adlı üründen de 100 tane aldım.. fakat leitz ona göre çok daha kalın ve sağlam	1
kanal geçişleri aşırı yavaş. görüntü kalitesi güzel fakat usb yi okuması da kanallar arası geçişleri de çok yavaş. birde vestel servisi televizyonu açmazsa garanti dışı kalıyor, açarsa da servis ücretini siz ödüyorsunuz.	0
gerçekten çok güzel. kurgusu insanı alıp götürüyor. ben 2 günde bitirdim. sizde elinize alınca bırakamayaaksınız. şiddetle tavsiye ederim. mutlaka alın ve okuyun	1
merhaba ben üç koli aldım yedekte de bulunsun aynı gün kargo ve ertesi gün elimde daha ne isterim. hepsi burada ekibine teşekkür ederim.	1
lastik 2 gün içerisinde bana sorunsuz ulaştı. herkese tavsiye edebilirm. daha önce farklı tanınmış markaları kullandım ama içlerindeki en yumuşak lastik bu. araba paket taşlı yolda bile kaymak gibi gidiyor. ayrıca hem kışlık hem de yazlık lastik olup hız sınırının 240 km olması da çok iyi. islak zemin tutuşu da mükemmel. 10 üzerinden 10. bundan sonra başka marka, model lastik kullanmam.	1
kesinlikle tuyleri almiyor. paranizi cope atmayin derim.	0
bilgisayar laboratuarına aldım son derece memnunum ayaklarının ayarlanabilir olması sayesinde kolayca yükseltip alçaltabiliyorsunuz. hafif olması istediğiniz yere taşımanızı kolaylaştırıyor böylece sınıfta rahatça hareket ettirebiliyorsunuz. bu boyut küçük mü olur sınıf için diye düşünmüştüm ama gayet iyi oldu. tebeşir kullanılan tahtaları bilgisayar laboratuarında kullanamadığımızdan böyle taşınabilir katlanabilir bir tahta alma gereği duyanlar için ideal :)	1
arkadaşlar çok çabuk soğutuyor şık ama üstü çabuk soğuyor.	0
kedilerim doymuş olmak için yiyorlar ama kokusu tazeliği kötü değil.	0
ürün çok kötü dikiş kısımları iç tarafta dolayısıyla ellerinizi acıtıyor. deri olduğunuda düşünmüyorum bez bir eldiven alın daha iyi.özellikle fitness da ağırlık kaldırıp elleri nasır olanlar için bez bir eldiven alın daha iyi.	0
alalı 2 hafta oldu ama henüz kullanmak kısmet olmadı araştırma sonucu fakir lazer epilasyon aletını mantıklı buldum diğerlerinden biraz daha yüksek fiyat ama daha güvenilir geldi.. kullanınca yan etkileri olurmu bilmiyorm ayrıca yan etkisi olması durumuda korkutuyor birazcık beni butün vücuduma  denemeyi planlıyorum bakalım  sonuç ne olacak olumlu olumsuz	1
ben buradaki yorumlara bakip aldandim kesinlikle ihtiyaci karsilamiyor. minicik kirintilari bile cekmeye gucu yetmiyor. gidin paraniza kiyin yuksek walt bisey alin	0
passat marka aracima 2 kisi uyguladik, jantlar dahil yetti. 9 ay olmasina rağmen parlaklığı ayni, kayganligi ve koruyuculuğu. %70 devam ediyor. yeniden satin aldim, onumuzdeki aylarda de tekrar uygulayacagim. uygulamasi cok kolay ve hic kusur iz kalmıyor. kesinlikle kullanin.	1
sıkılmadan okuyabileceğiniz harika kitaplardan... mutlaka alın okuyun derim.	1
arkadaşlar, fiyatı oldukça ucuz ancak bana sorarsanız almayın derim. çünkü ele uyum sağlamıyor. kullanılan derinin kalitesiz oluşu görünüşünden de anlaşılıyor.	0
süpürge gerçekten iyi, sessiz çalışıyor, 4 adet başlıkla geldi. deneme amacıyla kullandım, önceki makine gerçekten hiç süpürmüyormuş. kesinlikle tavsiye ediyorum.	1
ses az ,açma kapama zor oluyor plastik kalitesinde kötü....	0
tadı iğrenç önermem ucuz diye almayın	0
paranızı boşa harcamayın hiç bir şeye benzemiyor	0
ürünü alalı 1 ay oldu, gayet memnundum ancak ürün 1 kanalda takılı kaldı, başka hiçbir kanala geçmiyor, çeşitli işlemler yapmama rağmen problem düzelmedi...	0
bu ürü kullanan arkadaşlara bir sorum olacak. bu ürün enerjisini nereden alıyor. pil/şarj vs. ona göre sipariş vereceğim. bu gibi sorusu olan çok kullanıcı vardır diye düşünüyorum. açıklık getirirseniz sevinirim.	0
fiyat-performans oranı bakımından iyi. ancak, çalışırken altınızdan kayabiliyor. tekerleklerinden biri ya da ikisi frenli olsa maliyet çok artmaz sanırım. bunu tekerlekleri değiştirerek yapmaya çalışacağım. yani istenirse tamamen hareketli ya da sabit hale dönüştürülebilmeli. bir de kollardaki çapaklar temizlenmeli	0
aldım ama çokta iyi gelmedi nedense.	0
ürünü alalı 7 ay oldu beklediğim gibi telefonu yavaşlatan bir yanı da yok gayet başarılı. bu fiyata kaçırılmayın alın derim.	1
en iyi fiyata sahip olabileceginiz yer hepsiburada.com. telefon isme olumsuz yorumlarda bahsedilen deneyimlerin yanindan bile gecmiyor. kisacasi iyi hizmet, iyi telefon.	1
kokmuyor ki kalıcı olsun.saçma bir koku..	0
ürün kötü değil ama bence klasik saç düzleştiriciler daha kullanışlı. ekstra bir rahatlık, zamandan tasarruf sağlamıyor.	0
tum modelerde kapak sorunu var dikat edin kendinizi ve cocugunuzu yakmayın sıcak kulanmayın sohuk su icin iyi sıcak korsanız kapak atıyor dişlerinde	0
bence ürün pratik (sıvı gıda) kullanımlar için uygun, yalnız daha kalın pamuk yüzeyli önlük bekliyordum.	0
çekim gücü çok zayıf boşuna alırsınız tablet telefon bundan daha iyi çekiyor	0
bugüne kadar hepsiburadadan 10a yakın demonte mobilya almışımdır. daha önce böyle kalitesiz bir ürün görmemiştim. resimdeki görüntü çok yanıltıcı, gerçeği o kadar ufak ki resmen çocuk mobilyası gibi. aynası ise kesinlikle masaya monte edilemiyor, duvara dayarsınız ya da duvara monte edersiniz. mobilya parçalarının üzerinde monte için numara yoktu ve eksik parçalar vardı.	0
urunu 1 gundur kullaniyorum delta garantili olarak geldi. f/p olarak suan alinabilecek tek telefon.	1
güzel bir ürün masada çok şık duruyor. ben siyah olanını aldım tavsiye ederim.	1
şekerimsi bir koku, varlığı ile yokluğu belli değil.yorumları okuyarak aldım şahsen benim hiç hoşuma gitmedi.hb coma hızından dolayı teşekkürler	0
bugün kızı da istiyor şimdi bir tane daha alıyorum. teşekkürler ilgilendiğiniz için.	1
kablo boyu yetersiz	0
ürünün fiyatı uygun ancak toner bittiği zaman değişimi için çipinin kırılması vs gerekiyor. kesinlikle dolumu daha kolay olan bir model bakmalısınız.	0
esans orani çok düşük kalici deği̇l ayni parfüm avrupa da satilan ürünlerde daha kalici bi̇r esansa sahi̇p beğenmedi̇m	0
ürün çok yavaş çalışıyor,bu güne kadar aldığım kumandalı ürünler içinde kumandası en kötü ürün tuşlar içinde kalıyor basıldığında,biraz daha iyi bişey bakın kesinlikle bu paraları hak etmiyor	0
kargo müthiş	1
i̇nce zari̇f bi̇r ürün. sadece klasi̇k ki̇lo taki̇bi̇ i̇çi̇n kullanabi̇li̇rsi̇ni̇z.	0
yeni bir ürün olmasına rağmen,herkesin dediği kadar varmış.bardaklar hep mat çıkıyordu.fairy elime ulaşınca hemen denedim. tertemiz bulaşıklar ve mis gibi kokuyor.keşke daha önceden alsaymışım dedim.herkese şiddetle tavsiye ederim.	1
daha aldığım ilk gün bi tutamaçının kancayla bağlıntısı koptu diğeride kancadan çıkıp yere düştü güven vermiyor bana memnun kalmadım	0
bu mini tost makinesi çok işe yarıyor. bence küçük veya büyük aileler fark etmiyor. zaten yeşil ışık yandığında tostlarınız maineye koymak için hazır halde ise 2 dakikada pişiyor. güzel ve kullanışlı bir ürün. oğluma sabahları çabucak tost yapabilmek için almıştım. yanılmamışım, hedefe uygun olarak  tasarlanmış. 3 aydan beri neredeyse her gün kullanıyorum. yer kaplamaması, küçük olması da avantajları arasında. plakalar çıkmıyor, ancak sadece tost için makineyi kullandığınız taktirde temizliği sorun yaratmıyor. hepsiburadaya teşekkürler.	1
ürün bekldiğim gibi geldi zaten çokta bi beklenti içinde olmayın arkadaşlar dezavantajlarını yazmışlar iyi yanı kargo çok çabuk geliyor 1 e 2 oranında büyük olması ve vidaların gevşemesi fialn doğru tesbitler	0
eşi̇m i̇çi̇n si̇pari̇ş verdi̇m kendi̇si̇ gayet memmun kullanimi kolay wat olarak kuvvetli̇ ürün bi̇rde şarjli olsa çok i̇yi̇ olurdu bence yi̇nede teşekkürler hepsi̇burada.com a	1
ürünü alalı 2 ay oldu hiç köpüklü kahve yapamadık.sorunun bizden olacağını düşünerek misafirlere yaptırmayı denedim.kimsenin elinden içmek kısmet olmadı.ayrıca hazne çelik olduğundan taşırmamak için bir kaç kez kahve taşırmanız gerekiyor.diğerleri ile kıyas yapamıyorum ama çözümü eski usul ocakta devam ederek buldum.saygılarımla.	0
arkadaslar ürünü 2 yıldır kullanıyordum hiç sorun çıkmadı. taki bugüne kadar. elektrik kesildi ve filtreden eve epeyce su akıttı. pompa kısmıñın altı catlamış. bir umut garanti belgesine baktim.2 yıl dolmuş. bana 2 yıl yeter diyen arkadaşlar alabilir	0
ürün beklediğimden daha küçükmüş. ayrıca çift taraflı bant kabın tam ortasında olduğu için hgs etiketinin çipini kapatıyor. umarım geçişlerde sorun çıkmaz.	0
çok kullanışlı güzel bir ürün	1
demleme süresi ve kıvamı çok iyi. fiyat performans açısından alınabilecek en iyi makine bence	1
1 yildizi bile hak etmiyor. 2000w bile degil o modelin ismiymis.	0
yeni doğacak çocuğum için aldım ve gayet iyi olduğunu düşünüyorum. ama sunta olduğu için çok fazla sök tak kötü olur. kurulumda sağ üst raf için delik yeri var ama rafta delik yok, onu şuan için takamadım satıcıdan bu konu da destek almayı umuyorum.	1
karne hediyesi olarak güzel bir secim....	1
hepsiburada.com a teşekkür ederim.  verdiği hizmetlerden ötürü ürün elime kısa sürede ulaştı.	1
fiyatına göre özellikleri iyi olabilir lakin kaliteli bi cihaz değil.alırsınız bi yıl sonra çöp olur gider.uzun vadede bi ömür sunacağını düşünmüyorum açıkçası.üzerinde garip bi yazılım ile geliyor androidden soğutuyor.saf android varken bu pek kullanışlı gelmedi.	0
arkadaslar ben hediye olarak aldım. aldigima pisman oldum.sadece kabı güzel   kokusu siradan ucuz bir parfüm kokusu ile aynı ayricada hic kalıcı degil.bunu begenenlere akıl erdiremedim.hic parfüm görmemişler galiba.parasina degmez almayin derim benden tavsiye.	0
kullanişli deği̇l. değmez.	0
*makine demleme özelliği sürekli çalıştığı için çayın yanma durumu var. keşke ara sıra dursa ve su soğuduğu zaman çalışsa.	0
harika bir urun her eve lazim	1
malesef 4 farklı köpek ve kedi üzerinde denememe rağmen bir işe yaramadı. sadece bir köpek tepki verip her bastığımda havladı. ama bir kaçışma, uzaklaşma vs. sözkonusu bile değil. malesef iade ediyorum 3-4 günlük deneme sonucunda.	0
beklediğimden kaliteli bir ürün. arasıra kullanacaklar için ideal.	1
2 ürün kitapçığındaki renklerle parça renkleri uyuşmuyor	0
kısa sürede düz ve bakımlı görünen saçlara sahip olmak için ideal bir ürün.kısa sürede  ısınıyor.tavsiye ederim fakat iyon özelliği nedeniyle belli belirsiz tiz bir ses çıkarıyor başlangıçta eşimi biraz rahatsız etmişti:)  ama kalitesi herşeyi unutturacak cinsten...	1
çok şık görünüyor yalnız çekişi iyi değil birde 3 adet toz torbası olması gerekirken kutudan oda çıkmadı 1800 watlık bir süpürgenin çekişi daha iyi olmalı	0
urunun kamerası çok iyi a!a bu yeterli değil telefon çok fazla ısınıyor bir zaman sonra anakart yanıyor ve ithalatçı firma hangi servisle anlasmissa ona gonderiyorsunuz. lg yetkili servis kadar iyi olmuyor bu firmalar ve sizi uzebiliyor. bunları göze alarak alın derim	0
en önemli̇si̇ bu fi̇yata bedava. benzr ürünlerde ve di̇ğer marklarda neredyse 2 kati 3 kati fi̇yatlar var.	1
ürün çok güzel ve kaliteli malzemelerden yapılmış. kurulumu kutu üzerindeki resimlere bakılarak çok kolay yapılabiliyor. kızımız mutlu, biz mutlu, teşekkürler!	1
resimde görüldüğü gibi değil herbir tarafı oynak. her an dökülecekmiş gibi.	0
ürün gayet kullanışlı ve sağlam ona lafım ama 2. fırçaya maliyeti 1-2 tl olan kutuyu vermemeleri garip... böyle bir marka o kadar düşük maliyetli bir paraçyı neden pakete dahil etmez anlayamadım...	0
storlu perdelerden en iyi fiyat olanlardan olduğu için tercih ettim. kolayca monte ettik ve storu çok iyi. kumaşı da pırıl pırıl ve görüntü parlak.kısacası çok memnunuz bu fiyata bu fiyat çokk iyi	1
fiyat performans açısından bence bundan iyisi yok...	1
üst kapağın kulp yerleri altaki kapak gibi acilmis ama görsellerde çaprazdan yapmışlar,menteşelerden biri diğerlerinden farkli çıktı  duz değil,yüksek attı nalburculardan alıcam artık onuda,malzeme kalitesi olarak cok birşey beklemeyin.	0
ürünü büyük bir hevesle aldım ama maalesef emiş gücü çok düşük.halının üzerinde ilerlemiyor.sesi çok çok az.gece gündüz açılabilir kimseyi rahatsız etmez ama benim beklentimi karşılamadı ve iade ettim aldığım yere.	0
telefonu hb den aldım.daha iki gün oldu.gayet güzel ve şık duruyor.parmak izi sensörü gayet güzel ve hızlı. kamerasıda güzel gece çekimi denediğimde gayet güzel fotoğraf çekiyo oyunlardada herhangi bir kasma donma ile karşılaşmadım kargoda elime sorunsuz şekilde ulaştı teşekkürler hb	1
samsung 40b650 model televizyonla birlikte sorunsuz olarak çalıştı. teledünyanın pozitek marka alıcısıyla karşılaştırıldığında kanal geçişi hiç deya vaş sayılmaz. kanal sıralaması kendisi yapmak isteyen, televizyon açılışında hdmiyi seçmek için vakit kaybetmek isteyen, kablo ve kumanda kalabalığından kurtulmak isteyenlerin ilgisini çekebilecek bir ürün. tabii televizyonun modüle uyumlu olması da zorunlu.	1
başlarda çok güzeldi. özellikle de kedimin tüylerini çekmesi açısından çok beğeniyordum. ama 2 haftadır makineye bir şeyler oldu. eski verimi sıfırlandı. tüyleri bir yandan alıp öbür yana sürüklüyor. çok kötü bir durumda. yaptırabilirsem ne âlâ. yoksa yeni makine almak zorundayım.	0
cihaz baya ısınıyor diğer cihazlarda  da normal midir bilemiyorum	1
ürünü normalde de kullaniyorum.fakat hepsi̇ burada nin hizli kargo si̇stemi̇nden dolayi markette gi̇di̇p almaktansa si̇teden si̇pari̇ş edi̇yorum.gerçekten kali̇tesi̇ i̇yi̇.kizima sürekli̇ kullaniyorum.hi̇ç bi̇r şi̇kayeti̇mi̇z olmadi.fi̇yati da uygun.	1
gayet güzel bi ürün,kullanımı kolay.bu fiyata bu ürün teşekkürler hepsiburada.com	1
güzel ve kullanışlı bir ürün vakumlu olması gerçekten delmeden her yerde işine yaracak.sadece metal bölümleri fotografta göründüğü kadar kaliteli değil ama bu fiyatta alabilceğin ortalama bir ürün	1
aracim i̇çi̇n aldim fakat hi̇ç bi̇r deği̇şi̇kli̇k olmadi. almanizi tavsi̇ye etmem.	0
bu fiyata cok basarili...dogru tarttigini baska baskuller ile denedik..ayarlamasida cok zor degil..kitapcikta basit yaziyor	1
kuman'da çok kötü	0
dün siparişi verdim bugün elime geçti.ürün çok hoş tavsiye ederim herkese ben tereddütle almıştım ama nokia beni yanılttı...almayı düşünenler hiç beklemesin.	1
urunu buradan aldim başta cok cekingenligim vardi fiyatı yuzunden ama kullandikca keşke erken alsaydim hepsi buradayız tşkler hızlı gönderi icin	1
kargo tam 9 günde geldi.kargoya verildi 5 6 gün bekledi transfer edilmedi onun harici kedim yedi fiyatına göre gayet iyi	0
güvenilir h.b kuyumcusu,tavsiyeye şayan.tşk.	1
herkes kendinden bi parça bulacaktır...	1
montaj tali̇matina i̇hti̇yaç duymadan kurulup montaji yapilabi̇li̇r	1
ben ilk çıktığı zamalarda almıştım bu telefonu ve şimdiki fiyatından bir hayli fazlaydı.. böylesi güzel bir telefon bu fiyata bulmuşken kaçırmayın derim.. o kadar iyi bir telefon ki, interneti oldukça hızlı, oyunları android marketteki binlerce uygulamları ve daha neler neler...	1
philips akıllı ütü alıp denedik ve hayal kırıklığına uğradık.aynı gün iade ettik.değil kırışıklık açmak sıcaklık bile vermiyor.giysinin üstünde tık yok kaldırdığın anda buhar fora...yani tüm buhar havaya..	0
ürün bekledigimden hızlı geldi tşkler	1
bu fiyata güzel ürün	1
arkadaşlar ürünü hepsiburadadan aldım. bu tip ürünlerde önemli olan lastik tamamen inmişken şişirebilmesidir. gerçekten de bir kaç kez yeri öpen lastiği tamamen şişirdi. isınma problemi de çok fazla olmadı. i̇şinizi fazlasıyla görür. stepneyi eve bırakın artık :)	1
içinden hediye fitre çıkmıyor ürün resimine bakınca sanıyorsunuz fitre hediye geleçek bedavadan zaten maskenin fiyatı 55-60 civarı filitreyle beraber bu fiyat yani içinden sadece 1 çift filtre çıkıyor 2çift değil.	0
büyük geldiği  için yine üstü kitlenip ıslanıyor	0
şimdi geldi kargo.cok güzel paketlenmiş.yilbasi icin aldim henuz acmadik ama ahsap puzzle da almıştım ikisi de harika.saglam gözüküyor	1
tuslara basınca bi kere basmak yerine tek tek basıyo hızlı bir şekilde ancak ctrl veya shift tuşuna basınca bi süreligine düzeliyor bırakıp tekrar basınca yine aynısı oluyor	0
ziynet tam altın (kulplu) ürün yeni tarihli ve özel kessesinde kapınıza geliyor, çok ucuz değil ama uzun vadeli alımlar için fiyat taksit imkanı olduğundan güzel, kısa süreli alımlarda pahalıya denk geliyor ama uzun süreli alımlarda yatırım için gayit iyi bencce....	0
hediye olan bulaşık deterjanı gelmedi, artık ne olduysa allah bilir. fakat müşteri hizmetlerine söyledim saolsunlar hemen döndüler ve göndereceklerini söyledirler. ürün güzel zaten.	0
uygun fiyat. hızlı kargo.. teşekkürler..	1
hizli kargo ama ürünün kokusu yazilanla alakasi yok.	0
kolay okunsun, çok satılsın, filmi yapılsın diye yazılmış sanki. hiçbir edebi derinliği yok. kitap okuyor değil de film izliyormuşsunuz hissi veriyor. bildiğiniz senaryo yani. yorumlardaki engelliler için kötü örnek oluşturabileceği fikrine de katılıyorum.	0
güzel ve kullanışlı bir ürün. kutusu da şık.	1
urunu aldim. ancak ısıtmasiyla ilgili bir sorun vardi..makinayi calistirdiginiz anda kahve akmaya basliyor. suyu isitmadigi icinde kahve sıcak cikmiyor. cam karafta bekletip icseniz bile yeterli sıcaklikta degildi. a	0
hepsiburadadan 2.telefunumu aldım. i̇lki lumia 720 idi ikinci akıllı telefonumda lg g4. urun gayet şık bence. hızlı kargo içinde teşekkür ederim. urunun ahize ses kalitesi zayıf geldi bana. geri kalan kısımlar gayet iyi, özellikle kamera.	1
fazla söze gerek yok martin scorsese abim döktürmüş.hikaye,kurgu oyunculuk çok iyi.tempo hiç düşmüyor gerilim baştan sona had safhada. martin scorsese yönetmen olmasa herhalde milletin anasını ağlatan bir suçlu olurmuş.di caprioyu çok sevmezdim cılız bebek yüzlü bir adam önüne geleni dövüyor filmlerinde yahu derdim bu adama bir dalsam yarısı boşa gider hiç inandırıcı değil.ama adamın da kötü filmi yok kardeşim.sanırım antipatim titanikten ötürü.	1
tadıda mükemmel. sorunsuz geldi. teşekkürler	1
dişlerim cok kötü görünümlü ve bakımsızdı.diş fircalamayıda sevmeyen birisiydim.ilk dişimde sıkıntı olunca ve yemek yemede zorluk cekince dişlerime bakım yapmanın zamanı geldigini gördüm.bu ürünü aldım. 2 hafta boyunca cross action ile once tartar( diş taşları) nı temizledi.daha sonrada dişlerimdeki taşlar gidince dişlerimi bu sefer beyazlatmaya başladı.üstelik oyle haftalarca degil günden güne fark eden beyazlik geliyor.hayret ediceksiniz.bi diş doktoruna gitseniz bunun ucretini zaten veriyorsunuz.neden kendiniz evinizde bakimini  tek seferde kendiniz sağlamiyorsunuz? herkesin evinde olması gereken bir alet.hemde en iyi modelini alin.cok güçlü motoru var.dişlerinize savaş acıyor resmen.	1
d90 nikon için aldım gayet memnunum.	1
onceli̇kle sunu beli̇rtmek i̇steri̇m elde durusu cok guzel kutudan seffaf ki̇li̇f ve ki̇ri̇lmaz cam ci̇ki̇yo casper bu konuda kullani̇ci̇lari̇ dusunuyor sarj ci̇hazi̇ mi̇nnak kukakli̇k gyet hos kulakli̇k sesi̇ ve hoparlor sevi̇yesi̇ yeterli̇ saji̇ normal kullani̇mda gunu ci̇kari̇r ben beyaz aldi̇m cerceve ve arka kapak gold rengi̇ cok tatli̇ ekran parlakli̇gi̇ yeterli̇ bana gore tek eksi̇k yani̇ ana kamerasi̇ ama ci̇hazi̇n fi̇yati̇ni̇ dusunursek kabul edi̇lebi̇li̇r almak i̇steyen gonul rahatli̇gi̇yla alabi̇li̇r sekli̇ yeter	1
üzerine ekleyecek paranız varsa daha iyisini alın derim	0
bekar evinde kullanmayacaksanız bu üründen pek fazla bir şey beklemeyin derim . çünkü emiş gücü çok az , ayrıca hiç bir fonksiyonu da yok yalnızca çok hafif . i̇nsana süpürgeden ziyade oyuncak hissiyatı veriyor . bekar evimde kullanıyordum ; evlendim ve kendime emiş gücü yüksek bir süpürge aldım . tabiki de sinbo süpürgenin pabuçları dama atıldı :) yer kaplamayan hafif bir ürün olduğu için arabamın temizliğinde kullanıyorum . çeyi̇zi̇ni̇ze almayı düşünüyorsanız aldanırsınız çok basit bir alet . uzun soluklu temizliklerde kullanamazsanız . ama bekarsaniz i̇şi̇ni̇zi̇ çok rahat görür . ayrica temi̇zli̇k yaparken haliyi kaldirdiği falan da yok .	0
çok çok kötü bir ürün sakin almayın yazilan gibi yok hali süpur falan yalan çekiş gücü hiç mi hiç yok mümkün değil böyle bir el süpürgesi olamaz zaten bugün iade gönderdim.	0
parfümüm bitince internetten almak kolay gelmişti ancak gelen ürün benim öncesinde mağazadan aldığım ürünle farklılık gösteriyor. kokusu normalde çok kalıcı olmasına karşın bu aldığımın kokusu asla kalmıyor :(	0
ürün vaktinde ve sağlam olarak ulaştı.ancak bu 11w yazan ampul, evde mevcut olan 9w lık led ampulden bile daha az ışık veriyor.9w lık ampulde bilinen bir marka değil.bence bu ampul yaramaz bilginiz olsun.	0
hızı çok düşük. ultra ve sddd3 güya. aynı tip otg normal sddd2 nasıl daha hızlı oluyor?	0
ürün tanıtımında tüm türkiye'de yaygın servis ağı var deniliyor fakat karadeniz bölgesinde yaklaşık 15 ilde servis yok. kurulumu farklı bir firmaya ücretli olarak yaptırmak zorunda kaldım. herhangi bir arıza olursa ne yapacağız bilmiyorum. almadan önce muhakkak bulunduğunuz yerde servis olup olmadığını teyit edin....	0
wi-fi da bağlantıyı bulamadı... usb kablosunun opsiyonel olması ilginç... gelen kartuşlarda azıcık problemli... yedek kartuşlarını (xl aldım) deneyeceğim. ayrıca kartuş başı temizleme konusunda biraz problemli... renklar fazla pas... bakalım deneyeceğim... mesleğim grafik tasarım, bol renkli çalışıyorum, bana ne katar gelecek zamana kaldı esas yorumlarım...	0
ürün çok kaliteli güzel ürün. işinizi görür. sabit takılı kullanamazsınız o an çıkarıp kullanmanız lazım. çokta sağlam ürün. kız arkadaşlarınızla sahilde güzel film izleyebilirsiniz :)	1
fiyatina gore rakiplerine tas cikartir bugun ulasdi ve 4*4 luk dusunmeden alin derim	1
şubat ayında sipariş verdiğimiz yatağı yaklaşık 6 aydır kullanıyoruz deneme süresi olan ilk 30 gün bence bilerek belirlenmiş gibi düşünüyorum çünkü yatağın kalitesi o zamanlardan sonra ortaya çıktı bir kendini kaybetti, ortopedi denen şeyden muzdarip, bunalttı, dönmekten dönme dolaba döndüm. kısacası elimde imkanım ve hakkım olsa gerçekten iade etmek isterdim. burada yazılan olumlu yorumları da hiç inandırıcı bulmadım, acaba sırf satış olsun diye mi yapılıyor diye de kendimi alamadım.  o kadar rahat diyenler var galiba daha önceden dökme demirin üstünde ya da çivili yatakta yatıyorlardı. ben alacaklara baştan söyleyim çok aşırı yumuşak, kilolu olsun olmasın insan o gömülme (vücudun şeklini alma kesinlikle değil) hissinden kurtulamıyor.	0
fiyatına göre iyi bir ürün, dolap kapağındaki gözler oldukça kullanışlı	1
markaya ve ürüne güvenebilirsiniz memnun kalmama şansınız yok.	1
hatta 23 ocak tarihinde aynı üründen bir siparişim daha oldu.fazla söze gerek yok	1
kılı zor alıyor, ışık yanmıyor, kargo süresi iyi.	0
ürünü aldim montaj konusunda herhangi bir sorun yok fakat taktığım ssd diski tanımadı. bende normal sata disk taktım onu tanıdı fakat bir süre sonra kapatıp açınca onu da görmedi. hala ssd diski biosta gösterebilmiş değilim.	0
3w aydınlatma için çok yetersiz tatmin edici değil maalesef.	0
çok iyi teşekkür ler hem kaliteli hem hızlı	1
ürünü daha denemedim ancak göz damlası gibi küçük bir şişede geldi.	0
alt kısmında sabitlemek için cırtlarının olmaması dezavantaj, yoksa bagaj içinde ordan oraya savrulup duruyor. bezi ince bir kumaştan yapılma. başka markaların ürünleri daha kaliteli.	0
cumhuriyet altını veya başka altın fark yok arkadaşlar. altın 1000 sene önce de altındı, bugün de altın. bugün sadece belli bir fiyata bağlı ve borsası var. yani altının değerini artık siz değil başkaları belirliyor. siz de ona göre altın alıyor veya bozduruyorsunuz. altın isterse 2008 tarihli olsun ister 2019 tarihli olsun, çeyrek altın 1,75 gram gelir. altının has değeri o gün için artar veya yükselir, ama işlem yapacağınız günün kuruna göre hesaplanır. ona göre zaten ya kazanırsınız ya da kaybedersiniz. ama türkiyede enflasyon yüzünden para sürekli değer kaybettiği için artık bunun da hiçbir espirisi kalmadı. arada fark olmasının sebebi, yeni tarihli altın inadı ve bunun arz eksikliği. şu bi biline artık.	0
güzel bir ürünü ucuza almak daha da güzel.	1
fiyat iyi bide kargo bedava güzeldi ve finish daha ne olsun 20 kelime olmasa olmuyomu ben kısa yorum yapıcam belki	0
aslında ürünü kullanmayı anlamayı başardıktan sonra oldukça beğenilir buldum, en iyi kullanım diğer yorumları okuyunca anlaşılıyor, o yüzden onları da okuyun derim, ürüne gelince temizlik konusunda etkili buldum...	1
i̇lk başta biraz büyük gelse de şimdi tam olarak alıştım gayet iyi duruyor	1
ürünü uzun süredir kullanıyorum ve çok memnunum. özellikle telefonlarımın şarj aletiyle uyum sağlaması beni büyük bir külfetten kurtarıyor. diğer kulaklıklar gibi kaba bir görüntüsü yok kesinlikle tavsiye ederim.	1
telefon kesinlikle bu fiyata alınabilecek en iyi telefon.	1
üründen 30.000 kmdeki benzinli focus ii aracımda yağ değişiminden sonra kullandım, 1000 km oldu, bence hiç bir fark yok, anlık tüketim azalmadı hatta arttı diyebilirim. ses de azalmadı.	0
cok karişik menüsü var ve kurulumu	0
kahvaltı takımı gerçekten çok şeker kırılır diye şüphem vardı fakat çok güzel paketlenmiş hiç bir kırılma yoktu yalnız içerisinde fincan kaşıkları olsa daha bütün olurdu..	1
ürünü yeni aldım fenerli olarak bi tek marş güzel telefon ahize sesi çok az duyuluyor ve devamlı cızıltı yapıyor tavsiye etmem	0
evin her köşesine rahatlıkla taşınabiliyor olması güzel. kayın validem gördü çok beğendi bir tane de ona aldık. tavsiye ederim	0
almanizi tavsiye etmem guzel degil	0
tek parçadan olup yayıntıya sahip olmaması ve uygun fiyatı bana avantaj göründü.henüz bir kere kullandım:tatlı harcı çırptım.	0
ürün çok basit şekilde takılıyor, çok uygun fiyatlı, herkese tavsiye ederim	1
tamamen plastik.	0
telefonu yaklaşık 10 gündür kullanıyorum. gayet memnunum. diğerleriyle(pahalı olanlarla) karşılaştırıyorum aralarında ciddi bir fark yok. verilen parayı fazlası ile hak eden bir ürün. almak isteyenlere tavsiye ederim.	1
sorunsuz şekilde elime ulaştı. ürün güzel, beğendim.	1
6 yıllık bilgisayarıma ssd takınca windows 10 u rahat kullanır oldum	1
gayet başarılı bir ürün saç cekme cildi tahriş gibi problemler yok.	1
mükemmel bir örnek........	1
fiyatina gore çok iyi oğlum ve eşim elinden indirmiyor	1
kulübe güzel...tek sıkıntı sevkiyat sürecinde köşe parçalardan birinde ufak bir kırık ve osb çatı kenarında hafif ezilme oluşmuş onuda kendimiz hallettik...tüm parçalar eksiksiz geldi sorun yok genel anlamda çok şık bir ürün kullanışlıda...biz sevdik...tavsiye ederiz...	1
arkadaşlar öncelikle şunu belirtmeliyim ürünü elinize aldığınızda kesinlikle pişman olmayacaksınız.ürünün olağanüstü bir karizması var.ses kalitesine gelince piyasada çok nadir bulabileceğiniz bir kaliteye sahip.tuş takımı çok iyi dizayn edilmiş, ekran çözünürlüğü biraz düşük,kamerasıda idare eder,şarj ortalama 4 gün gidiyo çok telefonla haşır neşir olmayan biriyseniz 1 hafta kadar idare eder sanırım.son olarak bu fiyata alabileceğiniz en karizma telefon diyebilirim...	1
3 yıldır kuyllandıgım bi ürün bence gayet güzel düzgün kullandıgınız takdirde üründe her hangi bi sorun çıkmıyo saçlarıda fazla yıpratmadan düzleştiriyo	1
fiyat olarak çok uygun..temizlemesi suyun altında yapılıyor..iş görüyor..ancak plastik endişesi olanlara çelik çubuklulardan almanızı tavsiye ederim..benim de endişem var ama yine de fiyatı cezbetti	0
2 tane aldım memnun kalmadım tek özelliği kalın olduğu içim azda olsa sıcak tutması yoksa termal falan değil	0
arkadaşlar ürünü alalı yaklaşık 10 gün oldu.ürünün arka ve ön kamerası bir harika ön kamera birçok telefonun arka kamerasından daha iyi.teknik olarak ele alırsak sekiz çekirdek işlemci 2gb ram internet ve tüm uygulamalarda sorunsuz çalışıyor.dizaynı çok güzel sade ve ince keşke siyah rengi de olsaydı.herhalde fiyat performans oranı en iyi ürün diye düşünüyorum. türk markası bir ürün almak önemli.sonuç olarak şiddetle tavsiye ediyorum.pişman olmazsınız.şuana dek en pahalı markaları kullanan birisi olarak söylüyorum onlardan hiç bir eksiği yok.	1
buradaki yorumlara bakarak aldım, sessiz olduğu söylenmiş, cihaz fazla gürültülü apartman için kesinlikle uygun değil, ilk çalıştırdık 10 dk sonra alt komşumuz geldi ne oluyor diye !!! alt katınızda oturan yoksa alınabilir, üzerinde yürümeseniz bile cihaz 2km hızlı bile çalışıyorken elektrik süpürgesi gibi ses yapıyor, 6km ve üzeri hızlarda cihazın çıkardığı sesden dolayı yanınızda konuşanı zor duyabilirsiniz, 8km de sanki bant yerinden fırlayacakmış gibi inanılmaz ses yapıyor, cesaret edip son hız olan 14km ye çıkaramadık sanki 14 km ye çıksak cihaz olduğu yerde parçalara ayrılacakmış gibi.	0
teşekkürler hepsiburada.com çok kullanışlı ve yararlı bir ürün 3. harekette kaslarımın çalıştığını hissettim kargo 5 günde geldi kullanma kılavuzu olsa daha iyi olurdu.	1
bence kalitesini artık düşürmüş.ilk cocugumda da bu markayi kullandım o zaman daha iyiydi. çok sızdırıyor sürekli kıyafet değiştiriyoruz. değiştirmeyi düşünüyorum	0
çok beğendik eşimle.	1
pek bi faydasini goremedim cok  i̇htiyacınız yoksa almanızı tavsiye etmem	0
görüntü güzel ama süs olarak duracaksa yoksa kullanılmaya başlandığı gibi eriyor veya kırılıyor çok dayanıksız tavsiye etmiyorum	0
yatak elime ulaştı  gayet  kaliteli  ve sağlam bir ürün  alırken  tereddüt  ettim  ama şimdi  iyi almışım  diyorum  daha kullanmadık  tabi   inşallah bebek  rahat  eder  yatağı  ilk  açtığında biraz  koku  var  oda sanırım  paketli  olmasından  bende açtım  havalansin dedim ürün tıpkı  resimdeki  gibi  ne eksik  ne fazla  evet  kalınlığı  10 değil  ama fiyatına  göre  gayet  güzel  almanızı  tavsiye  ederim	1
hiç güzel değil sürükleyici değil tavsiye etmiyorum nasıl 17 ödül almış onu hiç anlamadım alıp almamak size kalmış ama tavsiye etmiyorum	0
şahane bir ürün kokusu kullanımı çok güzel tavsiye ederim.	1
kesinlikle tavsiye etmiyorum, lekeleri çok sıcak yıkamalarda bile çıkarmıyor bardakları perişan ediyor!	0
1 temmuzda sipariş verdim 10 temmuzda elime geçti. i̇yi bir şekilde ambalajlanmıştı.4 parçayı birleştirmek kolay oldu ama ağır olması biraz zorladı. vidaları sıkıştırmak için küçük bir parça da içinden çıkıyor. balkonumda çok şık oldu. minderi ince ve demirle birleşik durumda.bir yerinde eğilme ve çizik var.  üzerine bir minder ve kırlentler koyunca kapandı. bir kişinin rahatça yatabileceği boyutlarda.	1
tuşlara macro ayarlanmıyor.	0
bir kaç günde elime geçen bu parfüm yılların klasiği armani nin harika bir parfümü çiçeksi hafif ama kalıcı olan bir kokusu. i̇ndirimli fiyatıyla alamk çok daha keyifli. çiçeksi kokulardan hoşlananlara tavsiye ederim.	1
bu üründen sitedeki yorumları okuyarak aldım fakat ürün ıslanınca çok ağırlaşıyor ve boyutu biraz büyük köpürmesi için baya bir şampuan dökmeniz gerekiyor bunun yerine normal süngerden alırsanız daha iyi sonuç alacağınıza inanıyorum. cizme meselesine gelince normal sünger ile arasında fark göremedim  tabi kullanana göre değişir iyi günler	0
yılllardır farklı farklı markaların tutuşturucu jellerini kullanmaktayım. bu ürün ateşi tetiklemiyor. yanıcı maddesi olabildiğince az ve hiç yoğun değil. kesinlikle tavsiye etmiyorum.	0
fiyatına göre iş görür telefon hafıza sıkıntısı var  diğer herşeyi güzel	1
yorumlarda biraz fazla abartıldığını düşünüyorum. fiyata göre normal özelliklerde; ama kokması ve biraz takılarak çevrildiği bir gerçek.	0
diğer 2 paketide onlara verdim.	0
hızlı kargo ve düzgün paketlemeden dolayı teşekkür ederim herkeze tavsiye ederim	1
bebegimin pek fazla hoşuna gitmedi kullanımı hiç rahat değil çok ses çıkarıyor ve zıplama kabiliyeti zayıf yayı çok sert ayrıca yayla oturma mesafesi arası çok dar kafasını çarpmadan koymak ayrıca çok dikkat gerektiriyor kızım daha 8 aylık biraz daha büyüse oturuncada kafası çarpar. benimiçin büyük bir hayal kırıklığı oldu	0
ürün gerçekten fiyatı ve kredı kartına 12 ay taksıt ımkanı ile hepsi burada com dan alıncak ürünlerden biri eger birikim yapmayı dusnuyosanıız hıç kacırmadan alın	1
çok kaliteli bir ürün. gerçekten çok hızlı şarj ediyor ve ışığı gayet şık duruyor. ucuz cihaz almaya hiç gerek yok ürün hem cihazı hem de kendini koruyor. lg g4 telefonu 40-50 dakikada tamamen dolduruyor. gönül rahatlığıyla alınabilir.	1
ofiste masaüstü kullanımında pratik ve kolay çözüm, hafif olması da taşırken işinizi kolaylaştırıyor. ürünün kolayca temizlenebiliyor veya silinebiliyor, tavsiye ederim	1
traş makinası bıçakları sakalımı çekiyor. bu nedenle sakal traşını olamıyorum. sakalımı çektiğinden ve cildimi tahriiş ettiğıinden kullanımyorum. ayrıca şarj cihazı adaptörü sessiz çalışmıyor. ses rahatsız ediyor.bilgilerinize	0
ürün başarili ancak a5 yazdirmiyor.her güzeli̇n kusuru var..	0
iyi mal iyi satıcı iyi fiyat hızlı kargo daha ne olsun teşekkürler hepsiburada.	1
çok incelmiş. sızdırıyor. bildiğimiz prima değil... üzgünüm ama tavsiye etmiyorum... aldığıma pişman oldum...	0
çay yapacağım zaman dolaplarım buhar olmasın diye çaydanlığımı daha uygun yere taşıyorum . ağzı o kadar büyük ki tezgahta kullandığımda kaynarken her yer fazla buhardan ıslanıyor kaynamaktan içinde su kalmıyor çok pişman oldum korkmaza hiç yakışmadı	0
arkadaşlar bu ürünü 1 ay önce aldım ve aldıgımda indirimdeydi 18e almıştım geldi ürün ve kullandım hiçte bekledğim gibi deil su çekme özelliği ii deil yıkama sonrası kullanacaklar almasın sakın !!!	0
oldukça kullanışlı bir ürün ancak üzerinde shacfer yazmıyor.	1
kalitesi belli hepsi burada indirimi de güzel ..	1
bu ürünü yorumlara bakarak aldım ilk kullanım tam bir hayalkırıklığı zayıf kalıyo	0
gerçek anlamda yağsız ve pratik pişirmeler için en iyi ürün.	1
güzel bir telefon ayrıca ürün i̇ modeli(5830i) buda ayrıcalık sağlıyor.işlemci 832 dir bu arada.malzeme olarak kaliteli ve şık duruyor cepte rahatsız etmiyor.ikinci bir kapakta gönderiliyor beyaz.samsungu tercihin başka bir avantajı aksesuar ve yedek parça bulmada sıkıntı çekmezsiniz.ve fiyat olarak ta iyi  bütçeye uygun,ha beklentimi karşılamaz diyorsanız ki karşılarda, yinede üst modeller var ama fiyat olarak daha pahalı çok aşırı farkta yok galaxy ace alınabilir bir telefon.	1
mevcut ürün işinizi görür ancak şarjı yeterli değil,bunu mutlak göz önüne alıp araç şarjıda düşünülmelidir.i̇şini yapıyor ses seviyesi yeterli.	1
bir haftadır kullanıyorum spordan önce 2 sonrasında 1 şeklinde alıyorum. tabiki spor sonra proteinli beslenmeye dikkat ederek. iki hafta sonra 2+2 şeklinde yapacağım bünyenin alışması için ilk başta çok tablet yutmamak gerektiğini düşünüyorum. şimdiden etkisini hissettirdi,özellikle terleme olarak.ilk kutuyu bitirdiğimde ki son durumu tekrar paylaşacağım.umarım fiyatı değiştirmezler.	1
ürünü ben de aldım.çok çok şık ve kullanışlı.süpürgemle ilk temizliği dün yaptım ve şunları söyleyebilirim ki ;kullanışlı,taşınması ve kullanımı oldukça rahat.ayrıca gürültücü  olduğunu söylemişler ama diğer süpürgelerle arasında ben bi gürültü farkı göremedim.	1
3 iş günü içerisinde elime ulaştı. cihazı elinize aldığınızda çok hafif olduğunu göreceksiniz  sade bir dış yüzey tasarımı mevcut. aktarım hızı çok iyi seviyelerde. uzun vadede sıkıntı yaşatmayacak bir cihaza benziyor.	1
yatak iki kişi için yeteri kadar geniş.	0
yıllardır hepsiburadadan alışveriş yapan biri olarak böyle bir ürünü sitesinde bulundurması ilginç. i̇nanılmaz kötü bir malzeme,yuvarlakları takarken yaşlanıyorsunuz resmen,yuva kısımları çok dar ve yavaşça çakalım oturtalım yerine derken kırılıyor muhakkak. üste doğru daraldığından sadece ufak tefek tencereleri yerleştirebiliyorsunuz. derim ki almayın.	0
bu fiyata göre iyi. taşınacak malzemenizi kaygısızca taşımış olursunuz. sadece çapı biraz yetersiz gelebilir  bazen diye düşündüm. ama okula giden çocuğunuz için evde bulunmalı derim ben.	1
tavsiye etmiyorum ufak bir hareketle yerinden fırlattı 10aylık oğlum	0
laptobuma bağladım ve ikinci ekran olarak film izlerken vs kullanıyorum. 1 hdmi ve 1 usb çıkışı var, kulaklık çıkışı da olsa fena olmazdı. görüntü kalitesi ve renkler gerçekten harika.ses net ve yeterli kalitede. görüntü ayarlarında güç tasarrufu vs  modları da var. kendi tv tuneri yok ancak harici hd uydu alıcı bağlayıp tv izleyebilirsiniz. lg müşteri hizmetlerini aradım, kurulum için servis çağırmanız gerekmiyor ve garantisi bozulmuyormuş, açıp kablosunu bağlamanız yeterli zaten.	1
güzel ürün ti̇ti̇z gönderi̇ci̇	1
99 model aracımın kapı fitilleri için kullandım kesinlikle çok fark etti kapı fitilleri ilk günkü gibi oldu kapılar daha rahat açılıp kapanıyor hiç ses yok.. uygulama da çok basit ara ara alıp kullanmanın faydalı olacağını düşünüyorum..	1
ürün kullanımı.ürünü kullanmadan önce yaklaşık 30 ila 45 saniye çalkalamanız gerekmektedir.daha sonra temiz ve kuru cam üzerinde ürünü yukardan aşağıya	0
iade etmeyi düsüyorum.	0
"fiyat / kalite bakımından ""iyi"" bir seçim.hele de benim gibi %50 indirimle almışsanız...teşekkürler hepsiburada..."	1
icin cok kucuk 2.5 yasindaki kizim oturuyor ama yatinca sigmadi minyon tipli ve zayif cocuklar icin ideal oturma yeri biraz kucuk yaslanma yeride kisa cocuk yattiginda yastigi yere dusebilir sadece cirt cirt batlar var	1
çok memnunum. akşamları televizyonun karşısına geçiyorum ve sıkılmadan saçlarımı düzleştirebiliyorum. öbür türlü kuaförede sigara dumanı içinde mahvoluyordum..	1
ürün yeni elime geçti açıkcası yorumlara bakarak alış veriş yapan biriyim bazen yanılıyor insan beklentilerinin ya altında yada üstünde oluyor bu ürün beklentilerimin gerçekten üstünde bir ürün fiyatıda uygun almanızı tavsiye ederim h.b bu fiyata bu ürüne ulaşmamızı sağladığı için teşekkür ederim.keyifli alış verişler...	1
kitabı yorumlara bakmaksızın isminden dolayı merak ederek aldım ( kitapçıdan). ancak beklediğim kadar iyi değildi. basit bir olay örgüsü var.	0
markası ve ürünün fiyatı nedeniyle aldım. ürün fena değil ama dikkat etmeniz gereken biraz küçük sanki ev için değilde seyehat için daha uygun olabilir..	0
ürün anlatıldığı gibi değil. taze dökülmüş çay lekesini çıkaramadı.	0
teşekkürler hepsi burada ekimine teslim aldım ürünü.  paşam hemen oynamaya başladı şiddetle tavsiye ediyorum bn almakta geç kaldım keşke daha önceden alsaydım dedim.	1
1 haftadır internetten araştırıyorum. bu fiyata bu özellikleri taşıyan en uygun telefon bu. eğer marka takıntınız yoksa  gerek performans gerek yazılım bakımından bektilerinizi karşılayan bir telefon..hepsi burada ya da hızlı kargo güvenilir alış-veriş için teşekkür ederim.	1
şeklinden dolayı kulağımı delik deşik etti tavsiye etmem kulağa zararlıdır. ama ses iyi	0
zorunda olduğum için puan veriyorum.	0
urunden 3 kutu satin aldim toplamda 6 adet yani.bu tarz jelatinler tempered glasslar takmayi cok iyi bilen biriyimdir yillardir kendim uygularim, topu topu sadece 1 tanesi yapisabildi tuttu o da kap taktigimda cikti uzak durun derim.. paranizi cope atmak istiyorsaniz hayhay bulasin.	0
üründen memnun kalmadım çünkü vidalar tutmadı.marangoz çağırmak zorunda kaldım.marangoz matkapla  yeni vidalar taktı ancak o zaman dolap sallanmadan durdu.	0
tutamaç işlevsiz ve bisiklet de biraz zayıf olduğundan 1-3 yaşın evde kullanımı için uygun. ev dışında kullanacaksanız almayın.	0
ürün gayet kaliteli ve kullanışlı	1
ürünün durumu ile ilgili anında bilgilendirme yapılıyor... ben 801 modelini sipariş vermiştim.. kargo verme süresinde verilemediğinden 803 modeli verilmiş... zararı yok... i̇lginiz için teşekkür ederim... yine de zamanında ulaştı diyebilirim...	1
2 paket aldım kokusu da temizliği de çok güzel.fiyatı da çok uygun ücretsiz kargo da çabası üstelik puan da kazanıyorsunuz.iyi alışverişler...	1
teşekkürler hepsiburada.com.  çok uygun bir fiyata aldım.	1
kalitesine denilecek bir söz yok ama yıllardır aynı zil seslerini kullanıyorlar farklı bişeyler yok yinede dediğim gibi fazla para vermeye gerek yok kaliteli ve ucuz tavsiye ederim.	1
sony teybim için aldım küçük olması sebebiyle takıldığı bile belli değil varmı yok mu anlaşılmoyor çok şık kutusunda usb 2 be 3 desteklediği yazıyor	1
özellikle sıcak yerlerde yaşayanlar yada arabası sıcak olanlar kullanım anlamında sıkıntı yaşayacaklardır.	0
ürün görseldeki gibi olup, hiçbir sıkıntısı bulunmamaktadır. kargo süreci çok hızlıdır. gönül rahatlığıyla sipariş verebilirsiniz. teşekkürler hepsiburada.com	1
telefonu  whatsapp vb ,office uygulamaları birde gerektiğinde internet erişimim için  almıştım.  bu açıdan bana yeterli geldi. kullanım amacınıza göre tercih edilebilir. kullanmayacağım özellikler için fazla para vermeye gerek yok diye düşünerek aldım. bir haftadır kullanıyorum ,   beğendim. fiyatına göre gayet iyi.	1
ince zayıf idare eder kargo çok hızlı	0
hızlı teslim edilen ürün verilen parayı hak ediyor.	1
2 kglık üründen aldım. ürünün fiyatı iyi fakat dış plastiği çok kötü. aldığım tarihten 5 gün sonra dabılların birinde açılma oldu.	0
cihaz bugün elime ulaştı daha önce wb100 modelini aldım simdi de bunu.cok kaliteli ve oldukça fonksiyonel bir makina fiyat bakımından ideal.aninda wifi yoluyla netteki sosyal ağlara gonderebilirsiniz.	1
elinize tam oturuyor ve tus kalitesi gercekten iyi ayrica kolun tepkime hizida gayet iyi  kolun sarjli olmasida ayri bir avantaji almak istiyenler bu fiyata bu oyun kolunu kaçırmayın derim	1
ucuz diye aldığım bu süpürge çok bağırıyor. küçük kullanışlı dedim ama süpürdügü tozu toz haznesinden geri üflüyor. gövde kısmı da yukarıda olduğundan toz öylece yüzünüze üflüyor ve ev tamamen toz oluyor. yani evin içinde halı silkelemek gibi bir şey. niçin içine tozu tutan ince bir sünger yerleştirmemişler anlamadım. denemeden almayın.  biraz daha para verip daha iyisini alabilirsiniz. ucuz diye aldanmayın.	0
telefonunuz lg flex ve benzeri ise bu aparatı tercih etmeyin. ben iade etmek zorunda kaldım. aparata temas yüzeyi çok küçülüyor ve bu da en ufak sallantıda cihazın düşmesine neden oluyor. eminim düz yüzeyli cihazlarda daha iyi sonuç veriyordur ama kavislilere uygun değil	0
hayalimdeki saat diyemem ama  baktın mı göz dolduruyor. fazla da övmeyi sevmem hiç bir şeyi ama hepsiburadaya  bu ürünü  sattığı için teşekkür ediyorum . güvenle alabilirsiniz .	1
iyi bir parfüm bir erkeğin imzasıdır . bu nedenle parfüm seçimi mükemmeliyeti hissettirmeli ...	1
mi5 gibi güzel bir telefonun neredeyse tüm kusurlarını kapatıp harika bir telefon yapmışlar. umarım tüm renk seçenekleri gelir. darısı mi mix in başına.	1
uygun fiyat, hızlı gönderi. teşekkürler.	1
once kapınızı ölçün sonra alın. eğer kullanacağınız kapı normal ölçülerdeyse bence hiç almayı denemeyin. ya koridor yada başka bir yerde kullanmanız gerekiyor	0
ben hep prima aliyordum. bir gun baktim hepsiburadada uyudun fiyat. bide evine kadar geliyor kacirmayin derim. hepsiburada fiyatini kacirmayin diyorum. devir hesap devri.	1
paslanmaz çelik denen çaydanlık enteresan bir şekilde paslandı. hemde 1 ayda.	0
ürün fena deği̇l ama üzeri̇ndeki̇ manzara kendi̇li̇ği̇nden şi̇şi̇p kalkmaya başladi.aslinda i̇ade yollucaktim sonra uğraşmak i̇stemedi̇m çocuklarin fotoğraflarini çi̇ft tarafli bant i̇le yapiştirdim.	0
yaklaşık 1.5 yıl önce aldığım bu üründen şu ana kadar memnundum ama dün pedalı boşa dönmeye başladı, tornavida ile söküp baktığımda sıkma havuzunu pedala bağlayan milde aşınma oluşmuş ve pedal boşa dönmeye başlamıştı, bu yüzden böyle pedallı değil de üstten bastırarak sıkılan model bence daha uzun süreli kullanıma uygun.	0
yapıştırıcılar güçlü değil	0
şarjı çabuk bitiyor. kendi kendine kapanıyor. ekranda renkli noktalar var. ekran siyah olduğunda anlaşılıyor. telefonun arkası çok cacık malzemeden yapılmış benim telefon biraz göçtü. çabuk ısınıyor.	0
koku gerçekten güzel. ama sıktıktan 30 dakika sonra kokuyu ne çevrenizdekiler, ne de kendiniz alamıyorsunuz.	0
ürünü aldım elime hızlıca ulaştı ve bundan daha iyi bir yapıştırıcı olduğunu sanmıyorum süper birşey.	1
ürün belirtilen özelliklerin hepsine sahip değil termometre barometre yok türkçe dil var ama çeviriler çok komik kişi yerine ısı yazıyor oyuncak bile değil hiç bir işe yaramaz boşuna almayin	0
hiç kaliteli değil.	0
fiyata gore iyi is  gorur piline kadar gondermisler..	0
bir de bu övüp övüp 1,2,3 yıldız verenler var. o kadar övdün niye 4-5 vermedin.	1
kullanımı çok kolay oldukça şık duruşu var.akıllı telefonlar içinde en kolay kullanıma sahip sparişi verdikten 2 gün sonra elime ulaştı...	1
cihaz gerçekten ihtiyacı fazlasıyla karşılıyor. özellikle ofis çalışanları için arada 5 dakikalık kafa dağıtmaya yarayan güzel bir cihaz. radyosunun çekimi güzel ister radyodan arada güncel haber takip edin isterseniz benim gibi klasik müziklerle zihninizi dinlendirin. bataryası çıkarılabilen türden uzun süre kullanılabilecek bir ürün. tasarımcısına ayrıca teşekkür ediyorum.	1
450 lt altı ürünlerde  vestelde kurulum ücreti var ancak ürün kurulum gerektiren bir ürün olmadığından fişini takarak basitçe kullanıma hazır hale geldiğinden hemen kullanıla biliyor, garanti ise fatura tarihinden itibaren başlıyor, yanı ürünü servis çağırmadan da kullana bilirsiniz, müşteri hizmetlerindende teyyitleşe bilirsiniz, üründe buzluk kısmı mevcut, aydınlatmada, bir çok özellikte yazılmamış, tek kelime ile mükemmek özellikli fiyatına göre bedava bir ürün, tasarım ve kullanım kolaylığı süper, çekinmeden alın, ben bu gün teslim aldım hemen kullanıma başladım kaçırılmayacak bir ürün. teşekkürler hb. teşşekkürler vestel. stok  bitmeden alın hemen düşünmeden	1
- malzeme kalitesi iyi değil örneğin tekerlekler	0
ürün beklentilerim düzeyinde kaliteli değil	0
üründen gerçekten çok memnunum. sadece saat ve arama/mesaj (sosyal medya bildirileri dahil) bildirimleri için kullanıyorum. 19 aralık'ta elime geçmişti, o gün tam dolum yapmıştım. bugün 12 ocak, 24 gün oldu ve şarjı %38'de. herhalde 40. güne de bu şarjla ulaşırız, belki daha fazla da gidebilir. herkese tavsiye ederim. fiyatına göre gerçekten iyi bir ürün. su geçirmezliği de ürünü mükemmel yapıyor.	1
ürünü hevesle aldım ancak bekledığım gıbı degıldı.kokusunu begenıp begenmemem olayı degıl kolanya gıbı ucucu,kalıcı degıl.oysa parfumun kalıtesı kalıcılığından bellı olur.	0
temiz çamaşır için tek çözüm..	1
makinayı aldığımız 2 hafta oldu sayılır. 6 kez kullandık güzel yıkıma,sıkma yapıyor. yanlızca iç hacmi önceki makinamıza göre küçük geldi. her ikisinin de 6 kg olduğunu göz önüne aldığımızda. alınabilir uygun fiyatta ve güzel bir makina tavsie ederim	1
tasarım olarak cok ıyı ama alalı 2.5 hafta oldu ılk zmanlar sıkıntı yoktu sımdı hızlı sarz yapmıyor sarza taktımmı 4-5 saaat beklemek gerekiyor	0
orta boy olan ilk seyahatinde tekerlek kısmının oradan kırıldı ne yazık ki	0
bu ödül maması bir harika gerçekten. kedim oyun oynarken bazen kendini kaybediyor ve ısırmaya başıyor :) ama bu ödül mamasının kutusunu sallayınca hemen sakinleşiyor. ve bu şekilde oturmayı öğrendi. tavsiye ederim.	1
dolap kapağının kenarında oyma desen veya  çerçeve çıkıntıları olanlar almasın kısa olduğundan düz zemine kadar ulaşmıyor	0
ürün sipariş verdiğim tarihten (saat 12:48'de sipariş vermiştim) 2 gün sonra i̇zmir'e (nokta, konak) geldi, sonraki gün ise bana teslim edildi. kargonun daha hızlı olmasını beklerdim. bu konuyu geçersek, telefon tek kelime ile mükemmel. bu fiyat civarına daha iyisi yok, tam bir fiyat/performans ürünü. şarjı oyun oynamazsanız veya az oynarsanız 2 gün çok rahat yetiyor, ayrıca hızlı şarj özelliğini çok beğendim. kutu içerisinde hızlı şarj aparatının türkiye prizlerine de uyumlu olması için ek aparat koymuşlar, güzel bu da. telefonla birlikte gelen samsung kulaklık da ortalama kalitenin üzerinde, kulakiçi kulaklık tarzını daha çok sevdiğim için mutlu oldum bu kulaklığı da kutu içinde görünce. telefon çok ince ve hafif, bu boyutta bi telefon için çok iyi. görünüm ve boyut olarak dışardan iphone 6 plus'a çok benziyor. elleri büyük olmayanlar için 5,7 inç ekran sıkıntı olabilir ama normal veya büyük bir el sahibiyseniz hiç düşünmeden alın derim. almadan önceki tek şüphem bu konudaydı çünkü, merak edenler için söyleyeyim dedim. ayrıca kesinlikle j7 prime ve a8'den daha iyi.	1
goody marka mama nın tüm malzemelerinden memnunum.goodyinin hepsi burada sitesiyle anlaşıp ürünlerini pazarlamasınıda memnun oldum,çünkü bu sitede fiayt ürünleri diğer sitelere göre dağa ucuza satılıyor. bir tek sıkıntım ben kartla alışveriş yapmadığım için,alışverişimi kapıda peşin para ile yapmak istiyorum.siteden tek ricam sitenin bu isteğimi göz ardı etmemesidir.şimdiden teşekkürlerimi iletirim.	1
ürünü yorumlara bakarak ve arzum markası olduğu için almıştım ama düşündüğüm gibi çıkmadı. açma kapama düğmesi yok ve geç ısınıyor. hayal kırıklığına uğradım...	0
alacak olan arkadaşlar bence hi̇ç düşünmeden gönül rahatliğiyla alabi̇li̇rler..	1
beklenti̇mi̇n altinda kaldi	0
ürünü 3 aydır kullanıyorum. diğer arkadaşlarında dediği gibi çok cızırtı yapıyor.	0
fiyatı uygun ancak kenarlarının keskinliği ve işçiliği kötü, aslında parası kadar ürün demek lazım.	0
i̇lber i severiz ama şu etliye sütlüye dokunmama tavrı çok yanlış...	0
bu fiyata alabileceğiniz en ideal telefon. dokunmatik ekranı diğer alt modellerine göre geliştirilmiş. tavsiye edebilirim. şuan kardeşim kullanıyor telefonu bir şikayeti yok.	0
sonuç olarak siz siz olun bildik markalardan sasmayin...	0
ürün hem şik hemde fi̇ati hepsi̇ burada sayesi̇nde çok i̇yi̇.günlük  i̇şler i̇çi̇n i̇deal hem hafi̇f hem de prati̇k kizima hedi̇ye aldim çok memnun kaldi	1
yanında traş bıçağı da aldım 9.99 a...	1
prima güzel bir bebek bezi markası ancak son zamanlardaki yeni cıkan teknolojili bu bez pi̇şi̇k,sizdirma  yapıyor ????	0
i̇lk olaraka halı süpürgesi değil, almak isteyenler bunu bilerek alsın, sonuç hüsran olur. üçgen emiş başlığındaki (4 adetti sanırım) küçük delikten emiş yapıyor, yani yüzeyi değil emiş başlığı ile varsa yüzey arasındaki hava boşluğundan emiş yapmak için tasarlanmış. hali ile bu deliklerden yaptığı emiş nedeni ile  halıyı temizlemediği gibi halıya yapışıyor. bu yapışma nedeni ile ürün halı üzerinde sağa, sola yön vermek istendiğinde çok zor manevra yapılıyor, gövdeden gıcırtılar geliyor, ileride vida yerlerinden dağılması muhtemel. ben mutfakta kullanmak için almıştım, sert yüzeylerde işini iyi yapıyor, halı yüzeylerdeki gibi sorunlu değil. sapının üzerinde sarılan kabloyu asmak için kancası var. güç ayarı olsaydı belki halıda daha başarılı olabilridi ama bu başlıkla imkansız.	0
lgnin kendisine adapte ettiği android arayüzü gayet iyi. belli ki lgde bu işletim sistemi için özel olarak çalışan önemli bir kadro mevcut. i̇yi iş çıkarmışlar. donanım zaten malum. pek çok inceleme sitesinde donanımı karşılaştırabilirsiniz. özetle bu fiyata bu performans beni memnun etti. ayrıca hepsiburada.com yine beni memnun etti. ufak bir kargo pürüzünde ilgileri gayet iyiydi.	1
ürün malzemesi çok kötü, kagit gibi alırken silikon zannetmistim ayrıca birleştiği yerdeki cit citlar  birbirine denk gelmiyor. kullanılmayacak durumda tavsiye etmiyorum	0
çocuğum 2 yasında ve doğumundan bu yana sadece mecbur kaldıgımız durumlarda marketlerden 3 4 sefer falan almışımdır. onun dısında her zaman hepsiburada.com dan tamamladığım bu keyifli alışverişleri oturdugum yerden bi kaç tıkla evime getiriyorum. piyasaya göre uygun ve kaliteli  herkese tavsiyemdir.	1
aracınızda boya koruma varsa zarar verebilir. bulaşık süngerlerinin yumuşak tarafı gibi olması gerekirken neredeyse yeşil tarafı gibi. açıkası kullanmayı düşünmüyorum	0
lastik ses seviyesi gayet başarılı.	0
note serisine göre biraz geride kalmış, özellikler aynı kamera aynı, ekstra hiç bir özellik yok bu parayı veririm diyorsanız bilmiyorum ama note 4 derim ben.	0
200 ml için çok uygun bi fiyat,babama almıştım ben,süper bir kokusu var...sevgilisine,eşine,babasına,arkadşına hediye almak isteyenlere kesinlikle öneririm...çok ağır bir koku olmamasına rağmen çok da kalıcı...erkek parfümlerinin çoğu çok ağır kokarken bu koku içinizi ferahlatıyor...	1
ofis çalışanıysanız sürekli jilet değiştirmekden bıktıysanız aradığınız cihaz bu değil. sinek kaydı yapamıyor.tahriş ediyor. küçük küçük sakallar bırakıyor ve ergonomil değil. şarjı hemen bitiyor.	0
ürünü hbden aldım,geldiği zaman denedik ama çekiş gücünden hiç memnun kalmadık.halı üzerindeki kırıntıları almakta zorlansa da zar zor alıyor işte.ses seviyesi düşük rahatsız etmiyor,hafif bir ürün.ana gövdeye giren teleskopik boru sürekli gevşiyor ve sinir bozuyor.çok sıkıyorum ama bir müddet sonra tekrar gevşiyor.ayrıca emiş ucu üçgen olmasına rağmen sağa ve sola dönmüyor bu da işlevsel olmadığını gösteriyor.hanım memnun kalmadı bu yüzden ana gövdenin ucuna sipiral hortum uydurup araç içini temizlemek için kullanacağım artık.	0
alırken tereddütlüydüm.ancak 25 yıllık ev hanımı olan benim için bile önemli olan tüm kriterleri karşıladı. beklentimin çok çok üzerinde çıktı.herşeyden önce manuel, istediğin gibi ayarlıyorsun.su tasarrufu için bir şey diyemem ama çok güzel duruluyor.yalnız su alırken biraz ses geliyor ama önceki makina tecrübelerime dayanarak elekronik makinalara göre çok daha iyi ve şiddetle tavsiye ederim.	1
üç günde teslim aldım suan kutudan çıkardım henüz kullanmadım fakat kargolama cok iyi diyebilirim kesinlikle puanımı ürünü kullanınca verecegim	0
4adet sipariş verdim elime ulaştı fakat 2 koldan fazla bağlayınca saçmalıyor kollar karışıyor oyunda birden kendinizi rakip takımda falan bulabiliyorsunuz	0
kızımızın ilgisini çekti, 10-15 dk. dilenme molası yaratabiliyor bize.:) renkler canlı ve malzeme kalitesi iyi. güneşli oyuncakda 2 farklı müzik var. daha fazla müzik isteyen farklı modellere bakabilir. genel olarak faydalı bir ürün.	1
başında bekleme , taşma sorunu olmadığı gibi köpüklü kahveyide keyifle içiyorsunuz. tavsiye ederim.	1
boyu kisa oldugundan cok gergin duruyor ve belirli bir sure sonra yapiskan cikiyor. ama uygulama cekmecesi, kapagi vb bu zunluk icin uygunsa gayet iyi, temizlemeden kesinlile yapistirmayin.	0
sadece bir kaç metrede etkili.çok zayıf bir etkisi var	0
ürün fiyatı ve kalitesi ile onde. kokusuz ve kullanımı kolay. ayrıca baya buyukte. hem cıcugumla evde hemde işyerinde sorunsuzca kullanıyruz.	1
çok sağlam ve on numara bir ürün tüm malzemeniz bir çanta içerisinde tavsiye ediyorum	1
ürün olarak kaliteli olduğu belli (dokunuş/ parmak izi bırakmama) fakat diğer yorumcuların da belirttiği gibi kenarları tam yapışmıyor ve bu rahatsız edici.bu kadar para verilen bir ürünün kusursuz olması gerekir diye düşünüyorum.	0
eşdeğerleri 40-50 tl iken bu ürün ucuz olması ile dikkat çekiyor, ancak aldığınızda göreceksiniz malzemesi çok kalitesiz, eğer uzun süre kullanmalık bir şey arıyorsanız daha iyi ürünlere yönelin derim. ama çocuğunuz için işte yazsın karalasın tarzı bir tahta bu. bu tahtayı alıyorsanız edding marka kalemi tercih edin, pritt marka olanların iz bıraktığına şahit olacaksınız.	0
daha önce kullandığım kahve makinesi pek iyi ısıtmıyor diye bu ürünü aldım. maalesef bu ürün de öyle. ancak demlemeden hemen sonra ilk içtiğiniz kahveyi sıcak içebilirsiniz. biraz beklerseniz yada ikinci kahveyi içmek isterseniz cam sürahi kahveyi yeterince sıcak tutmuyor. hazırda kahve olsun nasılsa iki saat sıcaklığı koruyor diye düşünenlerin termoslu bir model tercih etmesinde fayda var.	0
piyasa fiyatının çok altında.kaçırmayın	1
tasarimi güzel, isitmasi hizli, ekmeği̇ yakmiyor, şik ve kullanişli bi̇r ürürn tek dezavantaji tablalarinin çikmamasi yüzünden temi̇zli̇ği̇ zor oluyormuş hanimin dedi̇ği̇ne göre:)	1
ürünü kesinlikle tavsiye ederim. ses kalitesi ve hassasiyeti başarılı. odadaki en ufak sesi dahi iletiyor. ses şiddetini de ebebeyn ünitesi üzerindeli ledler ile belirtiyor. ayrıca çok fazla ses durumunda(örneğin çocuk bağırarak ağlıyorsa) ebebeyn ünitesi titreşiyor.  ninniler fena sayılmaz. gece lambası sadece kendini aydınlatıyor.	1
5-sadece filesi biraz küçük gibi geldi.filesi biraz daha büyük olursa güzel olur.	0
ürün anlatılan herşey doğru metal tasarım hem diyer pilastik usb bellekler gibi kırmaz fiyatı çok iyi	1
yeni aldım bende kedim bayıldı...çok hızlı geldi siparişlerim tşkler hepsiburada	1
ürün paketi özensiz. basit bir karton içinde geliyor. kırılma ihtimali var. parmak izi ve leke bırakıyor. indirimli satılıyor gerçi ama o fiyatı haketmeyen bir ürün.	0
hafif koku sevenler için çok hoş çiçeksi bir koku. tam bahar ve yaz aylarında kullanılabilecek bir tercih ve şişesi çok şirin. ama ( bu ama önemli bir ama ) kesinlikle kalıcı değil. sıktığınız anda kokuyor 10 dakika sonra yok. kalıcı olmayışı , 65 ml oluşu değerlendirilince fiyat kalite performansından sınıfta kalır	0
ürünün gelişinde sıkıntı yok, bir iki gün içinde geldi ancak çimler çok seyrek.	0
bisiklete tam uyumlu değil extradan  cırcır diktirmek zorunda kaldım.	0
ürün elime bugün geçti ve denedim  hiç bir sorun yok gayet iyi çalışır durumda mükemmel ambalaj paketlemişler. almayı düşünen arkadaşlara tavsiye ederim	1
tatsız	0
birkere boyu cok uzun kesmek zorunda kaldim ayrica kapatirken kapiyi hep cikiyor ayagimla ittirmek zorunda kaliyorum	0
urun gercekten guzel herkese tavsiye ederim.	1
çok sevdi, 3 yaşındaki bir çocuğun enerjisini harcamak için süper bir şey.görür görmez kızım buna bayıldı..üstünden inmiyor.almadan önce biraz tereddütte kalmıştım fakat değecek bir ürün.	1
arkadaslar oncelikle yogun kullanım var ise bundanda kastım wifiyi 10 veya daha fazla kullanıcı kullanıyorsa bağlantıda kopmalar meydana geliyor pc veya telefonun wifisini kapatıp açtığımızda düzeliyor ama dosya paylaşımı yani ağ programları çalışırken cok sıkıntılar cıkıyor fazla verip başka marka almanızı tavsiye ederim.	0
sahsen kaymaz taban halı bekliyodum..ürunün acıklamasını okumadan aldım.elime ulastiginda bildigimiz hali geldi ve yumusak cok guzel kullanışlı..hızlı kargo icinde teşekür ederim..iyi calişmalar	1
ürün gayet şık başarılı kalite şarzı bana 2 ve 3 gün arası gitmekte	1
parfüm yazdığına bakmayın üzerindede yazdığı gibi bildiğin kolanya . koku aynı fakat beş dakika sonra eser kalmıyor.ucuz ama maalesef parfüm yazdığı için bence kandırmaca	0
ürün gayet kullanışlı ve güzel bir ürün kesinlikle tavsiye ederim ürünün üzerinde priz olmasıda ayrı bir kolaylık sağlıyor. ve üzerindeki işık sensörü sayesinde kendi kendine sönüp yanması devamlı söküp takma yada açma kapatma derdindende kurtarıyor.	1
ürünün kokusu fena değil ama yeterince kalıcı değil. şuan pişman olmuş durumdayım.	0
i̇lk kullanışta dahi farkını belli ediyor.	1
temizliği kolay tasma makina içine tasma söz konusu deyil	1
801 ve 901 de aynı işi yapar ama 16mbit internet için gereksiz, hem cihaza hem de ekstra anten kablosuna para vermeye gerek yok.	1
ürün güzel, şık, hızlı ve kullanımı kolay ancak pahalı. yaşanan sorunlarımı kısa sürede çözen hepsiburadaya da teşekkürler	1
ürün ufak tefek şık yalnız çok yavaş bu kadar yavaş olucağını tahmin etmemiştim.keşke birazdaha paraya kıyıp daha hızlı bir bellek alsaydım	0
yorımlara bakarak aldım ama elime gelince beklentimi karşılamadı çok profesyonel degil ama idare ediyor koafordeki fön makinası gibi degil yani	0
kalıcı değil.. tabi tene göre değişir.. ama kokusu güzel	0
gayet iyi ve kulanışlı bir ürün, tavsiye ederim	1
memnunum.	1
kesinliikle ttavsiye ederim.	1
fiyatina gore kalitesi de dusuk.	0
bu güne kadar aldığım en kısa ömürlü ampul çok ama çok kısa ömrü var aydınlatması iyi ama dayanma süresi çok düşük.	0
umduğum kadar iyi bir ürün değil.idare eder.	0
yine sıkmamıza rağmen su akmaya devam ediyor geri açalım dedik oda açılmıyor kaldı böyle	0
sokakta belli noktalarda belli saatlerde beslediğim sokak kedileri için aldıgım bir mama. ve sürekli kuru mama ile beslendikleri için artık her mamayı yemiyor ve oldukça seçici olmus durumdalar. bu mamayı cok iştahlı olmasada evet yediler. yiyorlar. ama kokusu kötü.	0
göründüğü gibi çok şık geldi. duvarın rengine de uydu. oldukça sessiz. düşük aydınlatmalı ortamda bile akrep-yelkovan rahatlıkla okunabiliyor. güzel bir hediye olarak da düşünülebilir.	1
yine her zamanki gibi, hepsiburada farkını ve kalitesini ortaya koydu. cumartesi verdiğim sipariş,pazartesi elimde oldu. hızlı kargo, kaliteli ürün ve güvenli alışveriş. teşekkürler hepsiburada.	1
"43"" samsung tv için aldım. ürün sağlam,  vida boy boy var çok kolay montaj yaptım fiyatına göre gayet başarılı"	1
ürün açıklamalarda anlatılgı gibidir memnun kaldım	1
çok ince taneli değilmiş.	0
arabamın döşemesi bej rengi ve bazı lekeler vardı. çalkaladıktan sonra lekenin üstüne püskürtüp siliyorsunuz ve birçok lekeyi yok ediyor.. benim kullandığım bezden de kaynaklana bilir bir kaç leke çok hafif kaldı tam kaybolmadı.. çok iyi ama mükemmel değil..	1
teşekkürler hepsiburada . kargomuz ankaraya 2 günde geldi gayet iyi paketlenmiş eyvallah. araba bekledğimiz gibi gayet iyi hiçbir sıkıntı yok.gönül rahatlıyla alınabilir.	1
ürün elime hemen ulasti ve çok memnun kaldim .büyüklügü ve derinliği cok ideal	1
sürekli kullandığımız ürünleri buradan taksitle uygun güvenle kullanabiliyorsunuz.hem de kapınıza kadar geliyor.	1
yeni başlayanlar için kesinlikle tavsiye ederim çok açık ve anlaşılır bir kitap yanında da cd olması ayrı bir güzellik tavsiye ederim .	1
ürün katlama kemeri ile sarıldığı için iz çıkmış vaziyette geldi. kalınlığı iyi olsa da dar bir mindert biraz daha geniş olmasını beklerdim. ayrıca materyal beklediğimden çok daha yumuşak ve kalite olarak da beklediğim kalitede gelmedi.	0
arkadaşlar tereddüt etmeden alın ürün çok sağlam daha önceden 2 tane 500 watt sony ovallerimle birlikte 4 tane oldular araçta inanılmaz kaliteli ve yüksek ses var subwofer bassların hakkndan güzel geliyor anfide çok kaliteli...	1
merhaba,ürünün teslimi ile alakalı hızınız için teşekkürler.	0
hiçbir işe yaramıyor. hatta dahada kötü hale getiriyor. kesinlikle alınmaz.	0
bu ürün elime çok hızlı ulaştı,burdaki yorumlara bakarak aldım,iyiki almışım. halıları öyle harika süpürüyorki sadece yıkma için kullanacaktım ama artık süpürge olarak daha çok kullanırım, evim sayesinde mis gibi oldu.	1
denemiyen pişman olur. hanımım çok memnun kaldı. saygılarımla..	1
hızlı ve kaliteli ürün herkese tavsiye ederim	1
ürün 7 kw bir ısıtıcıya sahip montajını yaparken elektrik kablo çapı 3/4 olması gerekiyor ayrıca daire içi priz buhat vs gibi yerlere de bağlanması çok tehlikeli servis bu kablo çapıyla birlikte sigorta girişine kadar kablo çekiyormu yoksa 3/2.5 gibi ince bir kabloyu fişe bağlayıp gidiyormu ısıtmıyor şikayeti olanlar ürünü 3 kademeye alıp voltajınızı ölçün	0
islaninca icinden boncuk boncuk bir seyler dokuluyor.ben primanin digerini aliyordum.bir ust model onda hic boyle olmuyordu.bunu fiyati uygun diye tercih ettim.ama memnun kalmadim.kargo hizli o anlamda hizmeti guzel.	0
şubat 4 te sipariş verdim hala tedarik aşamasında.hepsiburada.com a yakışmadı.	0
arkadaşlar gayet sağlam ve şık bir ürün almanızı tavsiye ederim. eşime aldım çok beğendi fiyat olarakta süper başka yerde bu fiyata bulamazsınız.	1
2600w gücü sayesinde çekiş gücü gayet iyi. diğer süpürgelerde de olduğu gibi kalın cisimler çekildiyse başlığını temizlemek gerekiyor çekiş gücünün düşmemesi bakımından. su filtreli ve toz torbasız olması önemli bir kolaylık. parçaları gayet rahat temizlenip çok kolay bir şekilde yerine tekrar yerleştirilebiliyor. hortumu son derece kaliteli. dyson süpürgelerin hortumlarıyla yakın kalitede gibi gördüm. manevra kabiliyeti de iyi. gereksiz takılmaları olmuyor. 800w üzeri üretime çok yüksek vergiler geldiği için bu fiyatlardan almak lazım. (şu an 200 tl civarı).	1
bu fiyata oldukça iyi bir yastık. rahatlık bakımından çok iyi kullanmaya başladıktan sonra boyun ağrısını bile azaltıyor. alacak olanlara düşünmeden almalarını öneririm.	1
harika tam zamanında eksiksiz teslim teşekkürler	1
olumlu yorum yapan arkadaşlara şaşırdım ürün hiçbir şekilde soğutma yapmıyor bırakın soğutmayı zaten soğuk olan şeyleri bile muhafaza edemiyor.ürünü aldıktan sonra malesef geç deneme yaptığım için yasal sürem doldu ve iade edemedim.kesinlikle tavsiye etmiyorum	0
i̇lk birkaç denemede kahvede plastik kokusu aldım, kullandıkça gideceğini düşünüyorum. su göstergesinin dışardan görülme imkanı yok. kafanızı içine doğru sokmanız gerekiyor anlamak için :) kahve haznesini aldıktan sonra ilk alışta damlatma yapıyor ayrıca. genel olarak memnun kalmadım açıkçası	0
3 tane var yıllardır kullanıyorum.bence emsallerinin içinde 1 numara düşmanı toz ve hararet.emin olun daha ucuzunu bulamazsınız hele birde taksitli asla	1
ürün bugün elime geçmiş bulunmaktan kilit sisteminde bir kısmını çözmüş olmama rağmen kayışın boyunu ayarlayabileceğim kilit sistemini bir türlü çözemedim bu kadar zor olmak zorunda değildi bence. ürün kaliteli ama dediğim gibi kolayca kullanmaktan için ilk başta çok uğraşmanız gerekiyor. eğer kayışın nasıl uzayıp kısalacağıyla ilgili biri bilgi verirse çok sevinirim.	1
ambalajını atmasaydım değiştirecektim.	0
2 km civarı menzili var. en kaliteli pili takmama rağmen birkaç saatlik kullanımda ışık zayıfladı. i̇zi çok ince lazerin. çocukken bayramlarda aldığımız kırmızı lazerler gibi.	0
hepsiburadaya tesekkurler	0
halısaha maçlarında kullanmak için dizkapağı bölgesindeki ağrılar için aldım. gayet güzel görevini yapan bir dizlik. hem bölgeyi sıcak tutuyor hem de sıkı sardığından dolayı zorlanmayı engelliyor. çok koştuğumdan dolayı aşağı kayma oluyor tabiki bence normal arada bir yukarı çekip düzeltmek lazım.	1
kısa sure de elıme ulastı.	1
bu hıza şaşırdım doğrusu... on numara!	1
kafanizda soru isareti olmadan alabilirsiniz. babama almıştım gayet memnun kendisi pisman olmazsiniz	1
basit ev işlerinde biraz zorlasa da iş görüyor.bu fiyata idare eder	0
ürünü aldıktan 2 ay sonra çift tıklatma sorunu yaşadım. ayrıca tekeri de arızalandı. ucuz diye bu ürüne yönelmeyin...	0
1. çanta yanlarında elimizi attığımızda ulaşabileceğimiz bir hazne yok. örneğin içmek için yanımıza aldığımız su şişesini ya elimize ya da çantanın içine atmamız gerekiyor.	0
adore müdür koltuklarından 1 adet . misafir bekleme koltuklarından 6 adet aldım. büromun şekli değişti.çok rahatlar.ekonomi olarak iyi ve ucuzdur.kurması kolay.herkese tavsiye ederim.	1
ürün gayet güzel kumandası güzel montajı yaptıktan sonra anahtarıda oto anahtarcılar  anahtarı kopyalıyor yeni araçlardaki gibi anahtar bir düğme ile kumandanın iç kısmına saklanabiliyor kumanda ayrı anahtar ayrı taşımaya gerek yok tek kumanda anahtar içinde. tek tuş ile bütün kapılar aç kapa..tek eksik yönü camlarında kapanması için başka cihaz alıp takmak gerekiyor..ürünü  tavsiye ederim	1
hem topaklanıyor hem de kolayca akıyor, bu tarz ürünlerde ucuza kaçmamakta ve suya dayanıklı bir ürün tercih etmekte fayda varmış, onu öğrendim	0
acil durumlar için kullanılır, başlığı hafif çekince de yerinden çıkıyor, biraz basit bir ürün.	0
ürünün ses kalitesi gayet iyi fakat cihazın sesi açık olduğunda bir uğultu geliyor ve bu durum tüm cihazlarda var. uğultuyu müzik vs açıkken duyamıyorsunuz ama düşük seste bile olsa rahatsız edici	0
fiyatına göre çok iyi, iş görür	1
menzil olarak çok başarılı değil dip dibe iken 50-60 mbit görüyor.	0
urun kaliteli olabilir fakat ekrana tam oturmuyor, kenarlarindan cok bosluk kaliyor, tavsiye etmiyorum	0
herkesin aradığı kalıcılık değil mi?edt nin esans oranı %10 edp nin %20.	0
ben normal de xl giyen biriyim sitedeki yorumlara bakarak l beden sipariş ettim ama kolları cok kısa kaldı iade edip tekrar kendi bedenimden isteyecem  işçilik ve kalite olarak vasat ama kış aylarına yönelik değil de bahar aylarında daha çok kullanılabilecek bir ürün  fiyatına göre alınabilir bir ürün bu sebeble normal bedenim de tekrar şipariş ettim	0
bu seti çok beğenerek aldım. fiatı çok uygun.ama bir defa kullanmakla tava ve kek kalıbı özelliğini kaybetti.	0
ben babamın mutfağı icin aldim.teslimatta hic sorun yasamadim.hizli bir sekilde elime ulasti.fakat urunde scart girisi yok.hdmı cikisli uydu gerekiyor.ekran mutfak icin yeterli.yatak odasi veya cocuk odasi icin tercih edilmez	0
kısaca, elinizde makine ve bir lens dışında başka lens yoksa alın kullanın gayet sağlam dayanıklı bir çanta. ama 2 veya daha fazla lens varsa, başka ürünlere bakın derim çünkü kullanamayacaksınız. yine filtre tarzı ekipmanlarınız varsa da sığdırmada problem yaşayacaksınız.	0
bu fiyata bunu bulmanız çok zor eğer evinizde çalışmak istiyorsanız ihtiyacınız olan şey bu ama çalışmadan önce silerseniz iyi olur	0
gündüz gece sızdırmıyor. memnuniyetle kullanıyoruz.	1
hepsiburada.com teşekkür ederim	1
ağ destekli yazıcı, televizyon, uydu alıcı gibi bazı ürünlerde sadece kablolu bağlantısı bulunabilir. bu cihazların özel kablosuz bağlantı aparatları ise genelde çok pahalıdır. dark wrt151 ile mevcut kablosuz ağınızı hem kablolu tekrarlayacak hem de kablolu bağlantıya dönüştürme özelliği sayesinde bu cihazlarınıza interneti uygun maliyete ulaştırabileceksiniz.	0
yorumlara bakarak aldım. pişmanım.	0
telefon için hiç değil bence.	0
fotoğraftakinden güzel :)	1
ürünü yoga çalışmalarım için sipariş vermiştim. bazı hareketlerde ince kalmakla birlikte genel olarak hareketleri yapabilecek yumuşaklıkta bir zemin sağlıyor. herşeyden önce kaymak gibi bir sorununuz yok çünkü mat kesinlikle kaymıyor	1
ürünü 12li paket olarak aldim. ancak havlu kenarları hiç temiz değildi. temiz olmadığını gördüğüm için yüzümü kurulamak içimden gelmiyor maalesef. memnun kalmadım.	0
geri kalan herşeyi güzel sadece eksi yönlerini yazdım . tavsiye ederim fiyatını hakeden bir cihaz.	1
çok yoğun ve kalın kıl yapısında zorlanabilir ancak ortalama bir traş için gayet verimli çalışıyor.	1
ürün kenarlardan açılıyor. 1 hafta dayandı. 2. ekran koruyucu takmadan çöpe attım. bu fiyata daha iyi bir ürün beklerdim.	0
2016 48. hafta i̇talya üretimi lastikler	1
ürün beklediğim gibi,paketleme iyi,fiyat ideal alınabilir	1
urün bugün elime ulaştı ve ürün çok kötü her yerinde hata var bazı yerlerin dikişleri atmış yırtılmış ürün çok kötü.	0
daha önce aynı markanın farklı ürünlerini kullanmıştım.bu nedenle tereddütsüz aldım,ürünü kullanınca isabetli karar verdiğimi anladım.hem ürün,hem hepsi burada hizmeti mükemmel.	1
2012 yılı tasarım ödülünü alan bir tasarım. arkasında da kingston markası var. sağlam bir materyalden yapılmış, bükülme kırılma sorunları olmayacak gibi görünüyor. en çok da anahtarlığa takılabilmesi için ayrıca bir şey gerekmemesi kısmını beğendim, kesinlikle tavsiye ederim.	1
çok kali̇tesi̇s çikti bu paraya bu kadar heralde bi̇rdaha si̇mbo ürün almam.	0
gerçekten bu fiyata iyi kalite. kaçırmayın. çok faydası var android tabletlere hız konusunda.	1
bu paraya anca baya algisi zayif masa ustunde felan kullaniminzor	0
evde, arabada, işyerinde her yerde elinizin altında bulunsun. kapı kilitleri, menteşeler gibi yağlanması gereken her yerde kulllanılabilir. oto anahtarcısı olan bir arkadaşım tavsiye etmişti, ilk kutuyuda o verdi. evdeki kilit ve menteşeleri, aracımın kapılarını yağladım, yetinmeyip işyerinde bile kullandım. kesinlikle tavsiye ediyorum.	1
cok yuksek ses kalitesi beklemeyin öncesi iyi kulakliklar kullananlar icin gecerlidir. ama kullanim acisindan güzel bi ürün	1
yapışkanı hemen kapanıyor ve sürekli yıkamak zorunda kalıyorsunuz. yıkaması da öyle kolay değil. suya tutunca temizlenmiyor ovalamak gerekiyor. kağıt ürünleri tercih ederim.	0
i̇lk üç kitabı beğenerek okudum.bu kitabın 3 kitabın bir birleşimi olarak erkek karakterin bazı anlayamadığımız duygularını anlatan bir kitap olacağını düşünmüştüm ama ilk kitabın birebir kopyası olmuş.tek fark bay grey anlatıyor.beklediğimi bulamadım.hayal kırıklığı oldu.	0
erkek arkadaşıma doğum günü hediyesi olarak aldım ve çok beğendi. ıslak ve kuru seçeneklerinin olması kullanım açısından çok rahat olduğunu söyledi. çok memnun kaldı.	1
ürünü iyice araştırdıktan sonra aldım forumlarda bahsedilen ısınma sorunu vs. bence abartılı biraz ısınma oluyor ama diğer telefonlardan az bile ısınıyor diyebiliriz.	1
evimde bir çok ufak alet var sinbo marka. hepside gayet güzel ve iyi bir şekilde çalışıyor. kalite olarak değme markalara taş çıkarırlar. ama maalesef büyük bir istekle aldığım bu ürün berbat çıktı. ilk olarak acil olarak kullanmak istediğim kesme bıçaklarını ters monte etmeleri beni çileden çıkardı. ürün hatasıdır değiştiririm dedim ama bu seferde rende bıçaklarını kontrol ederken rende platformunun dişlilerinin motora  ulaşmadığını gördüm. daha sonra diğer aksesuarları da incelerken ürün kalitesinin çok çok kötü olduğunu gördüm. üründe diğer emsal ürünlerde olmayan bir çok inovatif fikir var ama malzeme kalitesi yerlerde.	0
telefonun pilini hemen tüketiyor ve çok ısınmasına yol açıyor. uygulamalar da yetersiz.	0
isletme calisanlarimiza aldik. kaliteli, gercek deri. fiyati cok ucuz olunca bu kaliteyi beklemiyordum. tesekkurler.	1
i̇phone 6s kullaniyorum, tumsek ve cukurlarda kesinlikle telefonu tutmuyor. ulkemiz yol sartlarina uygun bir urun oldugunu dusunmuyorum.	0
vakum olayı tamamen saçmalık fön makinasını 2 kere düştükten sonra vida olayına geçtim vidalamak kesin çözüm	0
arkadaşlar şuan bu telefondan yaziyorum. telefon hızlı calisiyor ve şuana kadar hiç kasmadi. telefonda şuan 40 uygulama var ve sorun yaşamadan çalışıyor . arkadaşlar telefonda biraz ısınma sorunu var buda snapdragon 617den kaynaklaniyo ama kap takarsaniz hissetmiyorsunuz . evet şarj uzun gitmiyor çünkü ekran s arji yiyor ama çok oyun oynamaya rağmen 8 saati çıkarıyor . buda benim için yeterli . arkadaslar telefon güzel bence alın . tavsiye ederim.	1
urun bende var aşırı memnunum çok konforlu ve diğer mouse lardan daha çok zevk veriyor. normal mouse ile oyuncu mouse arasında bişey. çok guzel kesinlikle tavsiye ederim	1
çok üst sınıf ve ekstra özellikleri yok, klasik bir çaycı aslında. ben kettle yerine de kullanıyorum. suyu ısıtma hızı oldukça iyi. alt ve üst haznelerin hacimleri gayet yeterli. tamamen çelik olması sağlık açısından güven veriyor. ayrıca demlik kısmının da çelik olmasının ayrı bir avantajı daha var. kesinlikle çayın daha güzel demlendiğini söyleyebilirim. tüm bunlar dışında inox dış yüzeyi şık görünüyor.	1
kapısında ki kulplar için tek delik açılmış ve ayrıca kapakları da ayarsız.	0
aracım 2000 model astra 1.6 hb	0
evde ne kadar vida varsa hepsini kullandım tutturmak için	0
kaılıcılık sıfır..10 dakika sonra sıkmamışsınız gibi.koku ise abartıldığı gibi değil.(zevk meselesi elbet)yorumlara bakarak aldım.ancak şuan çoğunlukla odaya sıkıyorum inanın.	0
5 tane sıradan uygulama ile ( ki bunlar oyun falan değil whatssap google çeviri ingilizce sözlük ) ısınıyor. yorumlarda ısınma sorunu yok dediler inandık. telefon arasıra 5-6 saniyelik donmalar yapıyor. kutu içinde kulaklık yok uyduruk bir şarj aleti çeviricisi koymuşlar. aklınız varsa almayın derim	0
- valizler fotoğraflarında görüldüğü gibi parlak ve pürüzsüz değil. aksine, sanki daha önce kullanılmış gibi mat ve pütürlü bir görünüşleri var. hatta bazı kısımları sürtünmeden dolayı matlaşmış.	0
ev ve bahçedekiler beğenmedi. sokaktakiler ve kargalar için fena değil. bu fiyata zaten başka birşey beklenmez. et yüzdesi 6% yazıyor üstünde zaten. basit bir matematik hesapla marketten alınacak dökme tavuk eti kediler için daha uygun geliyor :)	0
ürün resimdeki gibi değil çok küçük. halkbankasından aldığım hgs içine sığmadı. standart boyutta değil o yüzden bir işe yaramadı.	0
en çok satan çocuk bisikleti olmasına rağmen hiç yorum yapılmayan bir ürün olduğunu gördüm.sipariş verdim bugün elime ulaştı. ürün güzel, kızım çok sevdi ama malzeme kalitesinin biraz düşük olduğunu belirtmek isterim.	0
bu seferki tablo için gönderilen yapışkan bantlar çok ince ve kalitesiz ayrıca baskı kaliteside düşük geldi.	0
fiyat performans çok iyi kesinlikle tavsiye derim	1
sertlik ayarları için tellerini yerine düzgün oturtmak gerek buna ragmet çok yumuşak. 1 ay hastanede yatan adam egzersiz yapmaya karar verirse böyle bir bisiklet tercih edebilir. sapasağlam bir adamsanız yokuş aşağı yürümek gibi bir deneyim hissettiyor. karar size kalmış!!!!	0
ürünü henüz deneme fırsatı bulabilmiş olamasamda hızlı gönderim ve de inanılmaz kolay kurulumun olması 5 yıldızı daha başta benden almasını sağlıyor..	1
koltuğu arkaya yatıramadım, sopa yutmuş gibi dil oturuyorum. altaki topuz mu işlevini yerine getirmiyor, tam çözemedim. başımı desteklemiyor, bu ben de bir hayal kırıklığı yarattı. fotoğraflarda yumuşak olduğu izlenimi veriyor, ama orta sertlikte. bence sertliği normal. kilom 100 ve boyum 1.82 ve yaşım 48 ve bana oldukça rahatsız geldi, bütün gün sopa gibi dik oturamam. bu bir memur koltuğu, genç insanlar rahat edebilir, ancak kesinlikle bir manager koltuğu değil.	0
daha önce bir arkadaşımda gördüğüm benzer bir ürün  köpek ve kediler üzerinde saldırı anında ikna edici bir belirti gösterdiğini  gözlemledim ve özenerek aldım	0
öncelikle ihtiyacım olduğu için ve de fiyatı cazip geldiği için aldım...daha kullanmış değilim...yorum için biraz erken olabilir...fakat görüntü itibarıyla güzel gözüküyor...hortumun cihaza takıldığı yer çok sade geldi bana...belki gövdeye takıldığında tutması için bir pim düzeneği kurulsaydı daha iyi olabilirdi...çıkabilir endişesi duyuyorum...bir de borular metal olsaydı süper olabilirdi...teslimat mükemmel...i̇ki gün içinde elimize ulaştı....sunulmuş bu hizmet için tüm çalışanlara teşekkürler ve başarılar...	0
duruş olarak güzel ancak kurulum klavuzu adamı yanıltıyor. vidaları kapatmak için gönderilen yapıştırmalar da kötü. yakında çıkar zaten	0
hızlı servis en önemli özellik bence.	1
eşimin sürekli kullandığı parfümlerden biridir. gerçekten kalıcı ve etkileyici bir parfüm üstelik piyasaya göre burada fiyatı daha uygun gördüm. hediye olarak düşünmeden alınabilecek bir parfüm.	1
ürün tahmin ettiğim gibi oldukça iyi düşünenler tavsiye ederim pişirmesi de gayet keyifli.	1
ürün güzel şıuk fakat müzik dinleyemiyorum telefonum vodafone 945 bilgisi olan varsa paylaşırsa cok sevinirim kulaklığın titreşim olayı cok hos tavsiye ederim	0
hızlı ve güzel bir ürün	1
2 veya 3 kişilik aileler için ideal bir makine fiyatı da çok uygun bence üstelik hızlı gönderi küçük olması avantaj bence kaldırıp istediğiniz yere koyabilirsiniz kesinlikle tavsiye ederim tabi çekirdek aileyseniz :)	1
kek yanlarından akıyor. hiç kullanışlı değil	0
kaliteli bir ürün.memnun kaldım tesekklrer.	1
kaliteden taviz vermişler	0
beklentileri karşılayabilecek kalitede bir dolap olmasına karşın paketleme gerçekten çok vasat ufak tefek hasarları mevcuttu, ama fiyata göre idare eder, kullan at tarzı diyebiliriz.	0
ürün görselde ki ile aynı sıkıntı yok ama kumaşı aşırı ince ve tutma kolu çok kalitesiz gibi duruyor ilk seferde elimde kalmazsa iyi eğer çok sık kullanmayacaksanız alınabilir ama sık kullanacaksanız uzak durmalısınız.ben yılda 1-2 kez kullanacağımdan aldım belki beni idare edebilir ama biraz umutsuzum açıkcası :)	0
eşimin toza karşı alerjisi olduğu için su filtreli bir cihaz alalım diye düşünerek aldık. makineyi çalıştırdığınızda içerisine koyduğunuz suyun bir süre sonra çamur haline dönüşmesi makinenin iyi olduğunu gösteriyor ancak her defasında temizleme ihtiyacı bir süre sonra işkenceye dönüşüyor. yani yere bir şey döküldü hemen makineyi getirip süpüreyim olmuyor. i̇çine su falan koyacaksınız sonra tekrar su ile temizleyeceksiniz. su filtreli makine almayı düşünenlere tavsiyem tekrar düşünün. pratiklik isteyenler için hiç de kullanışlı bir cihaz değil...	0
i̇ki gün önce kargodan geldi gerçekten güzel ve şık bir kafes tavsiye ederim ayrıca hepsiburada ya teşekkür ederim piyasa fiyatının altında aldım	1
fiyat iyi ama sağlam değil	0
erkek köpeğe pembe gönderdiler sipariş hızlı ama renk sıkıntı..	0
yorumları okudum ve begendim özellikleride süper saglam bir telefon tavsiye ederim yabancı kişiler kazanacagına türkler kazansın daha i̇yidir  . . . !	1
bu haliyle tavanın iki tarafını kullanmak ocağı kirlettiği için zor, kapaklı bir tava kullanmak daha uygun ve ekonomik.	0
ayarlanabilir olması mükemmel bir özellik.tek sıkıntı kaça ayarladığınızı anlayamamanız oda bu fiyatta bulunmaması doğal bi özellik.kokusu felanda yok anca burnunuzu dibine sokup silikonlu tutacağı koklarsanız alırsınız onun kokusuda bikaç gün içinde geçer diye düşünüyorum.tek eksisi eliniz benimki gibi çok terliyorsa silikon tutacaklar yüzünden kaygan olabiliyor.benim gibi eli aşırı terleyenler eldiven ile  deneyebilirker ellerinden kaymasın diye.	1
ürün malzeme anlamında hakikaten kaliteli ama, 31 aralık 2016 itibariyle whatsapp desteği bitiyor. bunun gibi pek çok destek de sona erecek. almayo düşünenlere ufak bir uyarı. ben yandım siz yanmayın.	0
malzeme kalitesi çok kötü değil ama ürün resmen tasarım hatalı. gönderilen parçalarla birleştirmek imkansız. tv'yi üzerine koyduğunuz an dağılır. ek parçalarla sağlamlaştırmak zorundasınız.ben 16 tane l demir  kullandım. kurulum kağıdında parçalar yanlış numaralandırılmış ve açıklamalar çok yetersiz.el kadar kağıt, rakamları okumak imkansız gibi.fiyatı çok pahalı olsaydı daha çok yazardım ama bu paraya bu malzeme! çok şey beklemeyin.	0
çocuklar için 2 adet aldım.kordon boylarını ayarlayıp kullanmaya başladılar.hızlı kargolama.bu fiyata bu ürün!çok sade ve güzel.	1
ses konusuna gelirsek, tiz ve midler orta düzeyde. baslar bir subwoofer etkisi yaratmıyor kısa ve net ama kesinlikle kötü değil. bu fiyata daha iyisini bulamazsınız. mikrofonlu, orta derece kaliteli ve uygun fiyatlı bir kulakiçi kulaklık arıyorsanız doğru ürüne bakıyorsunuz.	1
eşime aldığım bu ürünü beklediğimiz gibi harika çıktı. bu parfümü eşime anneler günü hediyesi olarak almıştım, biraz erken verdim hediyesini ama kokusu olsun görünütüsü olsun çok güzeldi.	1
merhaba arkadaşlar bu mesajı okumadan önce bu telefonu almayı bu telefonu bir buçuk sene önce aldı bir sene çok iyi gitti şimdi çok aşırı ısınıyor 2 şarjı 70 gösterirken kendi kendine kapanıyor	0
roller lamy uç kullanıyorum mürekkep akıtması çok kötü yazarken akıcı değil çok başarısız bir kalem	0
askere giderken kullanmak için aldım. hem orjinal casio hem de kompak... bence bu tip bir durum için düşünen versa çok düşünmesin alsın...	1
görünüşü, uç bisiklet taşıyabilmesi ve bisikleti tutan cırt cırt bantlar çok güzel. fakat bisikleti tutan kauçuklar kayıyor. kısa mesafe de kullandım. az daha gitsem trafiğin içinde bisikleti yola bırakacaktı. bunları bir şekilde sabitlemek gerek.	0
orijinal ve uygun fiyatlı ürün, süper hızlı gönderi. sonsuz teşekkürler...	1
kahve öğütme ayarı çok olmasına rağmen türk kahvesi inceliğine ulaşamıyor, diğer basit öğütücüler gibi tuz veya baharat çekmek te mümkün değil. kısacası aldığım delonghi ürünlerinden hep memnum kalmama rağmen bu ürün hiç bir işime yaramiyor....	0
çok beğendim güçlü süpürge hizli kargo satıcı da güvenilir.	1
gerçekten çok pratik ve kullanımı kolay bir ürün. hayatınızı kolaylaştırabilecek bir ürün. akım koruması olması özellikle on numara.	1
idare eder . üstündeki bantı açarken yazıları da kopmasa ...	0
kapağı oturtmak zamanınızı alıyor. dolayısıyla kışlık sos yapacağım zaman sıkıntı olacak.	0
baskı kalitesi iyi değil ama iş görür	0
üç kez aldım. üçünde de yaz sıcağında ürün camdan düştü. keşke yapışkan kısım biraz daha dayanıklı olsaydı.	0
bu zamana kadar kullandığım en raha en kolay ve kullanışı çok kolay olan bir telefon.bu telefonu alıp kullanmanızı ve denemenizi isterim göreceksiniz nasıl rahat ve kullanışlı olduğunu.	1
eve aldım. hanım çok sevindi ve sürekli kullanıyor. hem kullanışlı ve hemde yer kaplamıyor. ev içinde taşıması kolay.	1
ürünü eşime aldım çok beğendiğini söyledi. tahriş yapmama konusunda gerçekten başarılıymış. biraz pahalı ancak değer diye düşünüyorum. alacak olanlara tavsiye ederim.	1
kullandığım diğer spigen ürünleri gibi şık, parik ve kaliteli. biliyorsunuz spigen ürünleri biraz pahalıdır, ancak burada hepsiburada yardımınıza koşuyor. bu kalteli ürünü çok makul bir fiyata buradan almak çok güzel bir duygu. ürünü yaklaşık bir haftadır kullanıyorum. kesinlikle sorun yaşamadım. kutu içinde sunulan dikdörtgen ve yuvarlak metal plakalar telefonunuzun ağırlığına göre seçim yapmanızı sağlıyor. i̇lk başlarda araç içi kullanım sırasında telefonumda bazı ses fonksiyonlarının kaybolduğunu gördüm ve manyetik tutucunun buna neden olabileceğini düşündüm. ancak konu manyetik tutucuyla alakalı değil. telefon araç içindeyken bluetootha bağlı olduğu için bu fonksiyonlar engelleniyor. bu kaliteli spigen ürününü çok makul bir fiyat ve süper bir hizmet anlayışıyla bana ulaştırdığı için hepsiburada ya teşekkürler...	1
çok fazla bi beklentiniz olmadan alın çok beğenmedim ama yine de astım bi köşeye fena durmadı	0
kullandım gerçekten çok güzell çok beğeniyorum	1
bu fiyata kargo ücreti olmadan bu boyutta başka hiçbiryerde bulamayacağınız bir ürün. üstelik pompası da yanında geliyor ve en geç iki gün içinde elinizde oluyor. bence kaçırılmayacak fiyat	1
kitapçığı çok yetersiz.montaj çok zor..kitapçığı açıklayıcı değil..maine ile uyumsuz.yine de çalıştırdım..	0
cizirtili biraz onun haricinde guzel net sesi var	0
umarım bu bilgiler yardımcı olur.ürünü hepsiburada sorunsuz olarak birkaç günde gönderdi	1
3-5 ay kullanmak için gayet yeterli kalitede bir ürün, bebeğim oturma kısmında da çok rahat etti. yükseklik ayarı mevcut, ortdki direksiyona basınca müzik çalıyor, tekerlekleri kolay dönüyor, bu sayede çocuk rahatça istediği yöne gidebiliyor. kesinlikle tavsiye ederim. 2 günde hızlı ve sorunusz teslimat için hepsiburada.coma ayrıca teşekkür ederim.	1
makina şuanlık iyi gözüküyor yıkıyor işte :)	0
bu kitabı okuyupta etkilenmeyen yoktur herhalde gercekten yaşamaında değişim istiyorsanız. bende arkadaşlarıma hediye için aldım umarım beğenerek okur ve uygularlar.....	1
güzel ürün, şimdilik iyi görünüyor.  ama hız açısından daha iyi olmasını bekliyordum	1
ürün teslimatı çok hızlı gerçekleşti. görüntüsü biraz içimde şüphe uyandırmıştı ama ürün de beklentilerimi karşıladı. hizmet memnun ediciydi. çok teşekkür ediyorum...	1
ürünü denedim en yüksek şiddette fena değil ama direk mekik türlerini yapmak bence daha faydalı.en güzeli doğal şekilde spor yapmak.	0
ürün çok iyi. beklentilerime  cevap verdi.	1
eğer odanıza asıp bakacaksanız şeklen güzel. fakat ne baslarda ne tizlerde iyi bir performansa sahip değil. ayrıca sağ tarafta en hafif baslarda bile ses patlıyor sesi açtığınız anda duyduğunuz tek şey gürültü. tamam fiyatı ucuz o açıdan değerlendirmek lazım fakat 5 lirada verseniz bu gürültüye katlanmak zor. yani şekline kanmayın. bu arada mikrofonu henüz denemedim fakat beklenti içerisinde de değilim.	0
azra hanımın hayatınıza ince bir dokunuşu..her sayfasında her bölümde kendinizi görüp kendinizi eleştirebileceğiniz bir yapıt.kesinlikle tavsiye ediyorum.	1
süper teşekkürler hem uygun fiyat hem son kullanma tarihi 6-7 aydan aşağı değil. i̇ki paket aldım kargoda ödemedim.	1
birkaç senedir devam eden android kullanım tecrübeme samsungla devam etmeye karar verdim. iyikide samsunga yönelmişim. s7 tabiki tartışmasız sınıfının en iyisi. ürün hepsiburada.com dan sorunsuz bir şekilde geldi. kargo sürecinde ufak bir sıkıntı yaşadım. belki kısa bir süre ama 1 gün geç ulaştı elime. ayrıca kargo paketlemesi daha iyi yapılabilirdi. yinede herşeye rağmen teşekkürler hepsiburada.com.	1
gerçekten önceden monitör kullanmamışım kendi adıma. neredeyse bir yıldır kullanıyorum ve memnunum fiyatı çok daha düşükken almıştım.	1
ürün kesinlikle işe yarıyor ancak led ampulun ışığı kullanım esnasında göze giriyor normalde isigi kullanan kisinin görmemesi gerek.yinede hizli kargo icin hepsiburada ya teşekkürler	0
sessiz. ıslak zemin tutuşu gerçekten harika. alinabilecek en iyi kış lastiği. hiç tereddüt etmeyin.	1
yaklaşık 1700 sayfa sonunda koca bir hiç	0
i̇phone 6s plus'a kullanışlı değil bilginize.	0
fiyatına göre çok güzel bir ürün. piyasada bu fiyatta satılanlardan kat kat güzel.	1
ürün kötü değil ancak kullanışlılığı yok. ben denemek için aldım hoşuma gitmedi.belki geniş ailelerle için işe yarayabilir  ürünü tavsiye etmiyorum	0
telefonu fiyat performans karsilastirmasi yaparak aldik . 2 ay hersey normaldi . sonra avize kulakligindan ses gelmez oldu karsi tarafi hic duyamiyorsunuz . i̇nterneti bu konuda arastirinca bu modellerde kronik hoporlor ve kulaklik problemi oldugunu ogrendik . 100 lerce insan bu konudan muzdarip . firma genel olarak sw guncellemesi ile problemi çözebilir ama ilgilenmiyorlar . tamire giden tele reset atip geri gonderiyorlarmis . sorun bir muddet sonra yine çıkıyor .dikkatli olun .	0
bu markayı ilk kez denedin ancak bilinen diger unlu markalardan cok daha kaliteli, fiyatınında markettekinden daha ucuz olması ise cabası. kesinlikle düsünmeden alabilirsiniz.	1
- yerli malı. ancak daha özenli ve kaliteli yapılabilirdi.	0
süper hemen 1 adet daha sipariş veriyorum.	1
i̇şinizi görür pahalı markalara gerek yok	1
ctroen c3 direksiyonuma tam oturdu fakat gerek ipi olsun gerek dikisleri olsun yeter kadar saglam degil.. tamamini dikene kadar 3 defa ip koptu asilmaya gelmiyor, asilmasan dikisler birlesmiyor.. kirmizi dikislerin bitarafi koptu malesef direksiyon simidinin kucuk bosluklarinin bi tarafinda kirmizi dikis koptugu icin goruntu olarak hos olmayan bi durum meydana geldi.. bi sekilde deriyi delerek birlestirdim.. genel olarak guzel oldu fakat daha saglam bisey beklerdim	0
eşim bu kokuyu bana aldı. sipariş aşamasında yorumlara bakarken hacı yağı ve tütün kolonyası gibi yorumlar gördüm ve moralim bozuldu. koku geldiğindeyse bu önyargıyla hacı yağına benzettim ama sonra o izlenimim tamamen kayboldu. şuan istesem de hacı yağı kokusu alamıyorum.  kokuyu sevdim alıştım ama şimdi de kalıcı olmadığına karar verdim. evden çıkarken sıkıyorum. gün içinde kokuyu sadece sıkarken duyuyorum sonra hiç almıyorum. yine de fiyatına göre iyi bir parfüm.	0
iki seferdir aynı ürünü alıyoruz.  1 yılı dolunca cihazın içi yanıyor. biz yandık siz yanmayın.	0
ürün çok kuvvetli. 10 dakikada kurutacağınız saçı 5 dakikada kurutup şekillendirebiliyorsunuz böylece hem elektrik hemde zaman tasarrufu oluyor fön çekme kabiliyetiniz yoksa bile zorlanmıyorsunuz ben çok araştırdım eski fön makinam çok iyiydi onun üstüne yenisini almak için çok bekledim en uygun hepsi burada comda tavsiye ederim ideal bir ürün.	1
öncelikle diş arası fırçasının ucuna takılan parçasıdır. diş aralarında fırçanın ve diş ipinin bile alamadığı yerlerde etkilidir. düz ve konik tipleri olduğundan alırken çapı ve tipi size uygun olanı seçmeniz faydalı olacaktır.	1
ürün şimdi elime ulaştı çok kalitesiz, sert ve şekil bozukluğu var almak isteyenlere tavsiye etmem...	0
burada göründüğünden daha kötü.olumsuz yorumları görmüştüm ama o kadar kötü olabileceğini tahmin etmemiştim.kutuyu açınca şok oldum.hatta kılıfını ambalaj sandım ama maalesef değilmiş.keşke daha özenli yapılmış bir ürün olsaydı.	1
herkesin okuması gereken bir kitap.ancak herkes anlayabilir mi bilmiyorum.bir peri masalı ve biz hergün bu masalı dinleyerek uyuyoruz...	1
bebeği yıkar gibi yıkıyorum. ve hala da yüzeysel çizikler yok denecek kadar az. kaldı ki arabam siyah renk.	0
çok beğendim almanızı kesinlikle tavsiye ederim	1
2- kamera ve video oynatması hiç iyi değil.	0
piyasa dan daha ucuz	1
beğenmediğim yanı: kutudan çıkan kulaklığın ve şarj kablosunun kalitesiz olması	1
uzun araştırmalar sonucu bu fiyata alınabilecek en iyi koltuğun bu olduğuna karar verdim ve aldım. pişman olmadım çok kaliteli ve kullanışlı. iki günde elime ulaştı..	1
ürünü modial zc150 scootera kendi çabamla taktım. ürünün bağlantı şemasından pek bişe anlaşılmıyor. motorda ekstra bağlantı söketi yoksa takacak arkadaşlar aynı bu şemayı izlesin. ön gögüs açılcak kontak girişlerine ulaşmalı kırmızı kaplo kontaktaki kırmızıya  bağla siyah kaployu kontaktaki yeşil kaploya ..kahverenki kaployuda kontaktaki siyah kaploya ..bu işlemle ürün çalışır halede olcak ve kumandadan kontağı açar hale gelcek daha sonra mavi kaployu direksonyan gelen marş tuşunun kaplosu sarı ve kırmızı rekte olan tek kaploya bağlıyoruz artık kumandadan hem kontak hemde marş basar hale gelir .basik işlem daha sarı iki kaployuda sinyal  lambalarının (+) kısmnına eklioz.. motordaki tüm yeşil kaplolar  (-) bir diğerine ..ürün hazır hele gelir. kolay gelsin diğer arta kalan kaploları takmanıza gerek yok. ürün kaliteli hoş sesi var.	1
fairy deterjani hep buradan istiyorum ve kisa surede elime ulasiyor. urunde hepsiburada da harika. tesekkurler.	1
kesinlikle tahriş etmiyor sıfır alması için de uğraşmanız gerekebilir. ama cok uzunca bir süre kullanirsinizi eski modelini calisir vaziyette geri dönüşüme yolladım hala calisiyorsu yaklasik bi 4 yil kadar kullanmistim bunun da bi o kadar gidecegini ilk calistirdigimda anladim zaten. philip bu konuda gercekten cok iyi	1
ürünü burada yazılan yorumlara güvenerek aldım ilk geldiğinde bayağı bir koku vardı ama şimdi çok az kaldı kokusu yatak gerçekten çok rahat sırt ağrılarından yatamıyordum uzun zamandır ilk defa rahat yattım teşekkür ederim hepsiburada ya	1
bu kadar güzel ve ucuzu yok	1
hepsi buradaya teşekkür ediyorum.	0
büyük boy nemlendirme cihazıma, parfümün kapağı ile bir ölçek döküyorum, gün boyu tüm odalar mis gibi kokuyor. fresh tavsiye ederim.	1
fiyati nekadar ucuz olursa olsun şu telefona bi flash koymamak çok saçma. telefonu rastgele birinde gordum. diger yönlerinide tavsiye etmiyorum.	0
hızıda güzel	0
3- kapağı tutan menteşe biraz cılız. dışındaki mavi görüntü plastik kaplamadan dolayı, yani cam değil. resimlerdeki gibi karizma beklemeyin.	1
bandrollü geldi orjinal olabilir ama kalıcılık sıfır farkedilebilirlik sıfır	0
kitabı aldıktan sonra hemen okumaya başlayamadım ama başladıktan sonra da elimden bırakamadım.elimde kim görse herkez okumak için istedi.sabırsızlıkla okunabilecek çok güzel bir kitap.	1
fotograftaki ürün değil. minyatür gibi. tavsiye etmem.	0
sonaxın birkaç ürününü hepsiburadadan aldım fakat sadece bu ürün beklentilerimi karşılamadı açıkçası parlaklık falan yok temizleme gücü tartışılır toz tutuyor hala!şayet yorumlara bakılırsa ben bir istisnayım...	0
bi̇r çok ürün almıştım 6 taksit seçeneğinde kargo bedavaydı ancak fotokopi kağıdı olduğu için bu kampanya dışı olduğu için kargo bedelini tahsil ettiler. bunun dışında ürün gayet iti.	0
kendim için kullanmaya başladım ve çok hassas, ,kısa tüyleri bile kesebiliyor.vücuda  alerji yapmıyor	1
-oldukça güçlü;toz toprak ne varsa çekti	1
yaklaşık bir yıldır kullanıyorum.aldığım zaman çekim gücü daha iyiydi.gün geçtikçe düştü.	0
cok guzel bır urun ben artvınden sıparıs verdım bunu  cokta memnunum tesekkur ederım bu adres olduktan sonra hıcbır musterı caresız kalmaz	1
hızlı kargo dürüst satıcı. teşekkür ederim başarılar dilerim.	1
tam beklediğim gibi geldi. herhangi bir sorun yaşatmaz. görüntüsü de kaliteli ve sağlam.	1
degil köpegim sokak köpeklerine verdim yemediler öyle duruyor	0
merhabalar , hepsiburada üzerinden sık alışveriş yapıyorum bu sebeple yorumların kıymetini çok biliyorum. telefonu çok fazla araştırıp aldım. saf android olması cihazın hızını kat kat arttırmış program ve oyun performansı çok başarılı. kamera konusunda ön kamera muhteşem fotoğraflar çıkarmasa da arka kamera gayet başarılı. cihaz çok şık prestijli bir görünümü var ve motorola kullanmak bence bir ayrıcalık mutlaka denemelisiniz. fiyatı ekonomi sınıfı olup performansı üst sınıf olan ender cihazlardan.	1
vidası gevşek ve plastiğı biraz kalitesiz ama çok güzel fiyatina gore cok iyi	1
eski kalitesinde değil. ürünü çok bozdular. bezin arka kısmında yumuşak doku olacağı yerde bölge bölge sertleşmiş pamuk-pudra karışımı maddeler var ve bunlar da çocuğun poposunu çok tahriş ediyor. çocuğum sürekli poposundaki bezden şikayetçi olmaya başladı.	0
ürün çok iyi tavsiye ederim. henüz yere düşmedi. i̇nşallah düşürmeyiz:) bakacaz artık.	1
telefon adeta akıyor çok güzel. yeni aldım 1 hafta oldu. kamerası gerçekten bu fiyata cok çok iyi. tavsiye ederim	1
1liralık sünger sonuçta çokta beklentiye girilmemeli	0
resimde görüldüğü gibi hoş durmuyor sag taraf uzun ıkı boru yerine ıkı parça halınde boru geldı yamalık gıbı duruyor ön kısmı resımdekı gıbı açılmıyor kısacası bu paraya değmez pişman oldum	0
fakat kauçuk üzerindeki vidalamaya yarayan beyaz plastik parça kısa kalıyor .3 adet aldım bir tanesi çok kolay oldu ikisi ise kısa kaldığından monte etmek çok zor oldu iki parmağımı kesti uğraşırken kağıt üzerindeki metalin keskinliğine dikkat edin.yarım milim daha uzun olsa çok basit olacak.	0
ihtiyaca yönelik. 9 kg. ve a+++ olmasına karşın fiyat gayet makul.günde en az 2 kez çamaşır makinası çalıştıran biri olarak memnuniyetim iyi ötesi.	1
çok menmun kaldım,odanın her köşesinden tv ye bağlanabiliyorum...teşekkürler..	0
i̇deal boyutlu, bu fiyata alınabilecek bir ürün... bir haftadır kullanıyorum hiç sıkıntı yaşamadım... alıcısı nano olsa çok güzel olurmuş... tavsiye ederim...	1
genaral mobile android one 4g ye uyumlumu daha once baska marka aldim ama uuymadi	1
gayet iyi ben begen dim	1
ürünü alalı 1 sene oldu hortumu plastikten çok kalitesiz parçalandi çekim gücü çok kötü hazneyi bosaltirken evi tekrar süpürmek zorunda kalabilirsiniz bunu alacağınıza sıradan bir toz torbalı süpürge alın daha iyi	0
bu mama çok iyi. herkese tavsiye ederim. anne sütü gibi içim çok rahat. eğer bebeğiniz anne sütü almıyorsa ya da az geliyorsa gönül rahatlığıyla bu mamayı kullanabilir.	1
akşam sipariş verip ertesi gün öğleden sonra aldım. nexus 5'i şuanda 2 kere doldurdu %50'e geldi. performansı gayet iyi.	1
piyasa fiyatının altında alıyorsunuz kalite dışara satılanlar ile aynı	1
tutma yerlerindeki gri plastik hemen aşınmaya başladı, pul pul dökülmeye başladı.sertlik konusunda tatmin edecektir fiyata göre değerlendirirsek alına bilir .	0
iki parcasında ayaklar dengesiz ve profil kaynakları idare	0
ürün için ilk izlenimlerim olumlu, evde tekrarlayıcı (repeater) özelliğini kullanmak için aldım, önceki prize takılan tp-link extender cihazımda özellikle mobil cihazlarda ip problemi yaşıyordum ve internet yavaştı, bu cihaz ilk kullanımlarımda sorunumu halletmiş gibi duruyor, ev ve küçük ofisler için ideal olduğunu düşünüyorum.	1
ürünü aldım fakat memnun değilim 1 -2 dk çalışıyor duruyor. soğumasını bekleyecekmişsiniz  o da 5 dk. arıza için gönderdim 18.06.2012 de hala bekliyoruz değişim için	0
farede fena değil faydası fazla,	1
-yataga uzantiginiz an icine gömülüyorsunuz ve bu belli bir süre sonra rahatsız etmeye başlıyor.	0
bu fiyata alib-nacak en iyi telefonlardan birisi. daha ne olabilirdi ki?	1
artılar;	1
beklentilerimizin çok altında bir malzemeden yapılmış şuana kadar aldığım en kötüsüydü.	0
urunu koltuk ve plastik dosememe kullandım.diger siradan urunlerden hiç ama hiç bir farkı yok.kokusuda limonumsuvari bir koku.yani hiç bir ozelligi olmayan bir koku.beklentilerinizi buyuk tutmayin hayal kırıklılıgına ugruyorsunuz.arastirildiginda daha ucuzada bulunabiliyo.	0
buhar kazanlı  bir ürün almak için araştırma yaparken bu modeli gördüm. ürün özellikleri, markası, fiyatı beni etkileyen faktörlerdi. ürün ikinci gün elime ulaştı. kullanım için hemen çalıştırdım. su haznesi, buhar gücü, tabanı ve hafifliği ile  paramın karşılığını fazlasıyla aldım. bu ürün piyasada en ucuz burada satılıyormuş, diğer sitelerde yüksek fiyatta görünüyor. herkese öneririm????ben çok memnunum.	1
açıkçası iade ettim, ön taraftaki ayarı açınca telefonu yerleştirdiğiniz alan oynuyor ve göz aralığı ayarlamak bana zor geldi gözlerim şaşı gibi oluyordu.	0
merhaba arkadaşlar ürün gayet güzel xiaone biliyorsunuz pawerbank ürünlerinde en iyisi diyebilirim kaliteli malzemelerden üretilmiş bir cihaz.	1
-makinenin plastik aksamının kötü yada koku yapması yönünde yorum yapanlara şu açıklamayı yapabilirim. ya kardeş, tozun toprağın, içinde çalışacak makinenin kokusu kötü olsa ne olur kötü olmasa ne olur. sizi rahatsız edecek bir koku yok arkadaşlar.	1
%65 2 gün rahat götürür demekki... tavsiye ederim daha ucuzunu bulamadım aldım pişman etmedi.	1
ancak oğluma biraz küçük geldi	0
ancak sessiz yazması çok çok komik çünkü normal bir elektrik süpürgesinin sesinin 3 katı daha fazla gürültülü.	0
başlık kısmı daha iyi dizayn edilebilir.daha iyi başlık malzemesi de kullanılabilir.diğer materyaller fiyatına göre normal.ayrıca, sitede ürün ile ilgili daha detaylı bilgi olması lazım.	0
leke çıkarmaya yarayan ölçü kabıyla basit bir ön işlem yaparak yaka kirlerinde daha etkili kullanılıyor.	1
kaliteli ürün süper fiyat tavsiye ederim.	1
kapatıcılığı hiç iyi değil benim yüzümde çok az belli olan lekeler olmasına rağmen onları bile kapatmadı hiç beğenmedim yüzde de ağır duruyo verdiğim paraya değmedi malesef	0
bir tane aldım şimdi 10 tane daha sipariş veriyorum süper bisey	1
yemeklerde asiri rahatsiz edici koku yapior onun disinda gayet pisirimi cok guzel..	0
ürün diğer aldığım akıl oyunları ile birlikte elime ulaşmadı. hepsiburada aracılığı ile yazışmalarımız devam ediyor.	0
3 yaşındaki oğlum mutluluktan havalara uçtu.görüntü olarak hem güzel hem sağlam turboya aldığımız zaman yetişmek i̇çin  ardından koşmak gerekiyor. akülü araba almak isteyenlerin en başta değerlendirmesi gereken bir konu çift motorlu ve 12 v olması da önemli bence iyiki almışım almayı düşünenler hiç tereddüt etmeyin alın.	1
arkadaslar tam bir gece parfumu ve gayet etkileyici kaliciligida basarili herkese oneririm edp olanini kullanmadim o daha fazla kalici olabilir	1
sütün üzerine su püskürterek köpürtüyor. üstünede nescafe döküyor. oluyor size ılık, sulu ve sütlü nescafe! gerçek kahve makinalarının tadı veya formatı ile uzaktan, yakından alakası yok! yorumları okudukça dehşete düşüyorum. kısaca kahve kültürümüz yok!	0
fiyat performans süper	1
tvyi ufak odam için aldım. hd ready olmasına ragmen görüntü kalitesi ve renkler gayet iyi, bu tarz bir tv arayanlar için tavsiye ederim	1
hortum tam 15 metre olarak uzamıyor. 13.7 metre tam uzunluğu , metre ile ölçtüm. tam ölçüye göre alacak olanlar ona göre düşünsünler	0
mama  parsına göre  fena değil   bugün başladım  yemeye başladılar   ileride göreceğiz   tşk  hepsiburadaya	0
uzun süre dayanıyor, başka bir yerden daha pahalıya almıştım. burada uygun, şekli de hoşuma gitti.	1
ancak ev halısı fırçalayabilirsiniz bununla, döşeme koltuk asla.. ben araç içi koltukları temizlemek için almıştım ama çok sert..	0
bebek bezi zaten bilindik ancak set cok guzel .	1
ürün öğrenci için bile kalitesiz	0
ürün açıklaması tam ve doğru beni tatmin etti hepsiburadaya teşekkür ederim	1
ürün çok basit ! tavsiye etmem !	0
ürünü başka bi yerden temin ettim alayım mı almayayım mı yorumlar çok tereddütte bıraktı. ama bu fiyatta rakibi yok. sesinden başlayayım. biraz gürültülü. ha 2 kat aşağınıza gitmez ses o kadar abartmaya gerek yok. su filtreli olduğu için çekişi iyi ama biliyorsunuz su filtreli süpürgelerçok meşakkatli. süpürme bölümünün malzeme kalitesi iyi eleştirmeye gerek yok. kasası daha kaliteli olabilirdi ama fena değil. ben bunu yıkama makinası olarak aldım. zaten süpürgem vardı. yıkama bölümü gayet iyi. yanında verilen deterjan çok kalitesiz. ben x marka iyisinden aldım. çok iyi köpürüyor ve hoş kokuyor. garanti falan servise belgesini götürdüm imzaladılar garanti başladı :) servis çağır kurdur falan gerek yok kendiniz kurabilirsiniz. en çok eleştireceğim nokta şu ; yıkama borusu plastik. sağlam kırılacak gibi değil. ama ortadaki eklem yeri sürekli çıkıyor. dikkatli kullanmalısınız. neyse ben gayet memnunum evde halı ve koltukları yıkadım. arabanın koltuğunu yıkadım. sonuç gayet tatminkâr. böyle bi makinaya ihtiyacınız varsa düşünmeyin. bütçeniz biraz daha kısıtlıysa hydra rain modeline bakabilirsiniz. bu plus olanıyla abartılı bi farklı yok	1
ürün fiyatı ile çok uygun ve güzel bir ürün. teşekkürler hepsiburada.	1
ilkkez bu tarz birşey kullanan birisi olarak reklamlara kandığımı düşünüyorum, o kadar da beğenmedim, ürün çok uzun 1 karış civarı, kafalarına banyodaki uçuşan mikropları korumak için bir koruma aparatı yapmayı düşünmemişler. fırça başlıkları tam tur atmıyor sadece titriyor kafalar da küçük olduğu için temizlediği alan sınırlı, normal firca daha kullanışlı bence.  2 tane makine 2 tane başlık geldi ama 2 başlıgında belinde pembe halka vardı, farklı renk koysalar kimin fırcası kimin olduğu belli olurdu. şarj aleti ise kablosuz olarak yerine tkınca sarj ediyor. sarj etmek istemezsenizyine sarj aparatının sağında ve solunda 2 ayak daha var onlara takılı olarak dik durabiliyor ama dige ayaklar biraz küçük makine eğik duruyor. resimde görünen  üstünde güç simgesi olan kutu ise seyahat kutusu ama tek fırçalık. arıca dişi fırçalarken ise sanki dişci dişinizi oyuyor gibi bir ses duyuyorsunuz kafa tasınızda. yorumlarda bu kadar çok begenen olması çok ilginç geldi bana. şu anki tecrübem olsaydı almazdım.	0
bu urunu tek basıma kullanıyorum alacaklara uyarım. alt tarafa yan yana iki tencere koyamazsınız birde donduru bölumunde buyuk buzdolapları gibi et balık vs saklayamıyorsunuz sadece su koyabilirsiniz o donuyor. sogutması guzel içicekleri süt ayran bira vs cok guzel sogutuyor. belirttigim gibi biraz kucuk olması dısında bu fiyata fena degil. iyi alışverişler.	0
izmirde bazı geçeler gökyüzünde mavi hareket eden cisimler geçiyor onları merak ettiğim için aldım,fakat hareketli cisimleri yalkalamak biraz zor, ve içinden çıkan iki adet aksam kullanılmıyor, veya nerede kullanıldığını çözemedim. bu fiyata idare eder.	0
gayet performanslı özellikleri dopru	1
artes 8 inç için çok küçük geldi...bunun dışında iyi bi ürün..	0
camlar kalitesiz plasikten yapılmış bulanık gösteriyor.	0
fiyatı ve teslimat hızı için teşekkürler.	1
ürün gayet kullanışlı ama çapı biraz küçük olduğundan ilk başlarda zorluk yaşayabilirsiniz.karın kaslarını gerçekten çok iyi çalıştırıyor kenarındaki lastiklerlede dengeyi rahat sağlıyabiliyorsunuz	0
ürün orjinali kadar hizli sarj etmiyor geri iade ettim.	0
telefona takdım ilk başta herşey güzel ondan sonra 40 gb resim olunca kendi kendine hata veriyor sonra bozuldu ve bütün bilgilerim çöp oldu yazıklar olsun hiç bepenmedim	0
ürün beklediğimiz gibi ve hızli kargo için teşekkürler	1
ürünü buradaki yorumlara göre aldım.ürünün visko yatakla uzaktan yakından alakası yok.yatak bile denemez bildiğiniz sünger şilte.	0
almadıysanız almayın çünkü müthiş akıtıyor... bugün alsalar seve seve geri veririm...	0
ürün hem ucuz, hem güzel. yön tuşlarının birleşik olmaması benim için kriterdi. titreşim de veriyor.	1
telefonu yaklaşık 15 gündür kullanıyorum şarjı bir günü rahat çıkarıyor ancak dokunmatik ekranı çok kötü sitede gezinirken başka yerlere giriş yapabiliyor kulaklıkla muzigi pek kaliteli değil (kaliteli kulaklıkla da denemeye ne rağmen ) genelde iyi ama ekran dokunmatigi nden dolayı pek memmun değilim	0
i̇nanılmaz güçlü bir ürün gerçekten süper ama çantası ufak tefek malzeme koymak için elverişli değil sadece taşıma amaçlı kullanılabiliyo makine süppppeeeerrrr	1
ütü sizi yorabilir.birde 15 günde bir kireç kırıcı  fonksiyonunu kullanmanız gerekiyor.yoksa eşim gibi 2 senede ütü yü atarsınız.suda damlatıyor.	0
özellikle video çekerken arka plandaki ışığı devamlı değiştiriyor. sık sık odaklama yapmaya çalışıyor. düşük ışıkta fotoğraf çekim çok kötü.  bu kamera sony'e yakışmadı. ben böyle kötü kamerayı daha önce görmedim.	0
eğer düzgün gelirse gerçek fiyatına göre güzel bir ürün evde oyalanmak için amatör orta arası bir derecede hobi olarak edinmek için güzel ürün	1
tek tusla temizliyebiliyorsunuz +	1
zarif, şık ve kullanışlı. çok araştırdım, bu fiyata alınabilecek en iyi telefon hatta bence fiyatı daha yüksek telefonların çoğundan daha iyi	1
ürünü sipariş ettikten bir gün sonra kargoya verdiler,ve yaklaşık üç gün sonrada elime geçti,kısa zamanda ulaştırmış olmaları,çok güzel,	1
kurulumu 5 dakika sürdü.	1
oldukça iyi bir ürün tavsiye ederim baya büyük bahçe için ideal. ben odaya kurdum fazla büyük	1
kabloyu pc mi tv ye bağlamak için aldım ses ve görüntüyü sorunsuz aktardı uygun fiyat ve kalite.	1
renkli ler için ayrı	1
kurulumu 2 dk sürüyor. fakat pekte sağlam bir ürün değil. 1 haftadır kullanıyorum ayaklarından biri sürekli çıkmaya başladı. ve süngerinin orta kısmı da hafif içine göçüyor. daha kaliteli bir ürün almadığım için biraz pişman oldum diyebilirim.	0
altınlar 2010 yeni tarihli geliyor.çekinmeden rahatça alın taksit avantajı da  oldukça güzel  oldugunu dusunuyorum.güvenle alışveriş yapa bilirsiniz.teşekkürler hepsiburada.com.ileride tekrar alacağım.	1
yani denilebilirki	0
denemediğim ve kullanmadığım parfüm kalmadı.en sonunda arkamdan kim kokuyor, bu koku nerden geliyor kelimeleri duymak süper oldu..herkese tavsiye ederim.	1
1.5 senedir kullanıyorum eğer almak istiyosaniz 8 gb dahili depolama olduğunu unutmayın. zaten yarısından fazlası sistemin anlamsız bir kısmı da kendi kendine gözüküyor.	0
arkadaşlar tavsiye etmiyorum çünkü sürekli bağlantı kopuyor. onun dışında az yer kaplaması kurulum kolaylığı güzel.	0
ürün kalitesi düşük. verilmiş olan  parayı hek etmiyor. başka alternatifler düşünün derim.	0
i̇ki ayrı tv için almıştım. i̇lki grundig 32vle6565 digeri vestel 32ha5000.montaj deliklerinin grundig olanın 3 noktasına denk geldi vestel olanın 2 noktasına denk geldi. o şekilde monte ettirdik. çok iyi olmasada idare eder.	0
icin cok ideal telefondan memnunum	0
ürün yeni̇ eli̇mi̇ze geçti̇. gayet kulanişli bekledi̇ği̇mi̇zden daha kulanişli çikti. fi̇yati da gayet uygun bu fi̇yata daha i̇yi̇si̇ni̇ bulamazsiniz. teşekürler h.b	1
ürünü alalı 1 ay olmadı.kullanmaya yeni başladık ve çekim gücü yok denilebilecek kadar az ve ürün çok sesli çalışmakta kimseye tavsiye etmiyorum.	0
çok kullanışlı bir ürün iyiki almışım. yıllardır şarjlı süpürgelerden çekiyordum. belli bir süre kullandıktan sonra pil ömrü bitiyordu. artık bu dertten kurtuldum. herkese tavsiye ederim..	1
hem fiyatı hem de performansı ile beni fazlasıyla mutlu etti. kolay kullanımlı arayüzü ile herkesin kurulumunu yapabileceği bir ürün. çekinmeden alabilirsiniz.	1
ürünü üç gün önce aldım ve bugün bana ulaştı. bugüne kadar bu siteden hiç bir ürün almamıştım. şunu söylemek isterim ki bugüne kadar elime en erken geçen kargo ürünü.	1
kargo hizli 2 gun icerisinde elime ulasti. bataryasi bir gun gidiyor oyun oymadigim halde onun disinda telefon cok guzel	1
ürün gerçekten ışık açısından çok iyi.tavsiyem koridor, vc ve lavabo gibi yerlere 5w olanlardan sipariş verin 10w taktım alan dar olduğu için rahatsız edici parlaklık oluyor bu yerlerde. fakat 12 m2 yer ve üstü yerler için çok iyi ışık veriyor. bütün ürünler çalışır ulaştı. tşkler.	1
bir klasik ve eşsiz kokusuyla her elit bayanın kullanacağı parfüm ve bu fiyata kaçmaz mutlaka alın ve deneyin çok beğeneceksiniz	1
ürün beklediğimden çabuk geldi teşekkür ederim :)	1
kargo bedava olarak almıştım, kargo firması eve kadar teslim etmek için para talep etti, vermedim,	1
sanırım benim şanssızlığım ama almayı düşünenlere söylemek isterim.	0
şarjlı olması çok kullanışlı.priz arama derdinden kurtarıyor ve tabi ıslak kullanımı mükemmel bir özellik.	1
yaklaşık sekiz yıldır kullanmış olduğumuz yine bir tefal ütümüz vardı. fakat arızalandı. bende bir süredir araştırdım, hem üst model bir ütü olması hemde kullananların memnun kalması nedeniyle tercih ettim. siteye çok teşekkürler en iyi markaları en iyi fiyattan temin ettiği için.	1
bir sonraki gün elime ulaştı.hepsiburadadan aldığım tüm ürünlerde bu zamana kadar hiç hayal kırıklığı yaşamadım	1
herşeyiyle 10 numara bi ürün. i̇htiyacınız varsa gönül rahatlığıyla sipariş veriniz. teşekkürler hb	1
tek kelimeyle süper her türlü işinizi görür inanın alınca pişman olmayacaksınız	1
bu fiyata bu kalite ancak h.b da olur doldurma parfüm fiyatına yılların kalitesi  teşekkürler	1
bıraz once okuyordum. ilk gordugumde cektı benı okudukca mahcup etmedı daha bıtmedı ama gercekten harıka bır eser kesınlıkle tavsıye ederım	1
ayrica tabanindaki̇ led işiklari i̇le gece lambasi olarak kullana bi̇li̇rsi̇ni̇z çok dekorati̇f bi̇r ürün....	1
yaklaşık 1 senedir kullanıyorum. taştığı için kapasitesini verimli kullanamıyosunuz. tavsiyem cihazı açık konumda unutmayın..kahve birden oluveriyor evet bu yüzden köpüklü oluyor ama o da kahvenin özelliğine ters, ağır ateşte yavaş yavaş pişen kahvenin tadını imkansız alamazsnız. haa bir bardak sıcak su istiyorum diyorsanız tavsiye ederim	0
çiçek kokularının en güzellerinden. ilk anda yoğun bir çiçek kokusu geliyor, ardından koku oturuyor ve saatler sonra bile yumuşacık bir koku kalıyor geride. doldurmaları ile sakın kıyaslamayın, onlarla alakası yok. hb fiyatı da çok ama çok uygun. önersem herkeste olur, önermiyorum o yüzden:)	1
harika bi ürün camları açmaya gerek kalmıyor havayı mükemmel temizliyor sigara kokusu hiç olmuyor bende gören en az 10 kişi sipariş verdi kesinlikle tavsiye ederim......	1
bu fiyata kaçmaz duracell kalitesini ıspatlamış bir markadır en uzun ömürlü pildir tavsiye ederim. fotoğraf makinemde kullanıyorum çok memnunum teşekkürler	1
yıllardır arayıpta bulamadığım bir ürün olarak görüyorum.üründe eksik olarak görürmüsünüz bilmiyorum ama sesi, o da çok normal diyorum fön makinesi adı üstünde. küçük olması ayrıca bir avantaj	1
hafif ve kumaşa göre otomatik ayar özelliği var diye aldık ancak ürünün buhar gücü  çok yetersiz. isınma zayıf , kırışıklıkları açmıyor kısacası hiç tavsiye etmiyorum.	0
bende aldım fakat 80 mb okuma yazmayı niyeyse ne telefonda nede pcde göremedim	0
hepsiburada dışında ürün harika mükemmel bir şarj lg v10 3 defa dolduruyor ve çalışmadığı anlarda sarj yemiyor harika bir ürün.	1
kayar\kaymaz diye tereddüt ile aldım ve tabiki hb hızıyla ertesi gün elime geçti hemen kullanmaya başladım keşke daha önce alsaymışım diyorum. araba alan arkadaşlarıma araba hediyesi olarak almayı düşünüyorum	1
ürün genel olarak kaliteli fakat bebeğim altı aylık ve yandaki çıtalara , yol biraz tümsekli olduğu durumlarda , kafasını vurdu. yan çıtaları bir süngerle güvenli hale getirebilirlerdi.	0
hızlı kargo uygun fiyat kalite daha ne olsun	1
gayet iyi bir urun	1
davlumbaz goruntu ok ama ne kadar cekıyor emın degılım. karbon fıltre kullandık. aynı zamanda balkonu da acıyoruz. asıl yazın bellı olacak ne kadar ıyı oldugu cekıp cekmedıgını cunku adanada yazın balkon acma luksunuz yoktur.	0
önemli olan sağlık , deneyim oldu !!!	0
oturma yerindeki bez gerdirilmediği için oturunca çukur kaldığından öndeki boru kısa sürede ayaklarda diz kapağının hemen arkasından çok rahatsız ediyor.mindersiz uzun süre oturmak zor.	0
ürünün fiyatıyla kalitesini karşılaştırılınca gayet başarılı. kulaklık pakette gelmedi. hepsiburadaya talep geçtikten kısa bir süre sonra ücretsiz kargoyla gönderileceğinin bilgisini verdiler. özet olarak çanta tavsiye edilir.	1
hem uygun hem kalıtelı 2 metre uzunlugu avantaj etrafı kaucuk kaplamalı ve saglam	1
bu parfümü kullananın burnunda şüphe ederim oda parfümlerinden daha ağır	1
ürün görselde görünenden biraz daha açık tonlarda. hoş ve sade bir görüntüsü var. sadeliği sevenler için ideal.	1
kısacası bu fıyata kacmaz	1
süper herkese tavsiye ederim.istediğimden erken geldi.	1
daha ne olsun :)	1
gayet güzel ve yeterli aydınlatıyor (25mkare). gözü yormuyor. yavaş yavaş açılıyor ve aydınlatması artıyor.	1
hakikaten kalite apple farkı ilk defa apple lım oldu gerçekten mükemmel her ne kadar kişiye özel bi telefon olmasına rağmen kullandıktan ve telefonu kurduktan sonra farkı anlıyorsunuz.bundan sonra appple dan başka telefon kullanmam.hızlı ve ürünün sağlam elime ulaşmasından dolayı hepsiburada.coma ve tüm ekibine teşekkürler.	1
3 kış kullandım. çok memnun kaldım. hiç tereddüt etmeden alabilirdiniz. 2015 yılbaşında kar yağışında inegöl rampasında birçok araba yolda kaldı bende kayma olmadı.	1
ürün  kısa sürede geldi.kurulmunu daha yapmadım ama kolilenmesi ve ayrı paketlerde olması güzeldi.kargo aşamasında bilgilendirme de güzeldi.kurulumla ilgili videolar internette var.	1
herkeze gönül rahatlığıyla tavsiye ederim. saçlarım uzun olmasına rağmen tek seferde kuaförde fön çekilmişçesine düz ve hacimli oluyor.	1
gördüğüm kadarı ile geriye yatma özelliği çok iyi değil.	1
öncelikle, hb'ya iyi hizmetten ve doğru bilgilendirmelerden dolayı teşekkürler.	1
ürünü alırken tereddütlerim vardı. sadece saf su isteyen bitkim için kullandım. bitkim hala canlı :d, gönül rahatlığıyla alıp kullanabileceğiniz bir ürün	1
ürünü geçen hafta aldim .dün deneme şansim oldu. hi̇ç bi̇r i̇şe yaramadan uçtu gi̇tti̇.	0
ürüne göre kapı yaptırmanız gerekebilir.onun   dışında şınav ve mekik sehpası olarak kullanılır.barfiks  dedğim gibi  kapı  kasası uymayabilir	0
beklediğimden çok daha iyi çıktı. saçı ağırlaştırmadan kısa sürede düzleştiriyor. 10 saniyede ısınıyor. güzel bir düzleştirici arayanlara tavsiye ederim	1
öncelikle ürün belirtilen kargolama sürecinden çok daha önce elime geçti... eğer odanıza, mutfağınızda kullanmak için bakıyorsanız kesinlikle tereddüt edilmeden alınabilecek bir ürün, beklentimin üzerinde bile çıktı...	1
rengi çok soluk ve mat biraz daha canlı olabilirdi	0
tamam pedalli kullanişli falan ama serami̇k yüzeyler i̇çi̇n.... lami̇nantlarda kullanmayin deri̇m eğer kabarmalarini i̇stemi̇yorsaniz aldiğim i̇çi̇n çoookkk pi̇şmanim...	0
ürün boyut olarak kesinlikle harika. buhar gücü tutma kolunun katlanır olması da çok iyi. ütüde su koyma yerinin kapağı ve su püskürtme kapağı plastikten oluşu çok kötü. zaten yerinden cıktı plastik tekrar takılmıyor ve ütü çok fazla su bırakıyor.	0
hızlı teslimat sorunsuz alışveriş	1
ürün gayet güzel. kurulumu çok kolay. neredeyse tamamı kurulu geliyor. verdiğim parayı değdiğini düşünüyorum. almak isteyenler bence tereddüt etmeden alabilirler. ve şunu belirtmeliyim ki ürün çok sessiz çalışıyor.	1
bu fiyata bu kalitede ürün bulmak imkansız. düşünmeden alabiliesiniz...	1
tasarım çok hoş ve kedim için eğlenceli bir ürün. bu arada hızlı ve sorunsuz kargo için teşekkür ederim.	1
bu altın pıyasadakı altınlarla aynı kalıte ve aynı degerde mıdır merak ettım.bozdurmak ıstedıgımız zaman herhangı bır sorunla karsılasırmıyız acaba alan arkadaslar varsa cevap versın lutfen	0
sizi kurtarmaya geldi.	1
eğer 6 numara normal bez kullanıyorsanız bu külotlu olan daha dar	0
ürünü aldım 2 araç üzerinde kullandım tabi ki kullanıma göre yeter yetmez değişebilir bi başkası için onu bilemem ama memnun kaldım şahıs olarak yapılabilecek en iyi uygulamayı yaptım diyebilirim.	1
arkadaşlar traş makinesini hakkındaki tecrübelerimi paylaşmak istiyorum. cildim aşırı hassas. traş bıçağı ile traş olursam yüzüm kıpkırmızı oluyor. braun ile iki güne bir traş oluyorum. öncelikle makine kesinlikle sinekkaydı traş yapıyor. elinizi yüzünüze tersten sürüyorsunuz ve eliniz kayıyor. benim için en önemli yanı da sifir tahri̇ş... ürün pahalı fakat kesinlikle kaliteli ve işini iyi yapıyor. makine kendini çok iyi dezenfekte ediyor. her traşta mis gibi kokuyor. temizleme ünitesi tam anlamıyla mükemmel çalışıyor. supersonic titreşimi kullanarak, yavaş ve az bastırarak traş olursanız, çok iyi sonuçlar alacağınıza eminim	1
yorumlarda okudğum kadarıyla çok iyi gözüküyo ama sinek kaydı traş için beklentiye girmeyin taraksız 1mm bırakıyo bunu da ek bilgi olarak düşelim	0
kaliteli bezler. hepsi farklı renkte. i̇yi temizliyor.	1
bu fiyata alabileceğiniz en iyi telefon. snapdragon 808 işlemcisi var. 5 inç ekran. 3000 mah batarya (2 gün rahat yetiyor) daha ne olsun. süper hızlı(?) gönderi ile 5 günde elime ulaştı.	1
seriyi okumuş biri olarak şunları söyleyebilirim sevgili kitap dostları:) abartılı ve yersiz bir cinsellik.2) olaylar 3. şahsın ağzından yüzeysel bir ifadeyle anlatılmış..3)karekterler oturmamış..insana gerçekçi gelmiyor..4) ifade ve anlatım bozuklukları has safhada..5)düşün ki kitabın ana karakteri bir pskolog ve ülkenin en güçlü insanlarından biri... yani türkiye'de böyle bir şey hayal bile olamaz..6) pskolog kendisine danışanlardan hasta diye söz ediyor ve ilaç yazıyor bu da külli yanlış.. 7)yazar pskolog değil iletişim fak. mezunu..sonradan master yapmış yurt dışında 8) yazar farkında olarak ya da olmayarak kitabın gizni öznesi konumunda bence kendisi 'i̇yi can manay' olmaya soyunmuş,9)kitabını satmak için kanal kanal dolaşıp saatlerce konuşması da bir yazar açısından pek de etik bir davranış değil kanaatimce..	0
ürün çok kaliteli ve şık çok kullanışlı ele tam oturuyor tavsiye ederim	1
ürün aldım birgünde elime geçti.evim boyanacaktı bununla her tarafı boyadım bir gün bile sürmedi	0
"bu ürün yurtdışındaki bir çok site tarafından ""serious compact"" kategorisinde değerlendirildiği için aldım. ayrıca aynı markanın om-de-m5 ve pen lite 3 modellerine de sahip olduğum için ürünü denemeye karar verdim. elimde ünlü bir japon markasının 2011 yılında gps özellikli kompakt makinasıyla karşılaştırdım. o makina resimler büyütüldüğünde suluboya efekti dediğimiz resimde dağılma ve grenleşme oluştururken, bu makine harika görüntüler veriyordu. üstelik menüler tüm olympuslarda birbirine yakın olduğu için birine alıştınız mı kullanması çok pratik. bir kompakt makineye göre gövdesi biraz büyük sayılabilir ama sağlam bir makina. olympus pen3 lite için satınaldığım elektronik vizörü buna da takabildiğim için günışığında ekranı görememe problemini de aştım. i̇şin güzel tarafı benim 3 makinaya ihtiyacım var mı diye makineyi 2 kere satınalıp deneyip, iade ettikten sonra 3. kere sipariş ettim ve hepsiburada.com hiç birinde bana bir sorun yaşatmadı. teşekkür ederim 6 aydır elimin altında. pratik çekimler için, büyük çanta taşımak istemediğim durumda bunu kullanıyorum."	1
koku çok güzel ama sıktıktan 1 - 1.5 saat sonra koku anca çok yakından hissediliyo 3 saatte eser yok. hepsiburadaya teşekkürler	0
urunu cok begenerek kullanıyorum. kısa tuyleri bile kolayca alabiliyorum	1
dili güzel fakat hikayeyi okuyunca tanıdık geldi ve hatırlamaya çalıştığımda mevlananın mesnevisinde geçen bir bölüm olduğunu farkettim. sadece biraz daha detaylı anlatmış o kadar	0
yorumlara bakarak almıştım ama yanılmışım.çok da abartıldığı gibi değil.parlama da yapıyor,su da akıtıyor.eski ütümden çok da bir farkı yokmuş,fiyatı dışında...	0
gbh 2/26 dre 2-4 kg sınıfında dünyadaki en güçlü kırıcı-delici. bu güce rağmen sesi oldukça az. bosch = kalite	1
güzel bir kalem arıyordum. hepsiburada bu kalem dikkatimi çekti, piyasada araştırdım hepsiburadadan daha uygun satan biryer bulamadım ve buradan aldım. ürün elime ulaştı ve gerçekten harika bir kalem.. i̇nsanın yazdıkça yazası geliyor bu kalemle :))	1
bu diş fırçası gerek renkli gerekse pilli ve pratik olması dolayısıyla küçük yaştaki çocuklar adına diş fırçalama alışkanlığını kazandırmak için çok güzel.kampanyaların olması gerçekten ürünü cazip kılıyor.teşekkürler hepsi burada!	1
manzara fotoğrafta olduğu gibi durmuyor soluk duruyor.	0
ben eti ve ızgarayı çok severim. elektrikli ızgara denedim ama memnun kalmadım. bu ürün ızgara lezzetine ne yakın sonuç veren ürün bence...	1
paketleme kutulama harika..sorunsuz bi şekilde teslim aldim..	1
şarjı bir gün gitmiyor ön kamera 13mp arka kameraya göre baya kötü çekim yapıyor ses cızırtı boğulma hiç beğenmedim	0
ürün için gelen montaj malzemelerinde metal parçalar sehpa altında açılan vida yerlerine denk gelmediğinden dolayı kurulumdan sonra sehpada duruş bozukluğu, eğim oluyor.	0
yapışkanı hemen çıkıyor plastik kısmı çok esnek tavsiye etmem	0
ya da ytong duvara monte edilmez yaziniz.	0
teslimati kurulum sureci cok kolaydi ve makine gayet guzel temizliyor. yalniz sikinti noktalari mevcut.	0
2 ayda saradı. fakat plastik kalitesi iyi. yaklaşık 4 aydır kullanıyorum esneme hiç olmadı, sararma olmasından dolayı fiyatını haketmiyor.	0
şimdiye kadar kablolu, kablosuz, lazer v.b. birçok fare kullandım ama bu ürün kadar en iyi performansa sahip olan başka bir ürün görmedim diyebilirim. size de tavsiye ederim.	1
muhasabe bürosunda,casio ürünleri yıllarca kullanıyorum.son derece kullanışlı bir ürün.	1
hızlı bir şekilde elime ulaştı ve oğlumun oyuncaklarına taktım hepsini yetmedi bile fiyatı çok uygun markalı bence güzel oyuncakların sesi bile değişti :)	1
ben bu urunu gilette oldugu icin de aldim. fiyat mukemmel daha ne olsun.	1
odunsu, ağır ve kötü kokusu var. bir daha denemeden asla parfüm almam, fiyatı uygun diye kötü bir koku alıp mutsuz olmaya gerek yok, bu kokuyu beğenen olabilir mi ? elbette olabilir bilemiyorum.	0
çok güzel kitap insana okumayı sevdiriyor	1
ben de 5 numara bez aldım fakat bezler ciddi derecede sızdırıyor ve eski bezlerle karşılaştırıldığında kalitesiz	0
hızlı gönderi için hbya teşekkür ediyorum. ürünü zaten tanıyoruz bilindik kalite :)	1
normal bir bez alın bunla ayni. dogru kullanmama rağmen zayıf	0
uzun araştırmalarım sonucunda fiyat - kalite oranı açısından türkiyedeki en iyi ürün diyebilirim. telefona takar takmaz 4k video çektim ve gayet başarılı, takılma yok. 4k videoda takılma yaşamayan bir sd kart için daha başka söze de gerek yok. düşünmeyin ve alın derim.	1
sabitte bir frekans yakalasanızda ciddi cızırtı ve boğuk bir ses söz konusu .ayrıca sesi sonuna kadar açsanızda ses oldukça kısık geliyor.hareket halinde ise devamlı kopmalar soz konusu.aracın kendi motor sesinin üzerinde bir ses te yakalamanız mümkün değiil. usb üzerinden tel şarj için kullanılabilir ancak sırf bu özellik için pahalı bir ürün. ben memnun kalmayıp geri gönderdim.	0
çok dar ve kısa yapılmış. kullanışlı değil. dayanıklıkığını sonra göreceğim. beğenmedim.	0
çok kullanışlı değil benim hoşuma gitmedi.	0
ne yalan söyleyeyim hiç bir işe yaramadı kullanan arkadaşlar neye göre iyi diyorlar onuda anlamış değilim açıkçası	0
köpekler için düşünülüyorsa alınmaması gerekir. çünkü plastiği iyi değil. bağlantı yerleri fazla sağlam görünmüyor. büyüklüğü iyi. her boy kedi sığabilir . ama köpek için öneremem. kalitesi fiyatıyla doğru orantılı. sık sık kullanım için uygun değil. ama bizim gibi yılda 2 kere kullanılacaksa idare eder.	1
2016 çıkışlı lastikler şüpheniz olmasın  vakit kaybetmeden hemen alın derim hızlı kargo ve montajda da sıkıntı yaşamadım her şey iççin teşekkürler	1
ürün çok  düzgün bir şekilde çalışıyor ancak kesinlikle dipten bir sakal ve kıl temizliği beklemeyin en az 2mm her şekilde kalıyor o da 3.kez aldıktan sonra, biraz sesli bir ürün çok çalıştırmayın çünkü 5 dk den sonra ürünün ısısı 40 derece sıcaklığı geçiyor ve bu da motorunu yakmanıza neden olabilir. pili olmaması da diğer bir dezavataj , ürünü tercih etmemin nedeni ise markası ve fiyatı idi, aldığıma pişman olmadım ancak beklentimin altında bir ürün olduğu için önermiyorum, herkese hayırlı alış verişler	0
daha önceden remington düzleştirici kullandım tekrar aynı markaya devam etmek için bunu aldım ve çok memnun kaldım kesinlikle tavsiye ediyorum	0
fakat bazı kelimelerde sırf uydurmak için yazıldığı belli. ama o kusur kadı kızındada olur:d	1
ürünü anlatmaya gerek yok. performans kalite ve fiyatı en iyi karşılayan telefon. zaten en güvendiğim site.pisman olmayacaksiniz..... teşekkürler hepsi burada.	1
köpüklü üçü birarada içmek isteyen alsın.	0
fiyatı çok uygun fakat çok sık kedi kutusu kullanan biri olarak söyleyebilirim ki eğer koyacağınız kedi azıcık ürkekse ve kafesin içinde sakın durmuyorsa kesinlikle gevşek yapılan kapıyı hemen açıyor.i̇ki farklı kedide tecrübe ettim.	0
derisinin biraz sert olmasından dolayı tamamen elinizin şeklini almıyor ama parasına göre değecek bir ürün.eger daha iyisi olsun derseniz paranıza kıyıp daha iyisini almanızı öneririm.	0
ürünün renkleri olsun kargo süresi olsun harika fakat malzeme kalitesi için aynı şeyi söyleyemicem ayağın tekini takarken güç uygulamadan nazikçe takarken ayağın yuvası kırıldı müzik çalması (gangam style,alibabanın çiftliği,happy birtday  hoppala özelliği falan harika tercih sizin	0
super kaliteli	1
"kılları kolay kolay yakalayamyor, aynı yerden 10 kere geçmeniz gerekiyor. philips ısrarla bu tip ucuz ama son derece yararsız ürünlerle para kazanmaya çalışmaktan vazgeçmedi, ""nasıl olsa millet iade etmeye ve parasını geri istemeye tenezzül etmez"" mantığıyla. bu ürünle birlikte burun-kulak kıl kesici de almıştım indirimle, burun deliklerimin çevresindeki hassas deriyi kıpkırmızı yara yapıyor. yani onda da aynı mantık. hepsiburada'nın ""yılbaşı indirimi"" ile ettiğim sözde tasarrufun hepsi bu çöplere gitti, haliyle hb bana indirim yapmış olmadı! bir düşünmeleri gerekiyor bu durumu."	0
bir çok visco ve tempur yastık denedim, bel ve sırt ağrılarımı tamamıyla geçiren	1
fiyat uygun ama kalite olarak çok iyi degil	0
anker, tanıtımlarında anlatıldığı kadar varmış. oldukça kaliteli olduğunu hemen hissettiriyor. telefonuma bağladığımda şarj işlemi otomatik başlıyor. bunu sevdim. eski powerbankımda yoktu bu. çıkarıp geri taktığımda yeniden düğmeye basmazsam şarj başlamıyordu.	1
güzel  ,sağlam bi̇r eldi̇ven	1
klavye koruyucu şeffaf değil.ışıklı klavyede ancak kullanabilirsiniz.kapak koruyucu büyük  ayarlayıp fazlalağını kesmek lazım .kısacası olmasada olur :bir ürün.hediye olarak geldiği için kullanıyorum.bu kadar para vermeye değmez bence...	0
1 yaşına yeni giren oğlum bile 3 seferde açmasını çözdü.	0
fazla telefonla ilgilenmem diyen biriyseniz tam sizlim	0
ürünü hepsiburadadan aldım ve çok hızlı bir şekilde kargolandı. önümüzdeki hafta 5 günlük bir tura çıkacağım için ihtiyacım vardı. ürün mükemmel. estetik açıdan harika. henüz kullanmadım ama yorumlara bakarak aldım. umarım pişman olmam.	1
ürünü alalı 6 ay oldu ama sorunsuz  6 kahve içemedik, temizlik yapmaktan bıktık, alacaksaniz kesi̇nli̇kle bunu almayin pi̇şmanlik ...........	0
evde kendi işlerinizde kullanabilceğiniz ürünler.	0
ürün çok kaliteli ve mükemmel temizlik veriyor. daha önce hiç kullanmamıştım ama bundan sonra devamlı kullanmayı düşünüyorum. hediyeside gerçekten ürünü tamamlamış. teşekkürler	1
harika bir fırça kesinlikle güzel sonuç veriyor	1
kullanımı, hassasiyeti vs. iyi bir ürün	1
motosikletimde kullanıyorum çok güzel çekimler olsun fotograf çekimi ve su altı çekimleri gayet güzel...	1
pamukla arabamın bagaj kapağına sürdüm sonra bezle sildim.ancak beyazlıklar kalıyorve yazılanlar gibi parlamadı.hatta sürmediğim yerler daha parlak görünüyor.bir daha deneyeceğim ama pek işe yarayacağını sanmıyorum.	0
ürün resimde görüldüğü gibi geliyor. diş fırçası için 3 başlık, su püskürtme için 4 başlık geliyor. diş fırçası başlıkları farklı farklı 1 tanesi zaten fırça başlığı denemez diş teli temizlemek için sanıyorum yani 2 başlığı kullanabiliyorsunuz.	1
kapımın pervazı pek sağlam olmamasına rağmen denemeye değer dedim ve aldım. 90 kilo ve yerinden oynayan bir pervaza rağmen hiçbir sorun olmadı.	1
taşlar hariç büyük bir beklentiye girmeyin.	0
fiyatı: makul	1
bardağa çay koyarken çay parçaları da geliyor.	0
süper hızlı ve zamanında gönderildi. teşekkür ederiz hepsi̇ burada	1
taban kalitesiz, derisi yumuşak ve kalıp şekli çabuk bozuldu, 1 yıldır kullanıyorum, parası kadar ayakkabı, alternatifleri değerlendirin.	0
ürün aslında gayet güzel, başarılı ancak alacak olanların giyim tarzlarına göre seçim yapması gerekiyor, bu ürün gömlek cebi için tasarlanmış, tişörtle kullanımı pek kolay değil, bayanların tercih etmemesi gerekiyor.	1
öncelikle hızlı şarj mevzu. telefon ilk 30 dakikada hızlı şarj oluyor %50-60  civarında doluyor. sonra normal şarj olmaya başlıyor bunun sebebide bataryanın ömrünü krumak. reklamındada 30 dakada %50 civarı diyor zaten.	1
hiç beğenmedim bir çocuğun kullanabileceği kadar kolay değil zor açılıyor	0
çok yavaş, her oturum açılışında saati güncellemek gerekiyor. parasını kesinlikle hak etmiyor. geliştirmeye müsait değil. asla tavsiye etmem. şimdiye kadar hepsiburada dan aldığım en kötü ürün.	0
kullanım talimatı doğrultusunda uygulama yaptım. fakat farlarda değişiklik gözlenmedi. önermiyorum, almayın.	0
ürünü alalı 1 hafta oldu. bir süre çalıştıktan sonra odayı plastik kokusu kaplıyor. i̇nsanın ağzı zehir gibi acı oluyor. hayal kırıklığına uğradığımı söyleyebilirim. bir de nem programlaması etkin değil. durup durup çalışıyor.	0
kız arkadaşıma almıştım ama ilk kullanımında fazla ağırlık olmamasına rağmen ayaklarından birisi kirildi ve kiz arkadaşım koca valizi sürüklemek zorunda kaldı.hal böyle olunca plastik kısım surunmekten eridi.umarim garanti kapsamindan onarilir.	0
1 hafta çalıştı sonra birden sarj etmemeye başladı. görüntüsü hoş ama aldanmayın.	0
ürün diğer ürünlere göre biraz hesaplı ama inanın çok güzel bir ürün  çin malı değil ürütimi italyada yapılmış kaliteli bir ürün	1
ürünü ilk aldığımda çok memnundum ancak 1 yıl içerisinde çekiş gücünde azalma oldu.bunun nedenlerinden birisi sanırım hortumunun çok çabuk deforme olması ve bu aralardan hava almaya baslaması.ürünü tavsiye etmiyorum.	0
telefon surekli kapanmaya basladi bu batarya ile. geri iade ettim. şarj kac olursa olsun tel kapaniyor geri acmak icin bataryayi cikartip takmak gerekiyor	0
ablama hediye olarak aldım. makinayı çok beğendi. 9 kilo ve 1200 devir, ayrıca a+++ olması çok güzel. fiyatı da benzerlerinden çok ucuz.	1
oturduğunuz ve sırtınızı dayadığınız yer kaynak değil lehim ile tutturulmuş ve ilk oturduğunuzda altı da üstü de takır takır kırılan, iki kişiyi oturujennkorkuyoruz basit kullanışsız bir ürün, kesinlikle tavsiye etmiyorum	0
diğer tiplerin hepsini unutun. bu kesinlikle yeterli. sadece kılıfla beraber kullanmak isterseniz genişliği yetmeyebilir.	1
üründe yukarı yönü takılı kalıyor	0
kaliteli bir ürün	1
a5 dosya bulmak oldukça güç. burada bulduğuma çok sevindim üstelik fiyatı da çok uygun.	1
ürün elime iki gün içerisinde ulaştı gayet kullanışlı askerlik için aldım. i̇şimi göreceğini tahmin ediyordum.	1
granül kahve ile evde nescafe yapmakdan daha ekonomik ve lezetli.	1
ben memnun kaldım çok güzel	1
alt açma bezi̇ çok zayif..	0
2 yil once almis oldugumuz utu masasinin orijinal kılıfi olarak memnuniyetle kullaniyoruz. defalarca yikadik, hatta utumuz birkac kez kahverengi su lekesi birakti, 30 derecede yikadik, cikti.	1
ürün 1 haftada elimize ulaştı, boyutları tahminimizden küçük çıktı, fakat sağlam bir ürün çok fazla ütü yapmıyacaklar için ideal diyebilirim, üstelik fiyatıda çok uygun.	0
ürünüm kısa sürede elime ulaştı çok memnun kaldım	1
i̇lk sıktığımda yoğun şeker kokusu ve ağır bir koku geldi. biraz zaman geçtikçe daha güzel bir hâl aldı. hâlâ karar veremedim kokunun iyi olup olmadığına. tabiki zevk meselesi, zevkler bambaşka. benim fikrim koku biraz ağır, iddialı. kötü de değil, beklediğim gibi de değil diyebilirim. kalıcık konusunda gayet iyi.	0
bence fiyatına göre idare edecek bir ürün olsa bile siyah olanından uzak durulmalı.	0
gelmesi 1 haftadan fazla sürdü. aşırı yumuşak ve konforsuz. zamanla formunu alır sertleşir diye düşündük ama değişme olmadı. o kadar yumuşak ki yattığınızda yatak göçüyor. ayrıca 1 ay geçti, havalandırmamıza rağmen halen çok ağır kokuyor, odayı da kokutuyor. çok yumuşak yatak sevmeyenler uzak dursunlar.	0
açıklamaya aldandim okul kimlik karti için aldım ufak geldi	0
ilk izlenimlerim çok iyi gayet memnunum bundan önceki ütüm tam bir faciaymiş tavsiye ederim	1
ürün güzel fakat baya geniş bir kalıbı var, dikkat etmek lazım	0
arkadaşlar ürünü akşam üzeri kargodan aldım. sabah geri teslim ettim. bildiğin rezillik yorumlara güvenerek aldım çok pişman oldum. ürünü akşam kutudan çıkardım.(bide bana acil lazımdı ters köşe oldum.) ürünün içine 61.7 gb lık dosyayı atacaktım ki bide ne görüyüm '7 saat bekleyiniz'. yok artık dedim.ürünün yazma hızı 1 mb/s. gerisini siz düşünün. biçimlendiriyim belki düzelir dedim. pc im biçimlendiremedi bile.	0
çok kullanışlı değil  fiyatını haketmeyen bir ürün	0
silahlarımı temizlemek için aldım. uzun süredir bu ürünü kullanıyorum. silahın temizliği ve yağlanması için ideal sprey olmasıda her noktaya yağın ulaşmasını sağlıyor.	1
parasasına göre gayet güzel ürün teşekkür ederiz hepsiburada ailesi	1
ürünü geçen sene oğlum 1 yaşındayken uzun aramalar sonucu aldım.. piyasada bu fiyata bulabileceğiniz en kaliteli ürün.. kesinlikle alın, menmun kalmama ihtimaliniz yok.	1
ürün zamanında ve en önemlisi bilgisayarda resimlerinden beğendiğim gibi geldi. kullanışlı ve güçlü bir ürün.	1
not 3 tlfnum var birkere bile şarj edemeden kendi şarjı bitiyor	0
ürün gayet güzel ancak ayağında bi bölgede boyası silinmis tek sıkıntı bu	1
çok güzel bir utu hem kaliteli hem 4 yol garantili üstelik fiyatida çok uygun ben aldim memnunum alanlara hayirli olsun diyorum	1
malzeme kalitesi gerçekten güzel. şarj manyetiği tam oturuyor ve ayak kısmındaki yapışkanlar masada sabit durmasını sağlıyor. tavsiye ederim.	1
3 ) kullanımı çok rahat direkt algılıyor.	1
fiyat/performans olarak gerçekten güzel bir ürün.	1
şarjlı pilleri daha çok tercih ederim ama bunlarda iyi sonuçta duracell..	1
geçen hafta aldım kullandım tatmin edici yan uygulamalar iosta ücretli siri ile uyumlu çalışıyor teknoloji merakınız yoksa almanız anlamsız biraz lüks tüketime giriyor	1
5 dk kayıt yapıyor ve sonra kendiliğinden kapanıyor.ürün tanıtımında 1 saate kadar pil dayanımı olduğu belirtiliyor ama ürün 5 dk kayıt yapıyor. çelişkili bir durum. ürün aynı zamanda çok kaba duruyor. ürün 5 dk kayıtta programlıysa 1 saat pil gücü vermenin veya yapmanın bir anlamı yok.	0
almayın çok pişman oldum ben yorumları okuyup da aldım1 ay oldu kabul ediyorum görünüşü felan süper her şeyi iyi ama kamerası berbat fotoğraf çekmeyi sevenler asla almasın	0
yenilenen emici kanallar marka değerini düşürmüş. eski bezlerde torbalanma oluyordu ama kaliteliydi. bu yenilenen bezler bariz kalitesiz ve sızdırıyor.  artık prima almayacağım. i̇lk günden beri prima kullamıyorduk 16 ayın sonunda yollarımız ayrılıyor malesef.	0
ayrıca asla aracınızı normal deterjanla yıkamayın, hem korumayı hemde verniği bozmaya başlarsınız, araba asla bulaşık deterjanıyla yıkanmaaz, bunu unutmayın.	0
çok güzel beğendim tavsiye ederim.	1
4)5 farklı zamanlı alarm	1
arka kamera tam bi hayal kırıklığı gerçekten beğenmediğim tek yanı bu onun haricinde 10 üzerinden 8	1
araçcimda kullanmak i̇çi̇n almiştim  cuk oturdu süper	1
ürün güzel görünüyor. yalnız boyu biraz uzun. kargo 3 günde geldi fakat ya bebek arabasının bi kullanma kılavuzu olmaz ya paketten çıkmadı.	0
kalem herkesin iyi bildiği scrikss marka. kağıt üzerinde adeta kayıyor. her yönüyle kalitesini ortaya koyuyor.	1
daha öncede yazıldığı gibi kablonun uc kısmı kopuyor 2. kullanmamda zorlamama rağmen elimde kaldı.	0
çok ses çıkarıyor ve yarım saat filan kullandıktan sonra şu ince ayarı var kendi kendine bozuluyor ve düzeltince yarım saat sonra tekrar bozuluyor alttaki bıçak titriyor ve su motoru gibi ses çıkarıyor.normal calismasida guclu oldugu icin gurultulu alcaklar bilerek alsın.	0
hepsiburada her zaman olduğu gibi oldukça iyi fiyat imkanı sunuyor, dönem dönem kontrol etmek lazım çok iyi fiyata piyasadan uyguna ürünü kapınıza kadar alıyorsunuz.	1
çok yakıyor	0
urunu accent era icin aldim. oturma yerleri gayet guzel uydu. yaslanma yerleri ve koltugu kaplamasi pek uymadi sagindan solundan cekistirerek uydurmaya calisiyorsun. kafaliklar da bol geldi. cok iyi degil cok kotu de degil. tam otursaydi birebir parasini hak ederdi ama suan etmiyor. era icin tavsiye etmem. urun genel yapilmis her arabaya bir sekilde uyduruyorsun. araca ozel bakilmasini tavsiye ederim.	0
ayrıca cihazda mikrofon girişi var fakat full dublex olmadığı için msn ve benzeri programlarda sohpet amaçlı kullanılamıyor buna dikkat edin.	0
ebatlarına ve basamak sayısına aldanıp almayın. araları çok kısa ve haliyle yüksek yerlere ulaşamıyorum. bir sandalye den biraz daha uzun. yüksek beklenti içerisinde olanlara tavsiye etmiyorum.	0
anlatımı çok basit ve sıkıcı bir kitap olmuş.	0
ben bu tarz ürünlerde hep logitech tercih ederim. bu ürünü bana iş yerim verdi. ben bu kadar kalitesiz bir logitech ürünü görmemiştim şimdiye kadar. plastik kalitesi çok kötü. tuşlar minik minik ve shift, enter, ü tuşları çok küçük. türkçe karakterleri küçültmüşler. mouseun açma kapama düğmesi yok. bilgisayara takılan verici kocaman bir flash bellek kadar. velhasıl ben bilgi işleme iade ettim. almayı düşünenlere tavsiye etmem. 3 kuruş daha çok verin doğru düzgün bir şey alın...	0
malzeme kalitesi olarak iyi ve ele oturuyor. benim aldığımda zımba teli azalınca basmıyor. açıp kapatmak gerekiyor. bunun dışında bir kusuru yok.	1
spigen ismine aldandım ekran koruyucu çok ince güven vermiyor yapabileceği tek şey  hafif çizikleri önlemek olabilir ayrıca iyi yapışmıyor özellikle kavisli bölgelerde kalkmalar oluyor fakat piyasada ekranı bu denli kaplayan başka bir ürün bulamadım şimdilik ekranı kılcal çizilmelerden koruma amaçlı kullanıyorum	0
ölçüm konusunda emin değilim başka bir termometrem daha var hangisi doğru bilemedim.	0
urun maalsef beklentılerın cok altında bır cıhaz daha dogrusu hıc ıs gormuyen cıhaz dıyebılırım...	0
ben bu urunden aldim fena deği̇l yalniz bilginiz olsun sisirmesi zaman aliyor ve her gun iniyor havasi her gunde sisirmek zorunda kaliyoruz tercihinizi baska urunlerde yapmanizda fayda olucagini dusunuyorum	0
ürün geldi çantasında ve yanında beton,metal,ağaç için farklı uçlar var. parasını karşılığı ve alman malı düşünmeyin ev ve orta sınıf işler için ideal.	1
sıkıntısız orjinal.	1
telefonu çok araştırıp aldım , fiyat perfmans olarak alınabilecek en iyi telefon.6 cekirdek fakat işlemci telefona göre yapıldığından bir çok 8 cekirdekli telefona göre daha stabil ve akıcı çalışıyor.32 gb kapasite yeterli , ekran ödüllü bir ekran renkler görüntü çok kaliteli , bence samsungun amoled teknolojisi fazla renkleri fazla abartılı gösteriyor bu ekran diğerlerine göre çok gerçekci .ayrıca hafif eğimli telefona farklı bir hava katıyor.telefon 5.5 ekrana sahip olmasına karşın kavisli olması nedeniyle ele oturuyor kenarlara doğru incelmeside 9,8 mm kalınlıgı unutturuyor.kamera tek kelime ile mükemmel , ön kamerada oldukça iyi sonuçlar veriyor .gece cekimleri cok net ve renkler her daim canlı.hızlı sarj olmadığı söyleniyor fakat sarj cihazından kaynaklı 2 saatte full doluyor.yoğun kullanımda sarjının mesaiyi kurtarır fazlası biraz güç ,3000 lik bir pile sahip olmasına rağmen 5.5 ekra bir telefondanda daha fazlasını beklemek şuanki teknolojide haksızlık olur.	1
samsung kalitesi kendini belli ediyor. büyük kart adaptörüde içinde idi ve fiyatı uygun. hepsi burada da 1 günde elime ulaştırdı teşekkürler.	1
ürünü kulanandim kullanımı yönü hic bilmeyenlerin almasını tavsiye etmiyorum	0
ütüyü bende inceleyip araştırarak aldım,	1
cok hizli geldi,teşekkürler hb	1
ürünü 3,5 yaşındaki oğlum için aldım, kitap kalitesi güzel,henüz  her gün düzenli yapamasak ta severek yapıyor. tavsiye ederim..	1
ürünü 1 yıldır kullanıyoruz. hortumu plastik aksamı kısa sürede kullanılamaz hale geldi. eski supurgemizin metal sapini kullanıyoruz. hortumu yeniden aldık. özetle tavsiye etmiyoruz. daha fazla bütçeyle kaliteli uruleri tercih etmek gerekiyor.	0
ayrıca süper hızlı bir şekilde teslim aldım.	1
toplar beklediğimden küçük geldi, lastikleri de beğenmedim ama onun dışındaki ürünler daha iyi	0
petlass kiş lasti̇ği̇ yanak kismindan yirtiliyor	0
rengi deseni, güzel. ama kaliteden emin değilim. özellikle pikesini pek beğenmedim. kısacası görsellik var ama kullanış pek tatmin edici değil.	0
gayet başarılı bir cihaz.. kablosunun kısa olması da iyi, kalabalık etmiyor, fiyatını hakeden bir ürün..	1
ip serum ipi gibi çok ince dalgalı açılmıyor	0
çok berbat hiç güzel değil tablet alacaklara tab 4 t530	0
ürün alti yildizi hakedi̇yor. ambalajinda eve tesli̇m edi̇ldi̇ en ufak bi̇r sikinti yok güvenli̇ alişveri̇ş oldu herkese tavsi̇ye ederi̇m pi̇yasa fi̇yatinin oldukça altinda daha ne olsun mükemmel mükemmel mükemmel	1
gerçekten sağlam bi mekanizması var hafif ve ergonomik tavsiye ederim zaten almak isteyen bu modele otomatikmen yönlecektir. teşekkürler hb sırada pentel smash var	1
ürün çok kaliteli sayılmaz, üzerindeki kılıf bol ve arkasındaki lastik sandalyem için kısa geldi. değişik ağır bir kokusu var, umarım zamanla geçer. ama belimi beklediğim gibi destekledi	0
yorumlara bakarak bu ürünü seçtim. ürün kaliteli... i̇şini fazlasıyla yapıyor...	1
ürün elime ulaştı üründe ışık süzmesi var ürün büyük olduğu için uğraşmak istemedim kasası plastik bu yüzden aşırı hafif pek fazla birşey beklemeyin ses kalitesi oldukça kötü bunu belirtmek isterim ses sistemi bağladım öyle sorunu çözdüm.	0
i̇htiyacımı karşılıyor. sessiz çalışıyor.	1
arkadaşlar yağ yakan aracıma aldım belki faydası olur dedim ama nafile duman çıkartmayan aracım duman cıkarttı ve daha cok yağ yakmaya başladı motorsilk lpg li araclara özel diye bi ürün var onuda hb den aldım cok memnun kaldım tavsiye ederim	0
samsung note 5 ürününü hızlı şarj etmiyor. bu sebep ile iade ettim	0
krom kaplaması on ayda cıktı paslandı	0
kendi açtıkları vida deliklerinden tutturdum sonra bir baktım ki raflar girmiyor yamuk duruyo.	0
orjinal tartışması yapmıyorum. orjinal yada değil bilemem ancak orjinal kalitesinde bir batarya. çok memnun kaldım yanlız ilk aşamada pili kalibre edin.	1
yazlığım için 2.dikiş makinemi almak üzereyim.i̇lk makinemle beraber bu kutuyu kullandım pek memnun kalmadım.şu an başka ürün arıyorum.açarken içindeki tüm makaralar yerinden çıkıyor ve her seferinde yerine tek tek koymak zorundasınız.i̇çeriği fena değil.daha yumuşak plastikten yapılabilirdi.	0
ürünü hb den sipariş verdikten iki gün sonra elime ulaştı. tasarımı çok güzel. yalnız içinden ingiliz priz çeviricisi çıktı.yani şarz aleti takoza dönüştü. ilk şarzda aşırı derecede ısındı. el deymeyecek şekilde. hemen şarzı kestim ve soğuduktan sonra tekrar devam ettirdim. iade etmeyi düşündüm fakat şarza ısınma olmayınca vazgeçtim. ekranında karuyucu film takılı. kamera mükemmel	1
ürün çok kaba, klozet etrafını kaplıyor, ayak basamakları yan tarafta kalıyor.rahat bir oturma pozisyonu sağlamıyor.yerden yüksek olması nedeniyle ayaklarınızı karnınıza çekmek durumunda kalıyorsunuz, bu da rahat oturum sağlamıyor.ürünün kalitesi idare eder ancak fiyat olarak pahalı bulduğumu belirtmek istiyorum.	0
az evvel kullanmaya basladım. hic ama hic faydası yok. eski tek fanlı sogutucum vardı. o bile daha iyi sogutuyor. kesinlikle bu fiyata degmez. eski fan ile sıcaklık 45 derece iken bu sogutucu ile 55-60 arasında suan	0
aldım güzel bir ürün. özellikle benzerlerine bakarak hep su kapasitesi hemde  dem kapasitesi yüksek. çelik olarakta gayet  kaliteli. hızlı bir şekilde suyu kaynatıyor.	1
hps burada	0
malesef kedim beğenmedi koklayıp koklayıp geri gidiyor inat ettik yesin diye ama 2 gündür bir lokma yemeden aç bekliyor	0
tavsiye edilir sıkıntısı yok hepsi burada ya teşekkürler	1
bu siteden aldığım samsung galaxy ace  gerçekten çok güzel kullanışlı bir telefon kamerası dokunmatiği ekranı tek kelimeyle şahane herkese  tavsiye ederimm..	1
ürün cildi geriyor bu hoş bi şey ayrıca içerik yönüyle de sağlıklı bi ürün ancak kuru ciltler için nemlendirme yönüyle zayıf kalıyor	0
her gün az bir şey çalışın vücudu harika topluyor,75 kiloyum gayet iyi,kanatlar ve triepsler süper oldu ,unutmayın günde bir set	0
200 lt akvaryumuma aldım, kargo çok hızlı geldi. ürün , kibar şık ve zarif. çok rahatlıkla derecesi okunabiliyor. tavsiye ederim.	1
cennete gidemezsek kesinlikle yandık gerçekten olağan üstü bir kitap	1
bu kadar kalitesiz bir ürün zor bulunur	0
ürünün siyah olanını sipariş verdim. ücretsiz kargo ile 3 günde elime ulaştı. paketleme iyiydi. orjinal samsung garantili note 4 hiçbir sıkıntısı yok.	1
çok kötü plastik kokuyor.	0
fresh bir koku ,tek kelime ile muhteşem	1
kirlenen plakalaı çıkarıp yıkayamamak haricinde oldukça başarılı bir ürün.	1
şimdiye kadar satın aldığımız en dandik prima oldu bu. bezin değdiği bel kısmında kızarık meydana getirdi bunun yanında benim farkettiğim 2 yada 3 defa bez patladı! bez içindeki parçalar halıya döküldü tabi biz farkedene kadar bebeğin bacağında bekledi malesef.	0
fairy platinum sıvı bulaşık deterjanı limon 480 ml aldıktan sonra ucuz mallara hiç gerek kalmadı...kullandığında gerçekten kalitesini gösteren bir ürün verdiğinizin karşığını rahatlıkla verecektir...	1
ürünün ön tarafında ön kamera için yer açılmamış kamerayı kapatıyor onun dışında iyi gibi	0
fakat bu kadar kusur kadı kızında da olur :) eğer şarjlı el süpürgesi almaya karar verdiysenin bu sizin için en iyisi olacaktır.	1
kargo bir gün içinde ürünü getirdi fakat servis üç günde geliyoor... ambalajından ürünü servis çıkardı. ya kargoda ürün hasar gördü yada hasarlı ürünü kargoya verdiler.. dıştan darbe aldığı gibi içinde; kapağı açınca sağ alt köşede kocaman bir de delik var.. tesekkürler hepsiburda com.. 17.02.2013 tarihinden beri görüşmeler sürüyor fakat maduriyetimi kimse gidermedi.. gidermediği gibi de site üzerinden her aradığımda iade formu doldurtup duruyorlar	0
afedersiniz ama parfüm bildiğin yüzünde 2 kilo boya olan konsumatris parfümü o kadar ağır bir koku ama bir kokusu yok sadece ağır bayat bir koku erkek parfümü olduğu bile şüpheli bence uzak durun	0
ürün gayet kaliteli, parasına göre uygun olduğunu düşünüyorum, daha önceki yorumlarda da okuduğum bir plastik kokusu var ancak yeni ürünlerde hep olur , biraz havalandırınca geçer diye düşünüyorum, karar vermekte ben de çok zorlanmıştım, tüm tereddütlerim geçti...	1
ürün sağlam ve kullanışlı. gözü kapalı alabilirsiniz.	1
arkadaşlar %95 oranında doğru ölçüm yapıyo.yani kaliteli bir ürün.mesela lastikçilerdeki profesyonel alet 40 ps gösteriyorsa bu 39 gösteriyo.4 lastiğinizide bunun ölçümüne göre eşit ayarlarsanız dengeli bir sürüş elde edersiniz	1
ürün iki gün içerisinde elimde oldu.  teşekkürler	1
ürün fiyatına göre güzel yalnız ayaklığı sabitleme tıpaları oturmuyor. fakat yinede alınır kaliteli ürün	1
en iyi fiyat hızlı kargo şahane ürün ücretsiz kurulum daha ne olsun. çok teşekkürler.	1
çekmecesi tam oturmuyor daha kaliteli olabilirdi.	0
ertesi gün elimde oldu.	1
ürün aynen anlatıldığı gibi tşkler hepsiburada	1
