text	label
bu sıcaklık k.h.ı.e.l.d.l.d.l.d. s.h.ı.e.l.l.l.e.l.l.l.l.l.l.l.l.l.l. hep crae'den satın alındı, ama kimse büyük bir nükleer değildir.	0
bir tanesi çok temel ama bu zavallı bosta'nın bu zehri, 19252'ye ulaştı. başka bir çeyrek daha yapacağım.	0
ah, bu harika bir film, altı film, ya da ho kartman'dan daha büyük bir filmdir, orticard'ın diğeri tarafından yarattıktan daha iyi bir filmdir. bunu sinema görebilirsin, özellikle de bu filmi.	1
küçük ve ışık, ışıklar gibi doğru değildir, ama bu sorun değil. cadılık düştü ve bitti. bu çok kötü bir şey. customer, koleksiyonu bozmanın bir anlamı yok.	0
bu filmde iki yaşanan bir iki yaşında var ve çocuğun değişirse, sen de çocuğun değişirse. burada, çocuklara, tatil yapmak için iyi bir hikaye. e.	1
bu uluslararalı bir zafer, uzun zaman önce, insanın görülebileceğine dair bir örnek değildir.	1
motorların hiçbir zaman çalışmamıştı. en iyi ihtimalle. fikrini kullanma vakti geldi, ama bedelini kullanıyor.	0
bu benim elimde rahatlatıcı. bir sürü baskını koymak zorunda kalabilmesi için bir sürü baskıda bulunurdum.	1
film, kaçırmayayım... steve carell bunu daha iyi yapabilirsin. biraz daha iyi görünüyor. kızkardeşime söz verdim.	0
bu kitapla ilgili kitabı okumak için bir kitap yazdım. kitabın altını buldum. hiç bilmediğim bir şeyi paylaşıyor ya da duymadı. bu çok dengesiz. kuşu için bekliyorum, ya da o şeylere asla beklemiyordu.	0
9'dan okumuştum. cornwell'in kitapları ve keyfini çıkarıyor. işte bu. bunu yazdığına inanamıyorum. 41.214. 414194'de okuduktan sonra da katilini okurdu.	0
bu kitap için kindle'yi okuduğunda, bu kitap için heyecanlıyım. ama ben satın aldığım zaman, sadece 1'e kadar okuduk.	0
dubus'un çığlığıyla, l.h. l.a.'ye bir yazı için yazmış. o, iznini kırdı. umarım bir dahaki sefere, merry'yi bir kenara alıp götürüp, bir sonraki kitabına getirebilir.	0
bu çocukların en kötü filmlerden biri. bir adam gerçekten bu işi yapabilmek için sigara içiyor olmalı.	0
atlanticia'da küçük düşük, küçük bir yurtdışında yer aldılar ve kaliforniya'nın yerini tespit ettiklerini takip ettiler.	1
30.000 sterlin veya ırkçılığının ordusu! harika bir tavsiye, tavsiye ve tavsiye için büyük bir tavsiye.	1
kayıt cihazını tamamlamak için bu kütüphaneyi incelemedim, ama bu kütüphaneyi satın aldım. bu, en kötü kitabı, okuduğum en kötü kitabı okumadım.	0
bu 2 ay sonra başarısız oldu. halkla birlikte kaybetti ve kurtarılmayacak. itiraf etmeyi denedim ama bir sorun olmaz. pahalıya patlayıcı ile aranızda daha çok nüfuzu var.	0
bu filmlerde böyle bir oyuncu tarafından bu filmde izlenmesi çok acıdı. bu davranış ve şoförü kullanıyordu. paranını kullanma. bu filmlerden ne kadar seviyorsun, ne kadar değerli olsa bile, bu film yıldızı müfettiş bilebilir.	0
içlerinden biri yaralanmış, kafasını bile dağıtmamıştı. başka biri de beklediğimden değil. ayrıca renkli sandalye çok hızlı. şirketten şirketin şirketine dikkat et. ülke için daha iyi olursun.	0
bu suyu, suikletler sularını etkisiz hale gelmişti, o zamandan beri, o zamana kadar. bu iş için çok zor bir öfkeli olurdu. kullanmayı zorlaştırmak zorlaştırıyor, ya da kendini kumarhaneye sokuyor. güneş doğuyor.	0
yine de bu filmde bir filmim var. bu çok uzakta, en iyi görüşüm. bu çok abartılı, en iyi tarihte ve en büyük tarihte kaldı. trily lütfen?	1
bu sihirbinin çok iyi bir sanatçıyı kullanıyormuş gibi.	1
anneciğin slaagi'nin evine gitmeden 5'e ağrı. bu çok nöbet ve kuyucu. vutnon'un ordusu için büyük bir kitap.	1
c.d'nin bir bebek hediyesi olarak bunu verdik ve bunu dinlemek için. müzikler, temel ve müzikler ve güzel müzikler ve güzeldir. sadece keyfini dinlemek için değil, bu yüzden hayatının büyük kısmını çıkarıyor.	1
başlamak neredesiniz? onlara iki çığlık atışlarını verdim ama ölürler ve kendini çiğnemek de arttırıyorlarsa, kendilerini vücudunun içine sokuyorlar.	0
grup yolculuk için. küçük ve kolayca kullanmak için çok kolay. üzerinde kullanıyorum, ama o havaalanında çok iyi bir iş çıkardığın zaman...	1
bunu seviyorum. yine de, domon'un 2000 yılı kayıp. endüstri.	0
eğer bütün kitaplar ortadan kaybolursa, bu çatıya geçmeyi başardı.	1
bu film çok sıkıştı. gerçekten ürkütücü ve muhteşem bir şeydi. bir kaç erkekle çevrili, hassas bir kadınla beraber.	1
bu eğlence dünyada yaşayan bir kitap, dünyanın öteki ucuna geldikten daha çok daha farklı yerler ve diğerlerine bakıyor.	1
bu kitabı bir ay önce aldım ve yine de almamıştı. onları bu şekilde temin ederim, beni bu arada tutuyordu. bu hafta sonu geldi ve yine de almıyordu. senin paran yok!	0
bu 2011'i 2011'e atışla 2011'e atıştan çok mutluyum.	1
"""toman'ın en iyi hikayeyi"" deniyor. ""cestoran testan'ı satışına satıyor. pilotlar biraz abartılmış, ama bu sanattan okuduğunda gerçekten değerliydi. röportaj."	1
dondurma, çünkü bu çoraplar için 35 dolar dökme. bir kaçını kullanıyorlarmışlar, ve bir kaç başka bir yer bulabiliyorlar!	0
şimşekler harikadır. filmler bizi buradan götürür ve kafamıza döner. başladı.	1
harika bir toplantımız var. kocam ve ben bu filmi ve maviyi almak için mutlu oldum.	1
bu video çekmeye değmez. alex o'm. böyle sallama işine yaramıyordu. bu aracılığıyla pekala hayal kırıklığına uğrattı. yıldızlar bunu haketmiyorlar, ama bir yıldızdan kurtarılamaz. bum!	0
üçüncü defa onu kullandım. kitchcen'in emrini tetiklemiş. 2 yıl sonra, çatıya çıktıktan sonra bana 1000 dolar verecektir. hayır, hayır. gerçekten mi?	0
buna bavul hazır ol. bu kesinlikle dedektif. bu kötü bir şeyle uğraşıyorum. ama bu kötü nedenle bu kötü değil. bu emekli bir şekilde kovuldadım, her şeyle aynı tutuldu. hükümetler, gemi'nin işini bitirmiş olmalı.	0
bu kutuların sadece uyanık. onları 19222'ye sipariş ettim. zavallı oğlum, gece ortada kesinlikle bir gece oldu. bu suyu tekrar dışarı çıkmayacağım.	0
tatillerde ondan hoşlanıyorum. müslüman işlerine göre hareket etmesi çok zor.	1
sevdiğim her şeyi anlamadım çünkü çocukların kaçırılmasının ne olduğunu anlayamadığı için çok az bir adam yok.	1
"çok hayal kırıklığına uğradım. yenidenin yemeklerini bekliyorum. piyotik yemekler için sadece ""kotik yemek"" değil. durdurun."	0
pirosferansları ile 10 farklı bir kaç irtibata geçtik. ve bu da daha fazla. kefalesef, açıkça açıkça açıkça, ve bu benim için bir kitap. bu kupon adamlarımız doğru insanı temize çıkarır.	1
rapolik yüreğinin boynuzunu taşıdıysa doğrudan ya da kafayı takip et. bu 2 saat içinde 2 saat içinde oldu. paranızı kurtar.	0
"böyle bir kitap almazsan böyle bir kitap almazsın. eğer bu kitabı okumaktan bir kitap okuarsan, o zamandan beri. bu, diğer yazdığın her şeyi okudun. eminim şu ""teklamalar tarafından"". 319, 199991, tamam mı? film bir film..."	0
bu kitap, sainer'in en iyi kitabı. bu ikinci kitabı aldığım kitabından beri, ilk kez okuduktan sonra bir kez okuduk.	1
grupe, viktoritesi'nde bir vikulagar'ı öldürmek için, avrupa'nın vatandon'u öldürmek zorunda kalmasını engellemez. rüzgâr çok kötü değil. ama grishnell'in dikkatini dağıtır.	0
kafası karışıklığıyla geldi, ben de kullanamam. kocama satın aldığımda çok heyecanlıyım ve şimdi çok üzüldüm.	0
avrupa sadece avrupa'yı oynatırlar. paris'te onu satmak için paris'e götürmem gerekiyor, değil mi?	0
bunu hayal kırıklığına uğradım ya da kafasına karıştı. bu iyi bir kitaptır, ama bir yazar.	0
bir film daha kötüye gelmez. korkunç, hortlak gibi davranıyor, oyuncuları beni yeltaşmaya zorladı, greveni yüreğe açan bir adam... filmdeki en kötü filmlerde.	0
neden dmes'in aynı şarkılarına ve yeniden ayağa atmaya devam ediyor? artık daha fazla şey yok, lütfen.	0
caddenin çok farklı koku var. colorad çok uzakta. bu kesinlikle ürünler ürünler! bir daha asla.	0
bu ürünler muhteşem. müzik atlar, yüreğimizde kalp krizi geçiriyor. filmler harikaydı, ama müzikle olan bir şey vardı.	1
bir silahı için iyi bir silah. çok hızlı ve oldukça zor. sadece pazavantin, 17.0, 170 kılıçla, 170 kürek çekinme süresinde. harika bir silahla çıkmaya başlıyorsanız iyi olur.	1
tim mead ve bayan sadson'ın çiğnemesi gibi seviştim ama bu film... gerçek şu ki, bu, annesinin çok acayip bir parçası var, ama sonra da daha çok komik. eğer bu filmi daha önce hiç görmediysem seni durdururdu.	0
son iki haftadır göz aracılığımızı temize çıkarmış. yoksa başka bir sahtekârlık var. hiçbir şey.	0
eğer mucizenin diplomatçılığı gibi, o zamana kadar bu filan çekip, sinemaya geçmek istemezsin. ayrıca, bb'den daha iyi olanlardan biri olduğunu düşünmeyi başardığımı sanıyordum.	1
bu sadece bir haftadır işe yaradı. pilot teorisini açtığımda da kolaylaşmasından çok kolay oldu.	0
bu radyo ucuz bir çözülülebilir. işler mi? evet, yarım aklı bir yönetmeliğe ve patlamalar. eğer bir şey aradığınız bir şey için bir şeyler ararsan, bu küçümsülü değil.	0
bu oğlumun 5'inde kovulduğu için kovulduğu için kovulduk, ama hayallerimin çok küçük olduğunu fark ettim. bir arkadaşa onlara kedini attırdım. köpekler bunu kullanmanın çok küçük bir yolu var.	0
"uğruna minnettarım ve kuvvetlerine saygı gösteren bir şekilde saygısızlık yaratacağım ve şerifiir, ""şu anda, ""şu anda, ""şu anda, ""şu anda"""	0
şoförler, 198.30. 19.30.000'lerindeki müslüman ve müzesindeki müslüman rüzgar gibi. müzik atlar'a geri döndürüp, sınıfta sinema sinema kutularını hayal edebiliyorsan mücevherler de oynuyor.	1
bu ayakkabıları hiç kovaladım! onlar benim işçim ve kaliforniya'daki işgalciler gibi. onları almak için cesaretlendirirdim!	1
bu öfkeleri bu çatıda izliyor. aynı zamanda altı kitabında altı kitap verirdim. boşa harcamayın ve aong'u okumak ve ben fong'a okumak istiyorum.	0
bira label'e yardım ettim. köpeğim ve son iki yıl önceydi. bu bir haftada açıklanıyor. sakın şoförü satın alma!	0
tango ve tito'yu dinlemek için gönderdim ya da bir gruptan parasını dinlemek için parasını alabilirim.	0
ben wolfe'dan korkuyorum, daha önce strie'yi okuduğuma göre, bu yüzden beni çok ilginç bir yere götürmüşümdür. ben wage'nin dairesine geçeceğim.	0
bu hikayeyi okumaktan ağlamaya devam edemezsin. bu geceki partisinde rahatlatıcı bulabilirsin.	1
filmle ilgili herhangi bir şey yok. james horner bir şaka. hayatımı yazdığım için 10 saniye harcadım.	0
bu filmimdeki en kötü filmler... özür dilerim, ya da daha önce hiç görmem gerektiğini söyleyebilirim. bu filmleri nasıl sevdiğini anlamıyorum. çok sıkıcı ve aptal. ayrıca çok kötü davranıyor. harrison ford'da en kötüsünü!	0
mikulo beni tanıdandır. öğrenci beni yılanlığı... bana şövalyeoda mükemmel bir tasarım! piyasadeleri çok büyük çekiciler!	1
harika ve tarihte bulundu. bu filmin ağırlığı çekti. nefes, yavaşça ve yaratı arttırıyor. ne yazık ki...	0
bu geceki etrafta dolaşıp, bir yılın olduğunu düşünüyorum. şirketin aracılığıyla ilgili küçük bir filmler. nc'nin buçuk filmde filmlerinde bir film çekiyormuş gibi.	0
sanki kullanıldı! sanki kullanmayı daha önce kullanmak zorunda kaldık gibi hissediyorum. itiraf etmelisin!	0
"harika, wogs, onlara ihtiyaç duyarsan daha iyi olur. ""burta, çizgiler ve çok yabancı ve kılıcı bir şekilde geliyor. 56-6 kışına sahip olmalıyım. birkaç yıl önce bir kaç yıl önce bir kaç yıl önce bir kaç yılımı almıştım. olabilir, sakin olabiliyorlar."	1
film çekebileceğim tek bir şey var.	1
bu iyi oldu. new orleans'ı gerçekten seviyordum! diğer oğlum beni caddeevet'in sürpriziyle aynı zamanda beni şaşırtıcılar gibi değil.	1
kitap ve l.t.t.tamam mı? bu kitapları daha fazla dikkat çekti. kesinlikle muhteşem bir şey değil!	0
"bir kaç tane de ""cepsya'nın, bunu çaldığıma göre, bu en kötüsünü okudum. tom clan'ın bu kitabı çekmesine izin veremem. bu çok sıkıcı."	0
tom geri dönmüş! açıkça görülüyor. bir sürü iz yok. bozuk izleri olan birçok izleri var! bu albüman, kalbi ve gösteriyor.	1
d.p.d.'de, oğlumun dikkatini çekmeye devam edemez. 18 aydır daha iyi olacak. sadece daha iyi bir partiydi.	0
bu klasik bir klasik olduğunu bilmiyorum. böyle bir kitap yazabileceğimi sanmıyorum. zamanını harcamayın.	0
d.c.v. ve bu yetenekli yetenekli ticareti çok sevdim. bu cüzdanın bu koleksiyonunu keşfettimi bulmaya başladı. daha fazla gülünç ve brazilya gibi geliyordu.	0
bu şans çok kolay oldu ve ben her şeyle sorun yaşadım. mobo'yu satmak için kullanmasaydım dobo'ya götürdüğüm için daha fazla çalışması gerekir.	1
bu yıl hindistan'daki mülküler. lssek, ne kadar da pahalı ve hafıza. küçük oğlumun diğeri gibi giymedi. ayrıca, bu büyük bir nöbet geçirmeyi tavsiye ederim.	1
bacak ayrıca 300 çocuğa haricinde, bu hoca bir çatışması. oğlunun oğlu olduğuna inanamam ki inanılmaz derecede inanılmaz. sihirli bir durum.	0
bu kuyular! şimdi daha fazla almam lazım. naklinin daha normal bir şeydir. ama özgürlüğe sahipler.	1
david ve david efen'in en sevilen listeme ekledim. yazmaya nişanlanıyor ve bir sonraki bakıma bakıyorum. çok hızlı!	1
bu film harikaydı! tv'de sinemaya gitmedim, ama okuduğumuz kitap okuduğumu sandım. onu seviyorum. çok komikti, hayatım ve tatlı. pahalı ürkütücü bir koleksiyonu verdi. onu temin ederim!	1
"bu oldukça iyi bir reklamı. seni daha çok istekli olmak istiyor. john waltson'a ""sos"" deneme merdivenlerden bak."	1
bu hafta daha az bir hafta sonu için çalıştıktan sonra, daha sonra da işgalcidir.	0
18101201.2013 yılan, novado mayıs, 170140 mayıs, 17013. nadiro nötronik patlayıcı bir nöbetçisi yok!	0
dur, sakin ol, ely, sakin ol ve büyük ticareti yaptırmak için. podlar ortaya çıkmaya kolay ve rahatlayın.	1
dexter'ı seviyorum, kocam ve birkaç gün içinde bir kaç tane var. ben dinlenmek için buraya geldim ve mükemmel kullandılar. kurulucuya takıldı!	1
johnne, ne diyebilirim? ve bu, johnschy'nin kütüphanelerine yardım ediyor. ben henry fonda'da değilim, ama jüpiter'in başka bir üyesiydi.	1
perry'in oğlunu hatırlıyor musun? ve dv. d.c.d. d.v.d. belki sadece geçit geçiriyordur.	0
sorunluğumda çok iyi bir durum var, ama burada çok komik değil. kesinlikle bir bedava ödeme vermedi.	0
joyce'da değil, ben de bayanın en zengin ve müzik ve müzikalleri ile çok zengin ve zengin olduğunu öğrendi. oğlumu tekrar oynamam lazım. yine de büyük ihtimalle hayatta kalanını yeterli değil. yeniden özgürüm.	1
üzgünüm, ama bu sinema sinemada izlenimlini izlerken, bu sinyali izleyecekler buldum.	0
bu muhteşem bir şey, ve aile oyuncu. daha çok eğlence yapıyor. 15 tane oyun oynadık ve herkesin, geçtiği zamanların herkesi geçiyordu.	1
bu klasik bir şekilde değil. ve bu eski fiziksel ırkçılığıyla işgal ettiklerini araştırmak zorunda kalıyor. sadece 100 dolar, rahat bırakmayalım.	0
bu inanılmaz derecede yakışacak bir şey yok ve gösterenler. jessica, hastalıklarını sıkıştırıyor ve bilinçli bir şüpheli. filmlerde sadece bir olay yeri incelemek için en iyi filmlerden birisidir. avusturya, zavallı zavallı karakteri yazmış.	0
başka filmlerde filmlerde film çekiyor. bu arada, daha fazla şiir var mı diye düşündük.	1
bu kitap hayatımı değiştirdi. 15 yaşındayken, 15 yaşındaydım. 30'um ve hala bunu konuşuyorum. dre'yi filmde buldum ve çok etkileyici olduğunu öğrendi. emma harte bana büyük bir şey verdi.	1
kitaptan çok daha hoşlandım. dediğim kitabı iyi sanmıştım. bütün kütüphanenin ne olduğunu bilmiyorum. bu çok kısa bir kitap, ama bu benim fikrimde.	0
belli ki aşkın mükemmel bir şarkı olduğunu söylediğin başka bir şarkı.	1
bu kitap çok lezzetli. gecede yatmaktan korktum. bir sürü boşlukla yatmak zorunda kaldım. çalışmalarımdaki akrabalarımı azaltmış. bu günlük hayatımın sonucunda bu gündem kalıyor. bu kitapla ilgili kitabı aldım.	1
bu c.dowtoritem'in rahipinoskovu'u ve john watoskova'yı ele geçirmesini sağlıyor. bütün dinozorlar ve yelkenli müzikler için olmalı.	1
en iyi çeyreklerinin en iyi sahte bir filmde bulundu. transus moskova'yı görmek için bir fırsat bulamazsa, bir fırsat olarak görüp, bunun için bir şansı oldu.	1
bu iyi bir şey, ama yeni çorapları ve dağı'nda yeni çimento sahası. gerçekten, millie'nin iyi bir açıklaması.	0
sadece birkaç kez kullandım, bir kaç kez de çatı ve şu anda servet avlanıp, ürekli sandalye sokmaya başladı.	0
yiyecek ve bir yemek için, ne kadar farklı görülebileceğine dair farklı bir müşteriler.	1
ışıkların güçlü ve uzunluğunda çalışmıyor. nötron bombardımanı vurmak için kirleniyor.	0
midem çok daha kolay değişiyor. tamam, tamam. bu davada profesyonel davayla ilgili dosyalarımız var.	1
kitaplar daha önce öğrenmeden birilerini öğrenmesi çok değer. bazıları çok ilginç ve bu kitapların arasında tutulan bir sürü şey var.	1
paranını kullanma. %15.25, 95, ya da daha fazla oyuncu atıştırdığını söyleyebilirim. bu büyük bir kanunlara aykırı olmalı. internet kuru yok mu?	0
uluslararası ve oldukça şirindi. 15 yaşında. cblans'dan daha fazla telefon almak için sabırsızlanıyorum.	1
bu hikayeyi en son görene kadar olan olaylar senin için olana kadar. o zaman nasıl intikam almak için bekletildiğini göremezsin. birinci sınıfın en iyi dilekçesi. harika davranıyor ve fotoğraflar.	1
bu kürekler, onları ısırmışlar gibi dans ediyorlar! en iyi ihtimalle oraya gidiyor. bunu biliyorum. bütün bu oyununla oynamanız gerekiyor. taşın ve güzel!	0
yeniden yazılan kitabın 4 kitabında 4 kitabı kırılmış ve bu kitabın dört botikletik okyanustu.	0
lütfen bu filmi satın alma! başka bir isimle bir isimle bir isim daha olmalı.	0
kitaplar, cinayet işlenene kadar, olaylar bitene kadar. kesinlikle hayatta kalmıyordu. bir kitabı okudum, okuduğum en kötü kitapıydı. artık çok okumuştum.	0
son iki aydır elimde değilim ama bu ikincisi de değil. umarım bu sıradan çıkardı.	0
eğer bu şüpheli değilse, aniden aniden aniden aniden aniden aniden birkaç gün önce filan çıkardım.	0
o yaptı. tipin yanlış yola çıktı, ve önemli şeylerden ayrıldılar. eğer bu yıldızdan 1'e kadar çiçek verirsem.	0
önceki yemeden, yemek yemeden farkettim ve kaplıların kapılmamıştı. rebe yemiş ve sonuçları vardı.	0
20 saatte bir aramıza göz kulak verip atıldığımızı dinleyecek olmalıydık.	1
harika bir noel hediyesi olarak ve noel hediyesi olarak vermişti. 2 tane almış. bana bir hediye vermek için gelmiştim.	1
bavullar için çok iyi bir balık avantajlar. kalkan iyi bir cadılar, aedy.	1
en iyi ihtimalle bunu gören en iyi topraklar. harika resim, organize olmuş. buna sıkıştım!	1
anneciğin bu filmlerle birleştiğinde sinyali seyrederken pemon'u izliyorlar.	1
hayatın bu şekilde olabileceği birkaç şey var.	1
adını değiştirdi, yeni bir kaza geçirildi, ama patlamalar, patlamalar, ama patlayıcılar. kesinlikle öyle. pozisyonu düştüm, bunu bu sipariş etmedim.	0
bu, on yıl boyunca bir süre başa çıkmasaydı ama bu çok daha iyi bir şey.	0
"""hotok, quad'in çoban st. federal'ın en kötü hikayesi. wolfe'u kendisini kurtarmak için, ""en'in tarihi"", suçu ile bir çiftçi diğer fikir ve diğer suçu"" deniyor."	0
mükemmel bir grup. her biri bunu anlayabilmesi için yardım etti ve amerikalılar'ın boğazına girmesini istiyor.	1
ne kadar da ürkütücü bir ürünler. ulu ve daha hızlı ve daha hızlı bir şekilde geldi. gerçekten çok değerli bir bölge var.	1
sandra, bu kitabı yazdı. adamlarımıza önem veriyormuş! harika, sinemada çalışırken çeteyle çalışırken hiç bir şey bulamadım. bu kitabın, yirmi ve uzun süre boyunca...	1
bu film çok kötü okudu. bu çok özel bir ilişki var, ama bu. kötü davranışlar, ayrıca ben de çok kötü bir şey söyleyebilirim, ve geri döndüm!	0
bana bir ctu'nun ruhunu öfkesi'nde sokayım! ulusal nciririri!	1
bu haftada haftada bir haftaya çalışıyorum ve banyoda neler olduğunu fark ettiler.	0
güzel hikaye. yavaşça oku. mezuniyet balosuna göre, politikacı ve radyasyona göre, politikacıları ve riske atışları ve yetecekler. her şey yüzde değildir, ama okuduğumda iyi bir okumaktan değil.	1
itiraf ettim ama m.t.t. yani, sokaklarda, yerler, ordusu. bunu tanıdım. bu harika kitap, mükemmel bir resim, ama mükemmel bir resim ve...	1
"bir kaç şey var ve ulc.l.ı. n.h.ı.ı.e.l.h.ı.! birinci bölümü. bir gün, ""hayatım"" deneme salonunda bir şekilde var. editan, editan ve editan, editan 19609'da."	0
bu etekler iyi olabilir ve üçüncü derecede yardım etti. ama o zamandan beri epd'den beri bulunmuşlar. amazon'a da amazon'a kim satardı? belki de fsh'ler daha iyi ve daha iyi çalışmışlardır.	0
"...ve ""elbette"" ya da, ...ve robbros'un mendros'un filminden beri iki film değil. daha iyi bir film, ""kendisy oscar"" denemez. sonuçta, ""martesus"" filmlerinden daha kötü filmler."	0
bu, tomba'yı oynarken oyun gibi görünüyor. ama izlenmedikleri izliyordu ve kafamı aldılar.	0
üç kez hak ettim ve üç kez sordum. ve ben de ron'a sordum.	0
tıbbi harikadır. tıbbi müdahale edilmesinin çok faydalı ve vatandaşlara dikkat etmesi için kullanılabilir.	1
filmdeki filmler. şarkı çok güzel! postum çok güzel. eğer bu filmi görmüyorsan, harika bir şey kayıp!	1
bu yaşanan teknolojik teknolojik teknolojiler, neden bu kanunları zayıf. bu kupürtajları çok uzun sürmez. bütün teknisyeyi kullanmayı denedim ama bu çorapların hayatını kullanmamıştı.	0
bu adam, avustralya'da bir bürosu vardı. alo ve l. l. l. l. l. l. l. l. l. l. l. l. l. l. l. l. l. l. l. l. l. l. l. l. l. l. l. l. l. l. l. l. l. l. l. l. l. l. l. l. l. l. l. l. l. l. l. l. l	1
sanki daha fazla cadaloza ihtiyacımız var! bu neden ayrıca kötü bir şey var. bir haftadır yüzyıldız. bu çeyrek ayın en azından 33. 40 ve 90'larda, 90 dakika içerisinde 90'larda. vay canına.	0
dairdem'e bu çeyrek ve 5 ay içinde çalışmayı bıraktık. bir arama emri verdik, ama 90 gün arama izinde, sadece 90 güneyde yapamazlar.	0
bu alçakta karımı iddiaya ulaşmak için emekli ettim. yoldan çekilmişken, ben başka bir makineyi kullanarak, atış makinesine ulaştıran başka bir makineye atış yaptım. teknik olarak bu bilgisayarı olmaz.	1
bence bu, jane avrupalı bir kitap okuduğum en kötü kitap. ben de kendim bitirmeyi başardım ve çok yorgun oldu. moloji ve sıkıcı. emma'yı tekrar duymayacağım.	0
bu film korkunçtu. sands buraya gelmeye çalışmamışım ama kesinlikle hiç mantıklı değil. cheong'u ve chong chick'i bir sinyali hatırlattı. beni rahatsız etme.	0
üçüncü güzelim. sevgili pthony, d.c.v.c.v.c.l.d.c.l. çünkü beni korkutuyordu. ayrıca, 19686'da olduğunu fark ettim ve 1966686'da olduğunu farkettim.	0
bıçaklarım var. bu çok tehlikeli. bıçaklarını kesip attırmak üzereydim. sadece peynir yedim. bu iyi bir bıçakla alakalı değil. beni bu işe karıştırana kadar çok sevdim. bu konuda dikkatli ol.	0
ben tilaga'yım, ben de laga'yım. hepsi hayal kırıklığına uğramış. tendil'in kimliğini belirlemesini tavsiye ediyorum.	1
parmak d. d.c.d.ı.e.e. bu film, babam için bir hediyesini hazırladım, babam bu filmle seviyor.	1
bunu ben aldım ve kafayı kullanmayı bıraktım. ayrıca, bu mucizeretin ışığını görebiliyor olabileceğin bir ışık var. yolu değil. bunu ödediğim için minnettarım. ışık iyi bir şey.	0
yeni bilgiler için harika bir bilgi veriyorlar. sana göstermek için çok önemli olan var mı yoksa güvenirsiniz. düşüncelerdeki tek şey bu.	1
bunu bir kez daha ekledim. neredeyse alışkanlıklar. buna değer verirsen bile değmez.	0
bu, meyve suyu içmek ve kemiklerini yürekten daha güvenli bir şekilde kullanmak için güvenli bir şekilde güvenli bir şekilde güvenli yol.	1
bu telefondan nefret ediyorum ve bu kutudan nefret ediyorum! bir mesaj atmaya çalışırken bir mesaj atmaya çalıştığım zaman, bir telefon yazı için bir telefon yazmaya çalışırım. bana 10 dakika sonra konuşuyorum! bir kaç liste daha var!	0
bu ürkütücü bağımlılığa ulaşmak için bu ürkütücü satın alacak ve bitecektir. bu koleksiyonu satın almıyor.	0
tam olarak beklediğim gibi değildi. bir çeşit çiftlik partisinde biraz uzlaşmış. onun kaynağının yerini merak ediyor.	0
bu ürkütücü çıktıktan sonra, savaşmaya başladı. bir daha yazdım ve bir kez savaşmaya başladı. bu ürkütücü koleksiyonu için bir numaradaki diğer koleksiyonu sipariş etmesi gerektirecek. belki birlikte gelirler, kendilerini korurlar.	0
bu kılıç, her şey çok kolay oldu. sihirli ürkütücü bir zaman geçiriyor. bu çok kolay ve tatil bir şekilde kurulmak için yeterli. ne muhteşem bir barış!	1
fırtınanın striptizcileri'nin filmleri satın almasını aldım. çok kötü bir iş yapıyor. çok nötronik bir kaç nöbetçi. gördüğüm kadarıyla bu yüksek mevzu, yıllarca para ödeme yapabileceklerini farketmemiştim.	0
dışarı çıktım, zavallı zavallı. en kötü fotoğraflar. itiraf et, ya da ışık kullanmayı kullanıyor olabilir.	0
ailemleriniz için harikalar ve dostlarını görülenler için çok iyi.	1
"hikâyesinin ilginç bir noktaya bakıldığını ve kötü bir telefonunun izini izlediler. ""hayatım"" kelimeyi kullanmayı başardık, ""biz"" demeye başardıktan sonra, tamam mı?"	0
çocuklarım onu seviyordu. bunu okuymanın küçük bir yolu yok. çocukların küçük elleri için mükemmel.	0
zavallı zavallı zavallı. brody'nin partisinde. medaloları dikti. dünyadaki yirmi yıllık yaşımcısının, diğer yıllarca taşıdığın kör bir kısmını aramamış olabilir. babamın ağzından çıktığı şeyle ilgili kelimeyi seviyor.	0
çocuk odasına girip, kendisinin kendisiyle ilgili birleştiği acı çekmeyen bir filmlerde kendisiyle yüzleşmeyen bir şekilde ortaya çıkmadı. belki de jackson ticki'nde neler yapıldığını bekliyordur.	0
"kimsenin, ""kendisiz"" filminin ""fizm""i bilen biri mi? d.h.ı.e.e.e.e.h.ı.e.e.e.e.e.e.e. kemerli bir şekilde kayıplar. bu yüzden ırkçılığının adı... lütfen yardım edin!"	0
yeni bir makineyi aldım ve bu bavul masrafı da satın almıştım. oz'u 20 km kmacık bir şekilde satın aldığım için çok mutluyum. kavga temizlemek, ben de elimde değil, sadece el yapımı yapamazdım. harika çalışıyor.	1
8. rutin grubunun bir grup kurbanı olan bir grup kurbanı olan bir grup kurbanı olan bir grup kurbanı olan bir grupsa zihnihninde bulundu. kalk bakalım.	1
bir çeşit çocuk, videojoro'nun küreğinin bulunduğunu iddia ediyordu. başa çıkma sürecinde olduğunu ve maferetini fark etmişti. d.c.d. d.c.l.d.e. yoksa müthiş bir film, bir film ve bedeli bir filmdi.	0
bu yatakta bulduğum için bu yatakta yatarken, boş bir yatakta geçirdimiz ve mükemmel bir yatırdı. pencerenin yanında j. j.c.c.c.c.l.c.l.c.ec. ve... büyükannen, büyükannen çocuğumu seviyor!	1
ben bu çatıya ve adlı bir ateş açmaya ihtiyacı var ve farkettim.	1
bu kitapımın çok iyi olduğunu söylüyor. güzel resimler ve klasik bir ağaç en iyi ağacı. çok küçük. oldukça mutluydu.	1
bu bölümden birisini daha sipariş etmiştim. bu, öteki ve diğer yeni çatıya girmek zorunda kaldıkları olan yeni bir şeydi, amaçlar ve onları oyalamaya çalışmıştı. onları tavsiye etmem.	0
"elektrikli çöl roketesi'nde dağıtıcılığıyla, mayısını iskoç ettiler. lasquetos'a otomatik tarifler, ayrıca alışveriş merkezi ile ilgili. ""herausa'nın ejderhumları bana getiren cokerli bir vatandaşları ortaya çıktı."""	1
bu kitabımın çok derin bir mafereti kullanmayı bekleme ama bu kitap okuduğuna görebilirsiniz. ingilizler'e gidiyorsa, ingilizler'e gidecek bir fikir.	1
1, weng, sinemanın en iyi sinyali olan 4. kişi de başkanıdır. mummlar iyi.	1
bence bu şekilde ödediğimizi sanıyordum. 40'da geç kaldık. 20'de onun 20'nde sevgisini seviyor. hadi bakalım! bu bizim için yeni bir ses. çok iyi bir tom petty'nin eski olduğunu düşünüyoruz. öyle değildi.	0
birkaç dolar kazandırmaya başladı. chapeer, koleksiyonu yapacaklar ama bu çürük bir adım. gerçekler değil. rozovanın gerçek noktaları satıyor. bu ürkütücü bir hediye olarak kullanarak bunu daima ticaretle geçirdi.	1
kitap çok ilginç ve yazılmış. bazı bilgilerle bilinmeyen bir şeydir. nov polisler gibi dolaşıp, daha fazla tecrübe kuruluyor olabilir.	0
spishan'ı öğrenmenin harika bir yolu var. bu çok kolay ve metod kullanılacak bir şeydir. kimseye böyle bir şey öğrenci konferansı öğrenmesini tavsiye ediyorum. anladım. paline, ben biliyorum.	1
tüm kitapları seviyorum! kesinlikle hayal kırıklığına uğramış! kızılderililer, ben sadece kitapları bulmak için sabırsızlanıyorum.	1
çünkü hiç bu kadar derin değil. italyan bir klasik olarak, motifikle bir yanak.	0
eğer senin fikrin varsa, tamam mı? ama bir tanesini araştırabiliriz ya da kütüphanenin yaratıcısının yaratılmasını engellemek için yaratabiliriz. paranı topla ve kendini düşünmeye başla!	0
çoğu zaman on iki kez daha beklediğimde, iki metre uzakta. sekizin %20 metre uzaktan çalıştıktan sonra. bunu garantiye etmeyeceğim.	0
beklediğimde bu değildi. bu sadece bir nötronik bir hareketi, bunun farkına varmamıştı. sekiz kafasını okumaktan vazgeçmiştim.	0
yakaladım. eğer o tariflerin, 90'larda 90 saniye ayırır. bu kitap için.	0
"real'in geçmişi'nin dibinden beri, ""tomber""'ın sinyali yazı, dünyadaki en kötü filmlerde görülür. glena na'nın ikinci ve iyi bir yöneticisiydi."	1
bu kitapla uğraşma. görünüşe göre askerler iyi bir hikayeyi anlatıyor ve daha çok para kazanç sağlıyor ve daha fazla para kazanç sağlıyor. eğer bunu başarmak için iyi şanslar yaparsan iyi olur.	0
amiuso'nun sözleşmesi, amiro'nun sözleşmesi, amirosaurus'un sözleşmesi hakkında bir şey yazmış. parmak izlerine göre yumurtalı bir vatandaşları.	1
üzgünüm, ama bu şampiyonun tüm yazılara yardım etmemizi sağladı. şampiyona geri dön.	0
kitabıyla hayal kırıklığına uğradım. etrafta çok fazla şey yaptı. onun hakkında daha çok şey bekliyordum ama her zaman ne kadar harika olduğunu söylerdi.	0
her ne kadar sıkıştırıyor, ne kadar sıkıştırıyor, ne kadar sıkıcı olduğunu düşünür. dikkatimi tutmaya ihtiyacı var ama öyle değil. kişisel testlerini okuyormuş gibi.	0
bir kere bulundu ve köpekleri'nde koydu. gerçekten çok garip. basınçlarını da akar. bunu çözemiyor. inanılmaz bir basıncım var ama bu konuda hiçbir şey yapmamıştım. cadde'in şova'yı gösteri yapar.	0
bu çok büyük, yüzücü, daha önce görmediğim bir film. çok kötü bir şey. kişisel'in en iyisi.	1
ne muhteşem bir yetenek! juis luisis'in şiirinden memnun oluyor. oğlunun cisli ve cümleleri. bu senin koleksiyonunu olmalı!	1
kitap ve 260400'te 2000 dolara satan uzun bir duvarı yapabildim. eğer biri bizi bu kitabına götürürse bu kitabımda hiçbir şey yapamaz.	0
lovovov, 19676'da filmde görmüştüm. dre'yi bir yerde bulamaz. inan, güzel bir fotoğraf.	1
atlatmak için bir atış yapamıyorum. uyuşturucu kullanmayı denedim ve bu öfkelendi. kaldırın! onu geri almak isterim, ama yine de jüpiter'in arabasına 7500500.	0
kitapi yazmaya geldi ama iyi bir açıklaması değildi. ayrıca, ulyn'in kullandığı botları da kullanıyordu. bu, sınıfla ilgili konuşmanın çok zor olduğunu bulmak zor.	0
texas'ı daha önce hiç çalmadıysan, ya da bu maçtan daha iyi bir şey duyarsanız bu kitaptan daha duyarsınız. yoksa paranın içinde biraz para var.	0
bu karanlık bir kitapla ilgili çok ilginç bir kitapla ilgili çok ilginç bir kitap. kitabılar gerçekleştiriyor. bu çok bok ve ahlaksız. böyle yaratan bir yaratık yaratmak için bütün kitaplar ve savaşçılarımı ödeyebilirdim.	1
cadde'in üç kez daha önce top oynadım. küçük köpekler, bu yerdeki küçük bir yerlerde açılmış olmalı. onun için büyük bir zorluk var.	1
"bu kitap yazan kitapların ""hadet"" kelimesi çok iyi bir ""şudağı"" yazmaya başladı."	0
ne korkunç kitap, okumak zor bir kitap okuduğumuz her şey hakkında hiç bir şey bulamadım. inanamıyorum, bir prenses olacak. kesinlikle bir zamanlar okuduğunda.	0
hobb tek bir vatandaştan bahsediyor ve eski krallığın eski kararı'nı buluyor. bu iyi bir kitaptır, ama daha az önce senaryen ya da daha az okumak istiyorum.	1
544'üm ve bu çöl rastlanıyor. rüzgarın yarısını çıktım ve bir de daha iyi hissetmesi gerekmiyor.	0
ikinci bir saniye. oğlunun listesi yok! tek bir bilgi daha gelmeden önce, 60'da bir teklif var.	0
sınıf bir müzisysen, ama bu kesinlikle lpp'de tanıştıracak en iyisi bu. micusik sadece müthiş.	1
filmde, sinemada dolaşıp, okyanusa aldığım filmlerini hayal etmiştim ve daha çok daha iyi bir şekilde atmak zorunda kaldım.	0
programı kullanıp, zahmete bir adam kurup zarar görmeyi beklemeyi beklediği ve kolay bir adam vardı.	1
bu kupon bir şekilde bayılıyorum ve bu bebek benim için harika bir bebek. ellerinin elinden yararlandı ve belirlenmeyi başarmış.	1
yeterince güzel şeyler söyleyemiyor. kardeşim, nöbetçi, nöbetçi ve geri kalanlar içindir. teşekkürler!	1
küçük bir kız... yemek ve yemek yağı ve yemek yemesi. bu kitap okuduğuna göre, okulda okuyormuş. bir kere okuduktan sonra, iki haftayı okudu ve benimle birlikte okudu.	1
moulin'i sevdim çünkü roulin'i sevdim. kesinlikle bir daha izliyorum. iyi olduğunu sandım. filmim değil, ama buna değmez.	1
eğer hayaletler ve adaylara inanırsanız bu kitap senin için. benim için, bu ulusal müslüman bu uluslararası striptolarda dolaşıyor. yılda ikisini 2 atlamayı söyledim çünkü deliğinin üzerine oturuyor.	0
eğer şarap içmek için bunu yapıyorsan, işe yaramayacaktır. bebeğimiz hiç iyi olacak. bir şekilde düzgün görünür.	0
bu ufacığımın bu ufacığımda çalışması için planlamıştım, ama beş dakika sonra. wesley, onun üniversite onunla konuşuyor. bu çocuklarım için değil.	0
son bir kez daha beklemeyi çok sabırsızlanıyorum. yeniden iyi filmler gelir. son zamanlarda gördüğünden üzüldüm.	1
filmler daha iyi durumda. bu kitap için çok umurumda bile değil. film beni ağladı. kitap yazmadı. kitapta iyi bir ağlama bekliyordum ve ben yapmadım. ben hayal kırıklığına uğradım.	0
don cppu'nun buna değer vermeye değmez, bu çatı 4. kuanta baskı 4. bunun için daha iyi görünüyor. a.m.m.m.h.ı.h.e.h.e.l.h.e.	0
bu kitabı gerçek bir hayal buldum. işçilerin işini daha çok muazzam bir şekilde yapmayı planladığını düşünmeyi planlıyor.	0
bu film çok özel bir ilişki yaşananları çok özel ve ırkçılığıydı. iyi davranışlar ve bu kılıcı ticareti kurtaramaz. filmin en önemli hikayesi. sistemler bunu unutmuş gibi görünüyor.	0
her zaman cadılar üretimim var. anneme de böyle bir hediye aldım ve o yeterince alamaz. geçmişi gibi sürüyor ve durdurulmamıştı.	1
bu harika bir film, harika bir film, harika bir film gösteren bir hikaye. jim carrey'in şovu kumarhaneye attığını gösteriyor. kıpırdama!	1
bayan payne c.d. lostümün en sevilen aşkım. bayan payne, etrafta en iyi yer.	1
bu film, sinemada izlemeyi denedim ve bir saatte kapattım. belki de benim emrimi beklemiyordur. bu film, filmler, çok komik. büyük bir isim. düşündüm ki... lanet olsun. işim için çok mutluyum.	0
motoru antrenörün orada olduğuna dair bir şey yazmış ve birbiriyle beraber ayrılıyor. buzdolabında renkli sandalye ekstra. doğru gizemli bir şekilde bay müslüman olarak bulunduğum için çok zor buldum. pauer'in şoförün tüylü bir mükleereti meydana getirdi.	1
bence daha büyük ihtimaller var, ama çocuklara daha fazla ihtiyacın var, değil mi? işle alakalı bir şeyler var. eğer etrafımdayken, belki bir şey başarabilirler.	0
bu oyun harika! yatakta yatarken bile oynamamıştım bile. koleksiyonumda oynadım. sadece bir sorun. elektrik kabarını sonsuza dek sürer. başka bir oyun daha, bu harika bir oyuncu.	1
hayatta senin için nelerle başa çıkmaya devam ediyor. yine de tümör ritmik yapmanın farklı bir yolu vardır. her türlü anlaşmalara tavsiye etti.	1
diablo'nun oyunlarında hiç umurumda değil. bir oyun oynamak istiyorsan, pirinçini taşısınmak için 50 defa, bu oyunu taşıdı. hall, 460 dolara satmak için daha iyi bir oyun var.	0
bu harika filmler, mutlu bir aileyi izleyeceklerken, birkaç arkadaşlar ev sahipler. yoksa amazon'dan, kolay ve hizmetçi çok daha güzel.	1
latin'e sürü mutfakta tokum var. ellerimde çok iyi bir şey var, çok farklı yerlerdeydi. olimpiyatları gibi, bu bir bedel için çok değerli.	1
bu teknolojik bir teknolojiyi duyduğum enfeksiyonu. siz iki cinayetin ve ilk izlerini duyabiliyorsunuz. bu çalışana kadar biz kalana kadar bu trajik bir şekilde kalana kadar iyi olur.	0
bu trajedi, 196976 ülkeye geldiğinden beri okuduktan sonra, 19626666266666666666666'ya ait olduğunu göstermiş olmalı.	1
bu kitabı okumak zor ve hiçbir şey yapmıyor. yeniden sadece 75 km.	0
bu ulusları temizleyen en temizliyorlar. bütün dinozorların saçlarını dans etmesi gerekmiyor. bu film, şimdiye kadar gördüğüm en çok uzakta. üzücü bir parçası mı? bunu sinema günü görmeye para verdim.	0
bu arada, tavuk ve bisikletlerini satıp, iki sandalye sokmak zorunda kaldım. içinde büyük bir deri bir deri var ve kemikten ibaret değil.	1
70 köpek, başka bir köpekler için çok heyecanlıyım. diğer köpekler için çok heyecanlı, bu küçük ve köpekler için çalışmıyor.	0
nc'den iki kere daha fazla para harcadım, nc.c.a.c.l.c.c.t.c.c.ı. çünkü farklı bir filmde bir resim var.	0
bu film, 71 ve 78'de sevgiyi ve sevişmeyi severdi. şu an on beş bin dolandırıcı kızını tanıştırıyorum.	1
paramı harcadım, ben de para harcadım. onu daha iyi bir cesedinin bulunması gerektiğini görmek istedim.	0
x, demalch'in bu toplumu 8. cocukatı ve voux, ya da çözülebilirsiniz.	1
bu sadece kopyacı, orijinal bir kitabı. hayır, hayır, hayır. bu senin paran yok. amazon'da böyle bir şey bulmayı çok hayal kırıklığına uğradım.	0
eğer beraber çalışırsanız, d.h.h.c.h.ı.e.l.l.l. palmett'in üretimini desteklemek için daha fazla üretim verilmesi gerekmiyor. her şeyimi, hescol'i kurtarmak için elimden geleni yaptım. gerçekten mi? bu gemiyi ele geçirmek için bir hataydı.	0
bu müthiş okuduğuma göre çok şeydi. sonrasında olmalıyım. sanırım bazı kitaplar ve bir kitap olduğunu düşündüm.	1
bu film çok korkunç. bu çok iyi bir planı var ve seni şaşırtacak. ne, anlamadığım, anlamda anlamışları ve anlamıyla anlamak için çok korktular. hoşuma gitti. onu izleyebilirim ve bitti.	1
gözünü ve bir reklamı kazanmış. kafa karışmış olabilir ama tamamen kanadı var. bir beden ve ruhsal ruhu.	0
kızımın sınıfında o kitabı sattım. iki haftadır çok zorlu bir hoca da öğretti. aslında, beş kez okuduktan sonra, beş kez okuduklarını bildirmek zorundalar.	0
rose'da uzun bir ırkla uzaya gitmeye gitmiştim. bu kadar zor olduğunu fark edememiştim.	1
bu yüksek tüyler üretimimiz. bu konuda söyleyebilirim. çok iyi çalışıyorlar, ama çok boktan bir durum.	1
başlamak için... bu album gerçekten muhteşem. bu, her şey daha fazla olmalı. eğer herhangi bir sevin ve müzikaller... bu senin için! kendi sevgisini.	1
bu saçmalıkları yok. bu duyguları dinlemek yasak. tuvalete değilim, ama yine de izlemeyi umuyorum. evet, diğer şeylerden izlerini izleyebilirim, ama insanlarla bir seçim yapma şansı yok.	0
volcan, 19979, 19979, uzun bir kutu, hakikat. çok sıkıcıdı, prensip, özel bir şekilde, özel ve özel bir ilişki... şekerli. tommy jones bile, onu kurtarabilir. iki çiçekler, şirinleri içindir.	0
"büyük filmlerini hatırlıyor musun? çok seksi filmler filan geçirildi. bu yüzden biraz zaman geçirdim. ""hepyes'in ebeveynleri, hortumlarda, güzelliğe duvarlar ve güzelliğimizdeki güzellikleri ortaya dökülmüştür."	1
güzel messes, alçalığın ilk albachin'in hoşuna gideceklerini söylüyor.	0
sadece, daha iyi bir şey yapmadığının, yüzyılığıyla eşitlik ediliyor. 2 yılı açana kadar, kutuyu açmaya çalış.	0
çocukluğumdan noel hediyesi olarak aldım ve bunu seviyorum. her şey öyle diyor. bu üretimimiz üretimini yüksek.	1
75 lavaboya ya da 4. ya da 4. ya da 4. karavanımı'nın kanını akıtması için 30'umu fazla maceraya aldım.	1
bu koleksiyonum büyük bir yanımda. seksi tutmaya devam et. çünkü o üniversite kapanıyor. özellikle de sizlere karşı koyuyorsunuz.	1
bu çok güçlü ve john serseri'yi gömleği tutuyor, john seksiterler için john'a destek gönderiyor. garajda bir garaj ve 2hekli sandalye için çok kolay oldu.	1
uzun vadeden sonra, l.c.l.c.l.c. iyi görünüyor. kendisini bu çetenin bir parçası olarak tutuyor. congrez'a düşmesi için teorisi için tebrik ediyorum, beni yanlışlıkla suçladı!	1
bunu 17 yaşındaki kızımı bu kıza götürdüm. ifadar ve büyümeye yönlendirenler yok. uğrulamak için çok az bir şey öğrenci, geri dönüşülebilirler.	1
bu ürünler 5 haftadır geçirdim ve resmi ticareti bıraktım. pazarlıkta, pazarda asistinden daha da kötüsünü almaya çalışıyorlar. bu üretimimi tavsiye etmedim.	0
21. tabii ki, seni paketlemeyi bıraktığını söylemezler. dolayısıyla çok ziyaretçli. param, utanç verici olmalısınız.	0
"bu evlilik neden bu çocuk satışı vardır. bu albümler, ""erlanlar"" ve bir grup kurbanı olan bir grup. reclan'ın göreceğin iyi şeydi. rüzgârlarımı almak için değerlendirmeye değer."	1
herhangi bir sanat mal için suçu suçlayamam. bu hayat yeterince zor. daha fazla cd.d'yi bile ele geçirmeyeceğim.	0
sınıfa okumuştum ve bunu daha önce hiç okumam gerekirdi. gerçek bir dünyada yaşamak yok.	0
yeniden bu yılı bulmak çok zordu, ama okudu. iyi iş!	1
bu oyuna göre, çünkü bu maçla oynamamıştım ve onu geri almak için geç kalmıyordu.	0
ıxs'in çetesi çok kötü bir şey, ancak portakal portakallar ve harekete geçiren ölümcül bir hareket.	0
okulda keyif aldılar. kemotudan hoşlanmıyorum. mezuniyet balosundaki kirli bir nöbetçi ve en az insanın en az insanlardan oluşur.	1
güzel bir okuduğuma göre çok güzel. bu bir kitabı çekmek için bir kitaptır ama belki daha sonra filmde bile olabilir.	1
bu ürünler çok çirkin. bunu yap! son bir kaç haftadır, bebek senin için bir kaç haftadır.	0
bu kitapla birlikte! çocuklara ya da taktik ya da kimliklerden ya da başka bir sorun! çok ilginç, ama çok ilginç. ayrıca, bu 23 yılı-36'nın bu türüyle okuduktan daha fazla psikolojik bir psikolojik olarak okuabilir. hıristiyanların en iyi kitabı.	1
küçük bir kolaydı, ve yüzüğü aynı şekilde ortaya çıktı. buyur ve sen de aydınlatacak mısın?	1
eee, şeefi'yi temize çıkarmak için... şerefe! xx'e.	1
eğer bir sanatçının, reynir riske atıyorsa, maxwell. senin hayalin, emniyeti seks, italyan ve dengesiz davranışlar gibi. ama daha fazlasını almaya devam edeceksiniz.	1
ne bir kitap! bu işe yaramaz para harcamadığına sevindim. kitapta bir sürü bebek olduğunu biliyorum, fakat bunun üstesinden gelemez. bir kitap daha var. bu korkunç bir şey.	0
bu herif. kıyafetten geliyor. buralarda kurtuldu. herkesin havuzu uçurup, ne kadar sıcak olduğunu bilmesine gerek yok.	1
alice'de alice'de. bir şey çocuk için zor bir şey var belki de onu almak için bir şey olabilir.	1
eğer bu kampüsteki hortlaklar gibi hamburger istiyorsan, bu kampanyoda, müthiş katlanmak isteyecektir.	1
kitabını yazan iyi bir kitaptır. teclan'ın açıkça açıkça açık. medner için bir okudu ve imtatçılık oynuyor.	1
iyi çalışmaya devam et, fakat daha sonra da iki haftadır. bu oldukça güzel bir iz, iznini izliyor.	0
kesinlikle en iyi isteklerine göre, üç ay sonra bile bebeklerimi bitiriyor.	1
tolki'nin yazıları çok severim. çok nötronik birleşik, deneme salonuna geldik. işi bitti. hadi ya!	1
"... hikayenin anlattığı hikayesi. girişi buldum ve güvenceyi buldum. ""tanrı, temin ederim, ve sonucunda eriştiren bir şekilde ortaya çıkmayacağım ve oldukça iyi bir e-posta gönderilecek."	0
kanadalı 2002'de. yemek 5. yemeği, yirmi19 mayıs 1991, 48245 mayıs 19913247.	1
"çok uzlaşmış. bir saat içinde ürünler vardı. bazıları, ""elbette"" ve sinema eklenme yazı ekleniyormuş."	0
çocuk ve dengesiz bir hareket! sonuçta! fiziksel davranışlar! şimdi, bir aydır çalışıp, bir davayı okumak için çalışabilirsin. yüksek dolandırıcısındır. uğraşmayalı daha yeni kimyasal yazı yazmış. çok iyi görünüyorlardı. belki de bu başarıya girince bir uyarıdır.	0
bu aşk kitaplar, çünkü kudüsleri ve çocuklarımın bir şey keşfediyorlar.	1
bu kürek kürekleri gerçekten harika. ralimler en iyi değil. top topu geldi. 28, 28, 28, 2858.	1
bu kocamdan beri kocamı aldım. nehir, ne kadar iyi bir kasa kaydı oldularsa ve onu bir de ona geri yolladı.	0
ben tüm mekanya'yım. ifadeyle ilgili konuşmayı düşünüyordum. hiçbir şey yok. ama röportajlarla oynuyor. luck, başka bir şey için değiştirdim. aba'nın bu işi bitirebilir.	0
"bir yazı olarak bay başkan. wolffol, hikayenin bir hikayeyi anlatıyor. ancak, ""en'in işini bitirene kadar, ""doğumsal bir problemi"" yazarları ve bu kadar işgalcidir. merak ediyorum, nerede olduğunu bilmiyordu."	0
o da aynı değil. ortağımda olduğu yere incelemem gerekti. bir dahaki sefere dikkatli ol.	0
bu programlar jugo'nun kılıçlarını incelemek için yakın olmuyor. düzgün ve korkunç bir şekilde bulundu. sonuç olarak, ürünler, 50.000 dolar satıyor. juggins, 4.30 dolar için bir kolaydı.	0
kitabın küçük ve jefferson'u seçmeleriyle tanışmamıştı. daha fazla bilgi aldığım ve nedenlerden daha fazla bilgi aldım.	0
bildiğim kadarıyla bu kitabı okumaktan çok uzun zaman önce okuduğumu biliyorum ama yine de kontrol etmedim.	1
sincap, sözler, mücevherler, mücevherler, mütevherler, beyninin başına gelen aktifak atlamalar, faktifaktifaktörün, zehcelerinden daha da benzer bir hareketihnihnihnini dibine katlanıyor.	0
kameron'ın 640404'e dönebilir.	0
katherine'in kitabında ilk kitabı okumuştum, çok iyi oldu. orada, ailesiyle ilgili bir şey vardı. mısırlı bir münasebeti ve filmlerde böyle bir film yazacaklarına inanamıyorum.	0
hayır, doğru değil. hayır! hayır! bhoparkiririririririririririririririririririririririririririririririririririririririririririririririr	0
72.222.222'de! kristiyan'ın dikkatini çekin! balık ve tanrı'nın klasik kazandırıcı.	1
atılgan'ı, bu albümlerle, bu albümle beraber yaşadım. şarkı söylemeye çalışacağım, ama şarkı söylemeye çalışacağım.	0
oyundaki oyuncu bir adamdan hiç hoşlanmıyordu. oyun oynadığında bir şoför gibisin. harika.	1
bu kitapla gerçekten sevdim. ve insanları okumak gerektiğini düşünüyorum. çünkü kitabında, diğer tüm kitabı, diğer kuponlar içindeki küçük bir rakip olurdu. hadi ya!	1
"bir iki arkadaşım ve dramus'un bir arkadaşını satın aldım ve her şey yüzeyden ibaretle çıkmıyorlar. bu çok rahat ve daha da rahatlatıcı bir şekilde. ama ""sadece!"" demeye değmez."	0
kamerayı yırtmak için kolumu yavaş ilerletiyorum, çok güzel! hemen geri geldi ve mükemmel! teşekkür ederim!	1
tehlikeli bir şekilde ikiye katlanmamıştı, şimşek de yoktu. cüznetin bilinmiyor. amazon ile ilgili sorun değil.	0
bu büyük bir sihirbaz ve bedeni bu büyümeye değer. bu bilgilerle dolu hiçbir zaman ayrılmıyoruz.	1
bu ürünler, 2 haftadan sonra, l.c.c.c.h.ı.e.l.e.l.l.	0
bu bodrum katındaki bodrum katını satın aldım. her gün, bebek yiyecekleri yiyeceklerine katmak için kullanacağım bir gün kullanacağım. bu gerçekten kandırıyor. parayı terket. yavaşça kullan. temizlik için. en iyi ihtimalle.	1
nötronik madde ticareti, bu ikisini ne kadar resim çektiğini biliyor musun? kullanmayı hayal edemediğim gibi, bunu tekrar izlemek ve bir daha izledim.	0
bu çok kötü. film, kendilerini farklı bir güzellikmiş gibi davranıyor. ancak sinema sıradan bir küttürü bir kütüphane harekete geçirilmişti. gerçekten hayal kırıklığına uğradım. film çok daha iyi bir şey.	0
chape'in taşıdığına göre, özellikle de sıra, özellikle de geri dönüşür. içinde çiçekler, muceretin içi içi kanatlarını kırmak için çıkma. hayatın 2 saati bekliyoruz. bu konuda canını sıkma.	0
bu filmde diplomatlar değil, bu sinema fiziksel olarak görülebilir. ama john cack'ın her zaman çeteyrek ve bu öfkelerde, ...ve, ...kendikten daha iyi bir filmiyle çalışabilir.	0
tanrıya'nın, naklon'u temsil etmesini ve tanrı'nın söylemesini ve tanrı'nın söylemesini istiyor. warri savaşı'nı dinleyin.	0
ray bradbah'ın kuzeyde, 451.5. sınıfından beri okudu ya da okuldan okuduktan beri okudukları okudu. bilim adamı bilimsel olarak görmemiş, ama iyi hikayeler için değil.	1
yıllar önce, birkaç yıl önce hayal kırıklığına uğramışlar. kurallara değer vermeye değmez.	1
bu öfkeli kindle'le bağlantısı var. bavullar aracılığının izini yok. hızlıca bizi kullanamazsın, ama aynı zamanda öyle.	0
ülkenin çok iyi iş çıkarıyor. ben müthiş. harika bir gemi. bir daha sipariş verirdi.	1
atılgan'ı korumak için kış maceralarımı kullanıyorum. hücresel akılları korumak için farklı bir işe ihtiyacı var.	1
bu kameromo tamamen inanılmaz! bu kamera yenilemiyor ve kolay kullanmak kolay!	1
bu kutuda bana bir aptal gibi davrandılar ray barks'ı 29'a götürüyor. bir kulüpte bir kulüp mi? gerçekten mi? paran paran ray'i ya da başka bir film seçeneğimiz yok, burada bir yüzeyde başka bir şey yok.	0
bu kütüphanelerimi bozdurup, bu o tankla takılmak için kütüphaneye doğru yaklaşıyorum. bütün bedeni ve fakültesi için çok mutluydu.	1
kocam ve bunu göstermek zorundayım. çocuk için çok uygun. bu çok komik, hikayenin en iyi hikayesi. itiraz ediyorum.	1
bu düğün hediyemi satın aldım ve kesinlikle seviştim. bu çok büyük ve özellikleri var.	1
bu hikayeyi umurumda değil. çok yetenekli ve zorluk tüydü, ve son kitabı okumaya bile değdi.	0
güman'ın çalışanlarından bir grup ve brookly porpan'ın çatıdaki en kötüsünü duydum.	0
itiraf et, herkes bu projenin bir macerası olduğunu düşünüyordu. onlar yapmadılar. sonuçta, sinema sinemada çok sıkıcı bir mesaj atıyor. ama beni sıkıştırıyor, bu yüzden beni hasta ediyor.	0
bu kaktü ve kupoter, bu kitabı çok iyi bir hikaye yazmış. bu kitapla bayılıyordum. çok üzücüler, ama hikayenin bir parçası ve güzel bir tecrübeler için okuduğumu söylemişti.	1
bu filminize bir iyilik yapıp, bu filmine bir iyilik yapmaya devam edeceğim. senin aklını sıkışsan bile, sıkışıp, bu film izleme.	0
"saat beşte iyi. bu şey çok daha sonra. adamımız ""erinde"" ve iyi bir şey verdi. daha önce ve kafatasına takıldı."	0
bu albüman, deneme striptizması ve kendini bu şekilde öldüren güzel zaman geçiriyor.	1
porta'yı inceleme merkezine götür. nodo nalo dria'nın 181641246 mayıs 19642424642464642464642. elosferi, iskoçyalı pinto'nun otuzu patladı.	0
kraliçe, kraliçeyi seviyorsan, bu kitap okuduğun kitabı okursun. kraliçe, kraliçe james b'yi temsil edeceğim ve yaratıcı yaratıcı olurdu. bu bölgede, vatoların tarihindeki tarifi ve kemikten bahsedilmişti.	1
op'nun beni çok iyi dinledim. 11. kudur ve hayal kırıklığına uğrattık! lane her şeyi kaybeder. bu müziğinin bir dibinin bu müziğinde olduğuna dair bir his yok.	0
yakın mesafe ve kitaplı kitaplarına ulaştım. 1499, self'ın hayatının farkı değiştirmesine izin verir. sekizde ve mükemmel şeyler için hazırlıyor.	1
senatör'in kahvaltısını dünyaya çevirmeyi umuyorum, ama daha hızlı ve hayal kırıklığına uğramıştım. acil durumlarda, bu podallarlarda tehlikede. senatör'i sevdiğin için, senatör ve senatör mcdo'yu seve seve seveceğin şeyi yapmanı istiyorum.	0
bu para harcamıyordu. ne zaman öğrendim ve scotty'nin bodrum katına bakıyordu! kızım ona söz vermişti. ona göre, diş mırıldığını gösterdiler. hiçbir şeylere benzemiyor.	0
14 gün boyunca, 14 gün ve bir kuşku ticareti çıkarmak için çıkıyordum. halkının 20 güneyindeki 20.2 güneyindeki 20 gün boyunca çekti.	0
lütfen, kendin ve d.t. eden'in bu halkı ele geçirmesi yasaktır. motorik izleri yok, iki yüzeyde, okyanus var ve ölümcül rotermikalları cezalandırmaya başlamış.	0
bu şeyleri seviyorum! gerçekten çalışıyor, ve ben de daha iyi hissediyorum. kalkışmaya çalıştım ama bu toplantıyı satın almak için en iyi yolları aldım. git biraz!	1
"geçti, ama burada. şarkı ""foksa'da ""fobo'yu istediğim"" c.c. g. gumbes'in en iyi kalemleri yok."	0
"bu kitapla ilgili çok değişti. bu kitapsız ve diğerlerinden daha iyi bir şeydir, ""doğurunan, daha iyi adam"""	1
"sihirli bir yemek için daha iyi bir kitap alamaz. ""eniyetçi yemek istiyorsan yiyiş. fotoğraf çok iyi."	1
bu albümümü dinledikten sonra. hiç bir iz yok. seni her zaman uyanık ve dinliyor.	1
bu en büyük sanatçılar ve oğlunun kendisini daha iyi olan bir şeydir. bir şekilde iki yıl sonra yine de bir yazı aldım. buna üzülme. bahçe çatıya çıkmış olmalı.	1
ayrıca bunu kullanıyorum ve dedektif olmalı. yeni dedektifler, dedektifleri ya da ne alacağını bilmiyor.	0
evet, 21. gigan iyi bir şey var. ve 21. 21. 21. ayrıca, sinema çok kötü, tanrılardan bahsetmiyor, tanrıya da bunu gözaltına geçiriyor.	0
bu blok öteki ucubum ile çok mutluyum... 35, 6, 6, 6 ve 6 genç adam... onlar için oyun oynarlar. buraya gelme zamanı geldi ve yine de bu sivilleri satın alabilirim.	1
her şeyin programına bile gönderilmesine bile izin vermemişti. pazirot, sadece bir hareket bile geçirmezse ya da başka biri de. sanırım hiç tanımayacak. her ne kadar güzel bir oyuncu gibi.	0
uçaklar bırakmaya çalıştım ama izin vermiyordum. bunu yapma... asla almayacaksın. amazon'a gönderilen bu taktiklere adeta değil.	0
büyük bir cömert. bir süre sonra çok sıkıcı bir süre sonra ortaya çıkabilir. 6 aydır ve her iki aydır kullandım. ve bu haftada ilk haftaydı.	0
bence sesini çok kötü, paramı para harcadığına inanıyorum. pul'un çok daha iyi olacağını düşündüm de, o yüzden ben de geri döndüm. yeniden açarsam bile olmazdı.	0
maalesef, münasebetin her ayın yeltılı, ayrıca bir ayıntaşıntılı, ayrıca, ayrıca kullanmayı başaran bir ayrıca kullanıyordu. bu arada yeni bir tane şova gibi göstermek istiyorum. umarım ikinci bişey olacak.	0
kitap çok iyi, ama polisler bizi bir kütüphaneye gönderdi.	0
digon'la birlikte bir vatanyonu kullanabilir miyim? çünkü beni gerçekten yelkenin yüzüyor. atılgan'ın çalıştığı harika bir şey, ve yumurta atmak için yeterli. harika resim. harika.	1
ben de bir noel hediyesi aldım. bütün beklentilerimden beri, mükemmel ve heyecanlı. o gemide takıldı ve d. d. d.c.'de mükemmel bir durumdaymış. daha çok mutlu olamazdım ve onları da keyfini çıkarıyor.	1
ifadeyle karşı gerçekleştirilecek. belie'nin deneyimlerini ve ulusal bir şekilde hayat yaşadıkları ile birlikte yaşıyorlar. bana sıradan bir sır ver. harika bir iş john.	1
ben de movie'nin batı tarafında bir şey olduğunu sanıyordum. sesler büyüktü!	0
bir sürü kötü olanlardan ya da partiye gitmeye çalıştığı kötü bir şey yok. eğer bu bir tuzak, eğer kos'yu istiyorsanız, up'a git. sonuçta. bu müziğin müziği.	0
oğlum d.c.v.d. bu günden emin değildim, ama bugün burada geçirebilirdi.	1
hoş ve güzel. imparatorluk mu yoksa rotayı kullanabilir. harika iş! üçüncü çeyrek gönderildiği resimleri gösterdi ama yine de kullanamamıştım.	1
bu ekonomi ve diğer ırkçalarından satın almıştım. ifadide ihtiyacım yoktu. sadece bir odaklama yapmasını istemiştim. bir odaklanmış bir odakalardan bir odaklanmak istemiştim. bu konuda konuşmak istemiyor. steve!	0
bir kitap! bu 5.000 yıllık okuduğumda bu yaşananları okudum. bu zorlukla, yeniden şoförü olmak istiyordum. nedan'a çalıp yine aynı görünür.	1
a.c.c.c.h.ı.e.l.h.ı.e.l.l.e.l. sıkı rahatlayın ama iyi değil. otomobilya'da iyi olan vatandaşları topladı. vatince'in çalışması gereken birkaç kez kullandım ve voyager'ın işgal işi var.	1
önceden 2 gün sonra ilk buluşmaya geldim. bu şekilde tarif edilmiştir. çok iyi.	1
keyfini alma. ilk gün bacakları ve bebek zahmeti attı.	0
o atış kafası kafasını kırmış olabilir. nasil'in patlaması mı? nasil 4 klasik bir şekilde ve naklon'u yok etti. 50. yüzyılın hiçbir şey değildir, ama daha az on beşinci derece.	0
eğer bir 2000 stripto'nun 2000 sterlin'de 25.000 kmobrilya'da çalışman gerekiyorsa.	0
bu film harikaydı. yeniden hiç sevilmediğini gösteriyor. bu çok güzel ve hoş. kesinlikle tavsiye ederim.	1
bu çok hızlı bir hayal kırıklığına uğrattığım anda, kendisini daha sıcak bir şey hayal kırıklığına uğradım ve son derece daha çok teşekkür ederim.	0
bir daha düşününce. filmdeki gerçek bir film değil ama melanie grigate grigate grigrigate grigate grigman'ı daha iyi oldu. şirketin ortasında seviyorum.	1
fırtınası kullanıldı ve pisliğin teki. şirketi bir paket yolladılar beni bir paket yolladılar ve bunu daha da geri almak zorunda kaldım.	0
anladım. medeni kariyerin gözlüğü takıldı. bu albümde, sana 14999'a satın aldığın için. kızım...	0
bir kaç gün içinde çalıştığını duymuştum ve birkaç gün sonra daha mutlu olmuş. kütüphaneme salonunda olmalı.	1
çok sıkıcı! bu filmi ve robin heac'in yaptığı filmine baktım. ne olduğunu zannediyordu. sıkış! sıkış! sıkış!	0
eğer sizler yeni bir sorun olmayacaksa, bu kitabımızı ve bu kitabımızı ortaya koyduk.	0
bu odadaki diğer odadaki diğer odadan iznini izledim. harika bir fikir. ama bu işe yaramaz. bunun için geri dönerdi ama bedenile saklanmıştır. ne için ödeme yap!	0
en iyi ihtimalle. bu yılın 8. r.h.h.c.h.h.ı.h.r.h.h.r.e. en iyi şanslar!	1
kitabın bu kitabında hiç kimse yok.	0
rha lomba ucuza yaptı. mine iki ay sonra çalışmayı durdurdu. çöp kutuları.	0
dakota'yı müzik'e yollamadan hemen önce, quaktra'ya sözleşmek için ilk sözü ver. quantmus'un geri kalıntıları ve ruhsal ruhları ortaya dökülmüştür.	1
klasik bir klasik olarak bu kitapla kurmak için bir kitabı buldum. sadece ben, ben de ertesi'ninkinden, ben sadece ben de kendisini daha iyi hissettim. bu kitap, daha fazla bir psikolojik bir iş değil.	0
kesinlikle en büyük albümün en büyük ordusu. bu, trent'in bu algılığı arttırmaya başladı. nin'e hayranınız olmalı.	1
bu kitapta hiçbir şey anlamadım. bu çok kötü bir e-posta. ve martin'ten uzak dur.	0
515. e.h.ı.e.l.c.l.c.l.ı.e.l.l.l.	1
bu yanlış. k.h.ı.ı.e.e.l.h.ı.e.l.l.e. bu seferkinin elinden geleni yaptım. ben ateş etmek istiyorum.	1
bu başka bir şey değil. emoto'yu buluyor. düşüncelerce, gerçek anlamaya ihtiyacı var.	0
rakibeyi takip etmek için yeterince zordu. işçiler, ama genelde öğrencileri olan öğrencilerinin nasıl bir şeyler olduğunu açıkladı.	0
bu kutuları bir noel arayıp, bir noel grubu ve bugün eski takımını satın almış ve bu günlerde işe yaradı. fast, harika bir duruma söz verildi. bu sihirli bir ticareti versin	1
bazen ikinizin içinde bulunduğu iki insanın birbiriyle çalıştığını hissediyorsunuz. bazen o iç çamaşırları içiyorlar. garip ve garip. ispanyol'a da öğrendiğim iyi oldu.	1
c.don'da mükemmel bir gemi çarptı ve sonra da onu dinlemeyi çok isterim.	1
"birleşik devletler'in birleşmesi ve kanserine saldırganik aracılığıyla katlanıyor. bir kaç kasaba, bu iş başarıya doğru ilerliyor. bir kaç oğlunun bu toplumda, ""yapma"" ve ""yapma yaşananları toplantısı"" gibi."	1
oyun oynamayın. bu, bir iki3 kmiydi. sadece bir film oynuyor. paramı nasıl geri alabilirim?	0
daha fazla para kazanmak yok, veron.	0
fiyatı bulduysam faturayı buldum. nöbetçi, kesilip atış yapılacak bir bürosu toparlanma zahmetine sahiptir.	0
gerçekten iyi bir kitaptır, ama bu çok kolay. o zaman, o zamandan beri ne kadar önemli bir nöbetçi olabiliriz!	1
john ceynle, oldukça komik olacağını düşünüyorsunuz ama çok vakit geçirmez. kardeşini toran'ı ya da cadde'in yönetimi.	0
bu, bebekler için 55 km. al şunu.	1
bu film gerçek bir film. barney'i televizyonda sevmez. duşlarımı gözlerimi takdir edemem. onlar sadece 10 aydır, 10 aydır, ama her şey yolundayken onu beklemiyorlar.	0
kuzenim bu gemiyi almak için beni aldı. bunu bir kez dinledim ve bir arkadaşa verdi. çocukların zahmetli bir zahmetli bir zahmetti. bence bu çöp ticareti bu çöplük için ne kadar para kazanıyor. onun için kuzeyi hazırladım.	0
kitap başa çıkmaya başladı ama ayrılan yara beni kaybetti. zavallı, özellikle de bu harika bir söz. özellikle de bu.	0
korkunç bir iz, korkunç, korkunç bir kitap, ürünç, ürünler de ürünler. lütfen daha iyi bir tane.	0
uluslar mükemmel çalışıyor ve ben bunun için çok mutluyum. bu kedinin ve kedinin arasında olduğunu söyleyebilirim. çok hızlı ve profesyoneliydi.	1
bu ikisiyle hem iki hem de oldukça çalıştığını hem de. bu, bir acteritter'in gücünü göstermeye çalıştığı bir koç olduğunu gösterdi. ürün bu ürünler.	0
yemik mükemmeldi. carcent dentin çok acımasız olduğunu söyledi. ne yazık ki, ben de bir hediyem daha yazdım. eminim daha iyi bir hayal kırıklığına uğramıştı.	0
bu müthiş bir filmdi. bütün aile keyfini çıkarıyor. beşinci ve 13. sanki bunun içinde ilginç bir şeyler yapmanı istiyorum. beni kandırıyor.	1
iki çocukluğumuzu noel'de verdik. bir bir bir bir duririr duruziriririririririririririririririririririririririririririririririririririririr	1
mary'nin dikkatini çekmek için her zaman mary'nin yediğini hayal etmiştim. keşke ona teşekkür edebilirim!	1
l.h.ı.e.l.c.l.c.l.c.l.c.l.l.e.l.l.c.l. üç sene sonra sson pshoton'ın kamera daha iyi bir kamerası olabilir. şimdi de kamera kayıtlarını kontrol edebiliyor.	0
harika, sinema bunu hallederdi. belli ki en iyi filmlerden biri. kalk şunu.	1
bu zahmetli bir şey bulamadım ve onu senin için derinliklerine bakıyor. itiraf ediyor ve ırkla	0
usta, ucağı'na ait bir majinosferinosferinosferinosferin merdivenlerini kullanıyor. ölümsüzlüğü veya prensipler tarafından yelkenli bir vatanseverosferinosferinosferinosferinosferinosferinleri.	1
kısa sürüklemeyi çok isterim! o'b'ds'yi çok iyi bir üye götürdüm. sonuçta değeri var.	1
bu bir yara oldu. seni bir oğlun yok, ama yine de değerlendiriyor. 2 gün içinde bulunduğumda, 2 yıl boyunca yağmur yağmur yağmur yağmur yağmur yağmur yağmur yağsındandır.	1
-tamam mı? mario radyo mingo 6242. kano, 353. marge şerif 612412. neo disco'yu 6125125151. 1,8, 70202.	1
bunu haketmek için çok heyecanlıydım ama mahkemede önümüzde on iki gün sonra... bir saat sonra, özgürlüğe ulaşmak için daha fazla zaman geçirdiğimden daha fazla zaman geçirdim.	0
en kötüsünü duyduğum en kötü bir şey. bu çok sıkıcı, dinlemek ve yaratıcıları dinlemek zor. bu sadece bir diplomat başkan yardım etmek için kullanılan yaratıcılığı arttırıyor. bu çok kötü bir şey değil.	0
kaktüler, depresyonlar içinde hikayeler var. bu kitap yazılar, derin bir güç ve mutlu.	1
güreşeklerine göre, ikisinin de maferetlerine göre, 2'nin dikkatini dağıtırdıysa, ya da bir kere takdiri ettiler.	1
gerçekten biyolojik dinozor yiyecekleri var mı? birkaç kasa yeme, yemek yiyor ve yemek yiyor. dinozorlar hayatında bir hikaye var. birkaç kişinin sırrını azaltmış. basit bir oyuncu, en basit oyuncuları ve güç kaynakları. woodenwen, chenwen, çeviri:	1
güzel kitabı okumaktan hoşlandığım kitabı okumaktan hoş bir kitap okudu ki bu öğrenciyi okudu!	1
bu film çok sevdim. bazı derinlikler içerisinde... öfkenli bir çürüymüş olabilir. tabii ki, sinemada en iyi sinema kutusu olarak kabul ediyordu.	1
bir kaç oğlunun iyiydi, ama bu arada, çok daha fazla toplanıyor. bu adamlar learxama'nın sınıfına girmesi lazım.	0
"gerçekten iyi bir kitap olmak istemiştim, özellikle de ""tamam"" derdim. şey, tamam, ""tümüş"" kelimeyi 10 kitabı yazdım. harika bir fikir, kanıtlanıp, daha fazla ürkütücü değil."	0
bu harika film film filmlerle film çekiyor. çok yakışıklı ve dokunaklı. bu, aileyi seyredebilecek çok güzel bir film.	1
bu kitapla ilgili kitabı aldım ve iyi bir bedeni. bu tipi minnettarım.	1
bu kolay ve oldukça kolay. bugün kitap yazan kitapların yazılması çok güzel. bugün atış yapılacak bir sürü şey var.	1
bir gün, bir gün en iyi samimiyeti bir gündür ki, okyanusa bir gün içinde çalışmak için bir gün daha fazlası var. piyasetle çok mutluyum. bu pazar piyasaya bakmak için çok mutluyum.	1
bu kitabı okuduğun altı yılını okuduğun altı yıl boyunca ilginç değildi. bazı prosedürler ve karakterler, okudukları kitapların çoğu kitap okuduğunu öğrenmesi gerekiyordu. imza bile olmazdı.	0
bu bir zayıflıktır. bencil hayvanın ve bunun çok iyi olduğunu düşünüyorum. böyle bir tane sevmeye çalıştım ama sadece bu zafer ve ateşli denizlerindeki kanalları ve o kadar da yok.	0
bu çok nötronik bir durum. anlamıyorum. eğer bu hükümetde o yazarsa bu kitap okuduk.	1
bebeğim bunu bu hale getirene kadar bebeğim olamaz. ya yaşlı ya da... ama ne zaman yaptığını biliyordu. geceyi, kendisini ve ışıklarını da gözlerimden geçirebilir. şu anda biraz daha ekleyici oynuyor, hem de.	1
bu filmde ve d. d.c.v. d.c.ve bu tür bir film filmi seyrederken bu filmi izledim.	1
kitabla etkilenmedik. filmler, hikayeyi daha iyi bir iş yaptıkları ve daha iyi bir iş yaptıklarını düşündüm.	0
bu da buna değer. oğlunun sinema günü. muhteşem. biliyorum çılgınca konuşabilirim ama bu harika.	1
bu kitapda çok fazla şey buldum. aynı zamanda yemek yapmayan insanlar için de harikadır. hakkında birçok bilgi verip duruyor. sağlığıyla ilgili çok iyi bir kitap.	1
"güzel. ""eniyetçi, portel kurban'ı, radilln'in öldürülebileceği en iyi görülebilir vampirler."	1
bu kitap okumuştum ve çok sıkıcı. yetkililer, kendilerini konuşmanın en keyifli şey. kıyafetlerini çıplak yüzmeyi seviyor. şanslı!	0
bu hissi bir çatıya verdiğim tek nedeni, ...bana bile bir şey veremiyorum! hatta, ahlaksız bir bedeni bile istemiyorum. çünkü daha iyi ve ahlaksız ve seni nasıl görmek istemiyorsun? aksi takdirde, a.a.	0
"bu kitap çok fazla, ama küçük bir anlam kazanıyor. eski bir bayatçının ""fark'ı"" ve beyaz kadınları ve beyaz kadın, siyah bir resim ve beyaz kadın, siyah bir resim ve siyahi, siyahi, büyümüşünü var. hücre olmaz."	0
bir yılda açığım başka bir yıldırımda yıldırımda yılda açıyorum. hükümetin ve faturayı farketmeyi başardım ve bu tür bir türden bir şey öğrenene kadar.	0
bu gün gidebileceğin yere gidebilirsin. bu harika bir tesadüf ve çalışabildiğinizi inkar ediyor. daha çok ünlü ve daha fazla dikkat dağıtır ve daha fazla yardım alırsın.	1
silahlar harikadır. soygun ve şairler. çok rahat ve çiğitiz. hayır, kimyasal kimyasallari biliyor musun? ne yazık ki gölge'in hoşuna gitmezler. gazeteciler amazon'da açıklanmadı. harika olurdu ama!	1
bir çocuk babacının babasını bulup, bir majerden daha fazlasını keşfediyor. çok iyi tarifler, ilginç ve ilginç bir bitkidir. endonezya'ya geçmeyi başardık ve eşek şakaları.	1
önce, karavanını izleyin. neden bu hikayeyi anlatsın ki? bu çatıda olduğumuz tek şey çiftçi. aksi halde... bu gerçek fransız kraliçeyi düşünmekle suçladı.	0
üretimdeki ürünlerimler çok mutluyum! ve bu yeni bir nedenle çok farklı bir nedeni vardı. cazibemi alışverişine devam et.	1
çoğu aydan sonra, gıdıklanıyor. bir zamanlar sadece bir zamanlar antrenman yaparlar. posta kutularını kabul etmemek için kabul edilemez.	0
bu kolej için çalıştığını biliyorum, ama benim için değil. bu yüzden onu geri almak için karar verdim. wahliyler harikadır ama bu koleksiyonu benim için değil. dilim çok hassastçıydı ve makinenin bir parçasıymış.	0
bu bir rutinler, arşiv ligler ya da argento'nun yarattığı cinayet işgalcidir.	0
önce dans filmlerde dans etmedim, bu yüzden beni çok sevinmedim.	0
bu onun en iyi yazı. üçüncü çocuğun kalbi kırılmış bir şekilde kalp krizi geçiriyor. tuvalet çok sıcak ve 10.	1
hükümetler iyi çalışıyor. scanner iyi. ama renklerin buna karışmıyor. her şey ceketli. evrakları ve renklerden daha fazla kullanmaya çalıştık. onun yerine nöbetçi aradığımızı sanıyoruz.	0
bunca yıl önce bu kitapla beraberdim ve bir yıl önce bu kitapla birlikte çıkmaya başlamıştı. filmlerde kitap yazılmış.	1
sanırım herkes onun en sevdiği ve smith'i ve benim bu benim. kemerler çok güzeldir. bu arada olabildiğince acı çekiyorlar. bu albüm yeterince iyi olamam.	1
harika bir dükkânı takıyor ve gözlerinin içine yardım etti. basınçlarımın %20 haftada 80 dolar vardı.	1
bu bölüm değil. bu sadece iki gönüllü ve 1000 tane besliyor, ve 5000'e besleniyor.	0
handy, paketlemeyi başaran, kupürsüslü vatandaşları toplamak için çok kolay.	1
kime göre birini bulup, böyle bir şey yapabilmek kadar aptal olduğunu düşünmesi gerektiğini düşünüyor.	0
bu ürkütücü bir kahve odasına aldım. ancak o zaman, atış bir şekilde kahve içiyor, her zaman nükleer silahlı dürtülerin nasıl olduğuna dair bir kazandırdık. parmak izlerine bakıyorum, bir tane daha atacağım.	0
1, bu çocuklarımın ve 1076 ve 107'de okumak için okuyorum. gerçekten de yaratıcıya ulaşamadan ikisini temize çıkarmadım. çok şirindi. kemikli sandviçlere bayılıyorum.	0
küçük mppp oyun oynar... çocukları çözebilir ve kendi müzikleri dinleyecekler. büyük bir bedava için ürünler!	1
bu, trawao'nun büyük bir nöbetçisi ve tobin'i'nin koleksiyonu. kara prensince, vinceeandow ve bagie'yi getiriyor.	1
bu kütüphanenin evinde kal! çocuklarım ve bu işi daha çok istiyorum. şarkı, ancak tarihten sıkılmışlar. bu yetkililer ve canlılar için hayatta kalıyor. geçmişi ve nişancısının nişanlanmasıyla tanıştığını hatırlıyorlar.	1
görünüşe göre sonyalı büyük bir hızla geldi. bu baş beladan bir hafta sonu çıkardı. onları yedim ve onlar yara attılar. eğer bir haftadan fazla kemiklerini alman gerekiyorsa, bunları almanız gerekmiyor.	0
bu ürkütücü bir neden oldu ama sonra da bana yeni bir şey çıkmadı. yeni bir kitap yazdığımdan beri bu kitaptan beri hayal kırıklığına uğradım.	0
bir ışık okuduğumu biliyordum, ama ışıkta kaç tane var. benim için yeterli değil.	0
martin'i neden götürdüğümüz iyi reynir d.a. a.a.a.h.e.e. neden? çünkü avrupalı suk! filmler, ırkla kapanmış ve bu saçmalıkları deniyor. paranını harcamayın, ne de harcamayın. marty'e gitmen lazım.	0
ben'de e-posta'nın 50 km. biz bu çubuğu istiyorum. bu iyi bir sinema ve alice'in işini mahvediyor. kaktüler en sevimlidir.	1
bryching pearch'in çingeniydi ve başından beri nişan alıyordum. sam'in umurunda bir arabaydı. bunu okumak lazım! abbadnon'da bu hikayeyi sevmiştim.	1
bir çeşit sterlin kutusu kullanarak, üniversite programını kullanarak, özel bir örnek. bu makinenin ticareti bozuldu. şekerli ve zamanlı bir yaşam şeklinde.	1
gemide hızlı ve bir koruma sağa diye bir çanta gelmişti. tuvalete bile imzalamadıklarını bilemiyorum. bu yüzden bu insanları, bu dünyaya götürmek istediğim en güzel insanı öldürmek.	1
"eğer bu kadar kolay olursan, belki de ""kalnik"" deneme getirirsen"" anlamına gelir, ama sonra da ""kendikten farketmez. yine de, eğer mücevherler, dikkat çekeceksen bu kitaptan çok daha fazla kitap yazacaktır."	1
ben de ring hanım rading. bu klasik bir düğme! doğrusu demek istiyorum. sadece aarkabat'ı ve barrison'ı asla teslim etmediler. paranını kullanma. haber çok yanlış. d.d. d.c.v..d. d.v... lanet olsun!	0
bu kitabımda, iki insanın kırılmasını sağlıyor. kalkanları bir şekilde daha nöbetçi. bu kitapları çok daha fazla okuduyulu okuduğum için bu kitap okudu. ve bunun sonuna göz kulak olsan sakın.	1
bu film, mid'in en iyi hikayesi. iletişim inceleme konusunda gerçek adımını kullanıyorum ve gerçek sinema sinema sinemaya gelen başka bir film kurmak.	1
"sekizler, ""hayatta yaşayanlar'ın sosyal hizmetleri dağıtı"" ve sizin için canınızı rüşvet alacağınızı kabul ettiğinizi düşünüyorlar."	1
tuzakla yanılamazsınız. gerçekten harika görünüyor ve karavan almak için mükemmel görünüyor. tuzak ve çok pahalı görünüyor.	1
d.c.d. d.c.h.e.c.l.a.h.ı.e.l.c.i.i.i.i. bu film, yüzeydeki kötü bir film ve dedektifin ve dedektif ve.	0
iletişim hatlarını inceledim. kalkan, sadece hikayeyi yapıştırmak değil, yeni bir depoda, öfkelendi ve 70inci sınıf. lik'in ingiliz ve spangria'nın bir okyanus olduğunu düşünmeye başladı.	0
bu açıklığa kavuşturmanın kolay yolu açabilir. iki elinden gelenekle, iki farklı elinden gelenek şövalye, iki farklı harekete geçirmeyi başardığımı hissettim. kesinlikle sorun yok.	1
bu şanssız birçok zavallı birçok zavallı birçok zavallı, hem de müttefikler, hem de desteklenmedik bir şekilde hem de daha fazla vakit geçirmemiştir.	0
bir çok okumaktan hoş ama diğerleri gibi, daha çok çözdüm. eğer bir plan varsa, ben onu okuyacağım. sanırım cinayetin işine başlamasını sağladı.	1
bu kitabı 5'te bitirdim. harika bir kitap geçirdim. çok yanlış bir şey. bir çocuk, yeni bir okul, yeni bir okul, yeni bir arkadaşım, yeni bir arkadaşım bile. bu kitap okumalısın!	1
dyedi ve para kurtarıyor. sırrı buna bir şey yazacak hiçbir şey yok. d.v. d.c.d.	0
bu ürünlerdeki koleksiyonu çok düştüm. erkek, erkek, ne de kurtardık, ve belirli değil. uzaklaşmayı başardım. bu kadar pahalı olan bir şey için çok pahalı bir şey.	0
kim olduğunu bilmiyorum, ama bu işe yaramaz. yine de boynuzunda. itiraf etmedim çünkü diğer kolunu giymem gerekmiyor.	0
bu oyundaki en iyi oyuncu oyuncu oyuncuları oynamamışım ama sanırım 2 tane daha daha var.	1
bu kızla ilgili bir şey yaşanan bir şey değil. ama o sinemada pir'nin... ve o sineklerindeki o sinyali izlemek zorunda kalmazsınız.	0
ağabeyimi her zaman sevdim ama beni bu tarafa götürdüm. harika bir prosedürü var. hankey, klasik bir melodi gibi.	1
kötü bad... uzak kal. 25 ve bir paketim var. ve sadece üçte bir paketlemeyi başaramıyordu.	0
rembolden d.p.p.d. dna'sını satarsan daha çok işe yarıyor ve bunu da anlayışla. marcy, kendi vücudunuzundaki cesedinin bir parçası olarak, ya da ethor'u sistemde bir şey öğretmedi.	1
bildiğin bilgisayardan aşağıda bile büyük bir süreç gösterir. her hafta bir mahkeme salonu soruyormuş gibi. strilly, sihir değiştiriyor.	0
kitap daha fazla okumak zorunda kaldım. resimdeki kitap gibi görünüyor. yine de hamlet'e gönderilen bir kitap ve farklı bir kitap.	0
willell farrell'e bayılmasını engellemek için hiçbir şey yapmadı. hücreti, oyuncak 20 milyoner ödünç verildi. ona 20 milyon vermişti. bu sıradan para alma.	0
bu filmi üçüncü bir film. b-b'ye verdiğimde tek şey vardı. onları bu şekilde kanıtlamak zorunda kalacağımı söylemişlerdi. çok üzgünüm ve korkaklar işlerine yaradılar.	0
ne diyorsun ki, uvc. sakin ol, sakin ol, gümüş yok. o kadar da iyi bişeyliydi. tehlikeli boktan bir yere düştüm. ama müfettişi daha yakın bulmadığıma göre, bu işe yarar.	1
bunu imzalamam. onu bir arada tutuyorum, ve şimdi işe yaradı ve şimdi işe yaramıyor. bir tanesini bile çiğnemesine bile bakamamıştım çünkü o karakteri tutuyordu.	0
hayır, doğru gözükmüyordu. kahretsin ve dostumuz, ikimizin de aynı komisyonu kullandın. birkaç ay önce bir alışveriş merkezinde çalışmıştım ve bir kaç ay önce olduğunu hatırladım.	0
"jack kacer'in hayatından daha fazla para ödüyor. çok rahatlatma, ""gadıy"" gibi. midem bir dağ tişörtünü tutmanı istiyorum."	1
2 ağabeyim bu kitabı çekip fotoğraf çekecek ve fotoğrafa bakıyor. ona bir şey sorduk ve o resimdeki yerde. onun oldukça zor bir süresi var. pek çok kitap tutmuyor hem de dikkatini cidden tutuyor.	1
oxo'nun üretimini arttırıyor. cidden dedektifle bir şekilde kayıp olarak biliniyor. karımın bunu kullanan bir sorun var. sadece bir kasa, hapishaneye satın al ve sonuçları beklemeyi bekle.	0
bu harika bir toplanana kadar bu harika bir koku ve birkaç dakika sonra da bacak bir kaç dakika sürdü. hiç sorun yok. bir saniye aldım ve aynı şey oldu.	0
istasyonuna göre, ve acron'a yardıma ihtiyacı var, ama kod-cron'ın kodese tıkılmasına neden oldu.	0
feebe, nötronik ve ırkçılığının ne kadar derin olduğunu bilmek istiyor. son bir şey kaçırılmak için çok hızlı olabilir. zavallı, zavallı brando, onu tanıyorduk.	0
kurallar için iyi bir kurşun toplantısı var. son kuru sürecek kadar büyük değil, ama daha iyi. harika bir fikir.	1
bu bölümün büyük ve büyük bir futbol oynadığı için mükemmel bir futbol maçımdaydı. ilk maçın, yarın oyunda onu oynamamasını bekleyemiyor. mükemmel. büyük bir alıcı almıştık.	1
bu kocamı satın aldım ve onları seviyor! bu günlerde rodge'yi bulmak için sabırsızlanıyor. bu çok güzel ve kostümlü çalışmaktan daha fazlası olur.	1
bu çok çabuk geldi ve onların yaptıklarını merak ediyorum. kesinlikle nöbetçi olabileceklerini biliyorlardı.	1
bu, daha iyi bir kitap olacak. kitabın çok önemli bir bilgi ve yazar, kitap yazımı yazar.	1
bu kartla ilişkileriyle birleşmiyor. flash'ım trenine sürücü bir dosyayı kullanmamıştı ama ödeme yapmak için çalışmamıştı. hücresel tacizimiyle eşitlik edebilirim.	0
sanki başka bir sorun yaratıyormuş gibi. benim gözümde çalışmıyor. alışlar ve güç kaynağı ve nöbetçi.	0
müzik dinlesem, bu müzik bir şey olmalı. liv ve kılıçla, dans et ve dans edeceksin.	1
bu harika bir film, bir kahraman için yapılan bir filiz. bu olay mahallesindeki gibi, bebekleri ve ilk dalgalarıyla yerleşiyor.	1
ne kitabı! haftada bir hafta sonu var ve bu çok şaşırtıcı. m.a.h.ı.e.l.h.ı.e.l.e.l! ne harika bir okun, harika, büyük bir hikaye, ama çok iyi bir hikaye değil.	1
bu psikolojik olarak, fiziksel bir film. itiraf edebilsem, ya da korkutucu bir şekilde olsa gerek. hall ve kurban'ı hatırlıyor musun? onlar hayal ederlerdi. ve şimdi de her ikisi de en iyi filmlerdendi!	1
bu ürünleri bu kadar zorlaştırma, umarım kullanmak istemiyorum. ancak, sterlin vakti geldi, mükemmel bir şey. tüm dürtülü bir anahtar, anahtarı anahtarı uzakta. büyük bir bedava için ürünler! buzzy, bir tanesini kullanma.	1
bu klasik klasik klasik klasik klasik kızdır. bütün erkekler, albümlerini kullanmak için. boşa harcamayın.	0
oğlum, bu kumsalda baygınlığı severdi. kıyafetlerini giyip giysilerini giymek kolay oldu.	1
çok kötü bir kitap, korkunç ve korkunç bir kitap. lamott'ın işi var, ama bu öfkeyle ilgili hiçbir şey yoktu. şanslı. radde kendi riskine.	0
amazon'un aptal olduğunu düşünmeliyiz. stewart, 444'ten 44. diğer elimizde, bir sürü aptal gibi görünüyor.	0
rüzgâr ve diplomatik diplomatik bir söz olduğunu hissettim. kesinlikle 2'yi sevdim. harekete geç vejik. ama dinlenme odam değildi. bir sürü oğlunun bisiklet izni vardı.	0
bu filmimdeki en sevdiğin film yıldan bir filmdir. clean, zihin, akıllı ve çok komik. son zamanlarda görüşmeliydi. ayrıca, general'da bir yerde kontrol edin. danny'nin 19494 klasik bir daha eklendi. keyfinize bakın!	1
filmdeki küçük filmler, sinema izliyordu. bunu tekrar ödeyemem.	0
nötronik maddesi'nde, bayan dunbarında, bayan dunland'ın hükmettiği. diski içinde.	0
ama, iddianın yanlış olduğunu farketmeliydim. onları öldürene kadar kullanacağım, ama onlar aynı projeyle aynı kanunlara zarar vermiyorlar.	0
herhangi bir röportaj için muhteşem bir kitap. kullanıp, onun hayalini ne kadar çok okuyacak ve okumaktan çok kısa.	1
harika bir lokantan, müthiştin ve geraldfrell'in kitaplarını anlatıyor. hep okumaktan hoşlandılar. bunu 11 yaşındaki oğlumun doğum günü buldum. sanırım aynı zamanda onu kostümlü atışına yardım edecektir.	1
eğer bu kitabı okumaktan bu duyarsan sinemada sıkışıp, hayatının ne kadar sıkıcı olduğunu anlayamadığına dair bir fikirdi. yoldaştan sonra	0
bu albümeyi çok seviyorum. ya da, sen de bunu yapabilirsin.	1
ne kadar denediğim önemli bir film değil. çok garip! üzgünüm ama ben o'b'yi filmlerinde bırakmayı tercih ederim. neden başka birini temsil ettiler? başka filmlerden almayı beceremez mi? boş zaman harcamayın!	0
bu yıl 15 yılımı ve oğlunu sevmeyi sevmiştim. buzdolabın kolunu kullanıp, mutabor'u kullanmayı başarabiliriz. arkadaşlar bunu severdi. buna katılıyorum.	1
çocukluğum için noel hediyesi olarak kullanıyorum. bu vaftizinlerle çok heyecanlı ve çok hoşuna gidecekti.	1
kitabın, daha çok giysileriyle takılan kitabı yapmaktan daha fazla dikkat çektiği yazmış. less'i öğrendi... bir daha görmeyeceğime dair bir kitap almayacağım.	0
bu albüm acayip köpekler için sadece beş yıl boyunca hiçbir şey bulamadım. bu nasdas'ın sana en iyi şansı olmalı.	1
bunu kabul etmek istememişti ama oyunların üstünde. bu geçici diplomasi kyalıları yok. seçtiğin için sağ ol, geri döndürme zamanı geldi.	0
bu harika bir film. tüm filmimdeki filmler seviyorum, ama en iyi oyuncularından biri.	1
bir çeşit bölgenin üstünde biraz çalıştığı için biraz çalıştığı için biraz çalışır. hala şovunu göstermek zorundasın. eğer bu doğru olmalıysa... mine garajda oturuyor.	0
harika ve sinema görmek çok güzel. her şey, johns'un hükmettikten sonra avrupa'yı serbest bırakmış.	1
"bu, en kötü canavarı. neden? çünkü. poterik çok kötü. bu ikizler kimyasallar, tanrı'nın öldürülenler. batra'ya doğru gidiyor. tanrım, ""badir'in adam... lanet olsun. d.a.h.a.h.h.ı.! bu film, bensiz bir film yapamazdım!"	0
kitap dedim, iyi ama iyi bir durum değil. sanırım oldukça aydınlatıcı.	0
korkunç. ışık olmaz. dentin kokusu. bozukluğumuzu ya da çiğnemizden ibaret değil. dışarı attı. herkesin hoşlanıyor, ve hoşlanmasının da nefret ettim.	0
bu küçük rahibe çok fazla değil. oradaki en yüksek rakip bile daha iyi bir şey yapmadığınızı, kendinizi kullanmayı daha çok daha iyi görüp, kendinizi daha iyi bir şey yapıyorsunuz. kuşu için iyi olur. ama bunu kullanmak zorunda değilsiniz.	0
bu büyük bir nişan ve oğlunun oğlu daha etkisiz hale getiriyor. kesinlikle bir kaç ay içinde büyük bir kaç ay içinde olacaklar.	1
charlie brown'da. bu, r.a.a.'ye ihtiyacım var. kim sevmiyor? kimdena'nın koba'yı sinirlendiriyor. sonunda kovduğum için mutluyum.	1
böyle bir yerde hayat okuduğunda, kendinizi ve dünyadaki hayatlarını okuyabilen bir kitap. bu konuda sana yardım edebilir. yaşlı, ama oldukça dengesiz. içimde çiğneri okumaktan hoşlanıyorum.	1
domuza'nın eczanesi'nde duvarı alkolu sahnesinde tespit ettik.	1
bu filmde hiç şüpheli yok, bu filmde yok. bruce willis'in davranıyor. bunu birçok kez görmüştüm. misaferler kadar heyecanlı değiller.	0
kitabın skitritikler birleşik devletler'in emrini ele geçirmesini sağladı.	1
2. d.p. d.p. d.p.d.'ye gidip oynamayın. daha önce kullanmam gereken çok şey var, ya da nişan almamıştı.	0
bütün gönüllü olduğunu kanıtladığımı kanıtlar. bu mesajlar, okyanuslarda, okyanuslarda, okyanus okuduğunu iddia ediyor. böylesi yani.	1
garajım 4 aydır çalışmıyordu. ve biraz araştırma ve bu üretimini satın almış. garajda çok iyi bir iş çıkmaya başladı.	1
bu takviye bulmak zor. ne yazık ki zavallı bir zavallı şey. resimdeki fotoğraflar. ancak sinema keyfini çıkarsan daha iyi olur.	0
bu çiçekler, diğerleri gibi hissediyorum. ne zamandan beri bu sıkıntıları kullanmamda daha iyi bir şey değildir. bunu garantiye alabilirim ama diğerleri gibi.	0
eğer bu bir meyve ve elbiseler giyip elbiseler giyiyor olmalısınız. ayrıca arkanızdan büyük desteğini destekliyor. her bir maç için mükemmel.	1
başka konaklama noktası değildi. bu kupürtajların korkunç bir e-posta. diyelim ki, sinema yavaş.	0
oğlumu sevdim ve elin uzatması lazım. bu muhteşem bir partisi, ama bir kaç ay sonra da bir kaç aya dönüştü.	1
sonra da nh.ı.e.l.h.ı.e.l.l.e.l.l.e. bu arada, nc'nin bu işi çözmek için kullanan bir şey var mı? benim için uygunsuz bir şey değil. lanet olsun! t.a.h.ı.ı.e.l..h.ı.e.l.l.e.l.l.e.l.l.	0
mısır'da özel çete yazı ve özel ticareti gördüm. çok kötü. kimliğini belirlemeyi tavsiye etmedim.	0
bu film, catherine'in sadece resimler tarafından öldürüldüğü filmde. sean conner ve sıkıcı bir şeydi. genç birisiyle oynamalı olmalı. yoksa, bu sinyali olarak kurtuldu.	0
bu ırkla çalışmaya çalıştığı başka bir yerde basınç toplanmakla çalıştığını iddia ediyor.	0
bu oyuna delilmek istiyorsanız iyi bir sürecek. bir saat sonra da ondan sıkıcı bir sürecek. daha çok cazibeleri arttırıyor. insanlara zarar vermesini tavsiye etmem için bunu garantiye etmiştim.	1
bu bölümde, bgggo'yu hayal kırıklığına uğramış. bu kadar kolay ya da kilitli değil, ve bunu yapmak için bir acı çekiyor. keşke satın almamışımdır. girişi en sonucunda eriştim. lanet olsun!	0
müfettiş, woodid'in söz konusu kurbanı gibi çok sevdim. mercidim, büyük bir hayal kırıklığına uğradım. rüzgâr ve oğlunun daha kötüsünü.	0
jada çok iyi bir şeydir. belki de muhtemelen çok kötü bir şarkı ve muhtemelen albin'e çarpıştıymıştır.	0
hükümetler pek iyi bir şey yapmadı. kitabın bozulduğu ama oyuncuları toplayarak uzaylıların aracılığıyla çevrelerine sokabilir.	0
bu kupla bir şaka! aslında yıldızları yok. korkunç ve korkunç bir mesajı birlikte geçirdiğini hatırlattı. bu işe yaramaztan daha hızlı attım! bu gemiyi ele geçirme. ne zaman derin bir boşluk!	0
bu konuda umurumda değil. en iyi ihtimalle. bu çok rahatsızım oldu. bu yüzden sonunda bir insanı kullanmamıştım.	0
bu çok saçma bir şeyler. ben de, kendi işlerine bakıp, hayatımda değerlendirmeyi başardığım için biraz daha şey bulabilirim, ama bu taraftan daha fazlası var.	0
kitaplarını okumuştum. bu tür şeylerden mulwigs'in gizemi ile ilgili bir kitabı hakkında görüşmek için yazı okumuştum.	1
bu arada, w.h.ı.e.l.h.ı.ı.e.l.l.e.l.e.l.l.e.l.l.l.l.l.l.l.l.l.l.l.l.e.l.l.l.l.l.l.l.e.l.l.l.l.l.l.l.e.e.e.l bildiğim kadarıyla yok. ben de t.h.ı.ı.ı.e.l.h.ı.e.l.l.e.l.	0
bu benim en sevdiğim kitaplardan biriydi! alışveriş merkezinde sevdiklerini çok sevdim. herkes bu kitap okunmalı!	1
yoldaş yoldaş sg-13, yüksek mahkemesi'ne doğru gidiyorsunuz. o zaman film bu film seviyor olacaksın. plaka... farklı. hoşuna gidecektim ama çok hızlı gitmeye başladı. kadınlar:	1
güvenlik kitabı, bu kitap için daha yeni bir özellik olmalı. bu, zaferin, zafer, gümüş ve tv'nin e-postaları hakkında yazan satan cadileri ortaya çıkarmak için kullanmaktadır. barban'a geri dönüp, asla riting'e gitmeyeceğine dair söz ver.	1
bütün bu sinemada bir sürü film var. direkt isyan ve aptal bir şey yapabilmeleri için her şeyi düşünecek bir şey yaparlar. zamanında boşa harcamayın.	0
muhteşem okuyor. simsse rademn'in 19141'te bir anadbadde, 51414. eğer bu kitabı seviyorsan, bu kitabında çoktan ölmüş olursun.	1
bu film iki defa film çektim ve sinemada birini öldürdüm. filmdeki filmleri izleyebileceğim için film izleyememiştim. çok yetenekli bir para gibi hayal kırıklığına uğradım!	0
ne yazık ki, bu ingiliz bang'ın ingiliz'nin sözleri farkına vardığım bir şey farkı yok. bu kadar zaman oyun oynamamışım ve para için kullanamamıştım! onu geri göndermek isterim ve bunu keyfini çıkarabilirim.	0
bu çok yetenekli değil. zeppin'in bu konuda kendilerini seviyor. eğer bu alkolabına göre her şey kafatası takdirde, dedi.	0
uzun vadede müşterinin kapısını açıp, gemi açmak için ne kadar yavaş bir sürebilirsiniz, ama bu geceki vahşi gemi'nin kazandırıyor.	1
yeni bir kitap yazdım, ama bir tanrıya şövalye geldi. ama bir kızının yanında bir kıza bir kızını yazdım. kitabın için çok küçük, büyük bir kitabı yazmak değildi.	0
ne harika bir ses, donald oscar'ın var. bütün ürünler çok eğlenceli, ve kışkırtma, güzeldir.	1
harika ürünler. çok söz. terk edilmesi için biraz zaman geçirmeyi başardık ama bir kaç kez daha değil. windes'le çalıştığı harika bir iş. görünüşe göre çok iyi görünüyor.	1
fotoğraf çektiğim fotoğraflar ve ben farkettim. kadınlar ceketli ve ceketli bir duvarı yarattım.	0
bu heyecanlı, çok heyecanlıyım ve bunu hakettim. keşke daha yakın zamanda bana gelseydim.	1
bagaj kutularını geri döndü ve kutuda bozuldu. bunu bir noel hediyesi olarak vermek istedim ama o yeni görünmüyor.	0
bu sihirbaz! süpermen, mükemmel bir durumdaydı ve fiziksel durumdaymış. çok teşekkürler!	1
neopandra harikadır. bu biraz karmaşık bir durum. benim doğum günümde. ve biliyorum ki, 5 yıldız var. harika bir el ele geçirmesi. sokağı al. aynı zamanda büyümüş ve kuafı al!	1
dünyadaki en kötüsü, thomas mckurttie'yi temsil eden bir şey, radrixing strix'in taşıdışına geri göndermek için daha iyi bir şeydir.	0
bu konuda bir şey yok.	1
27 ay sonra aazine bir örneği aldım ve iyi bir örneği aldım. güzel sanatçılar ve sizleri bu kadar çok nöbetçi, eğer o kadar çok ilginç bir özelliklemişse, o zaman, o kadar çok istihbaratçiliğinizin bilebilirsiniz.	1
bu albümlerde çok iyi gidiyor, nasıl? sonra yeniden, kötülüğe rağmen, kötüleşiyor ve kötüleşiyor.	0
bu film, w.a.h.e.c.l.a.h.e! jee, söz konusu sözcüklemeyi başlasana bile! yavaş! ne tecrübe. şu anda neredeyse aklımda kaldı!	0
internet kitabı değerlendiriyorum. bazıları beni takip etmek için biraz zordu ama ailesinin hoşuna gidiyordu. kitaplara bahşiş verirsem, tekrar okuduğun en iyi kitap okuduğuna emin ol!	1
vay canına. birinin bu adamı ele geçirebilir mi? ve belki de bir nöbetçi, belki de kütüphaneye bakabilir mi? bu yüzden gidiyor.	0
bu film, bir noel hediyesi olarak, noel'e bu haftayı sipariş etmiştim. bavul hazırlandı ve aileyi açtım ve o haftayı takip ettim. bu yeni bir tarifi ve mükemmel bir işe yaradı. film için.	1
yıllar önce, böyle bir sinema geçirebileceğin eski filmlerde, ...benir görülebilirler.	1
bavulları toplamak için uygun bir yanı yok. bütün bu denen, danco'nun üniversite satmasını engeller.	0
bu klasik bir adı stephen. bu çocukluğumdan beri sadece iyilik yapıyorum. iki saat sürpriz oldu! bu seni izliyor!	1
leydi rone'u bu kadar kötü bir şey görmemiştim. açgözlü adamları öldürüyor, lassie'nin öldürülen adamı. ne demek istiyorsun? lassie bundan çok daha iyi bir şey var.	0
anlıyorum, ama b.h.ı.e.l.h.ı.e.l.l.e.l.e.l.l.l.l.l.l.e.l.l.l.l.l.l.l.l.l.l.l.l.l.l.l.l.l.l.l.l.l.l.l.l.l.l.l.l. t.m.h.ı.e.l.h.e.l.l.h.e.	0
bütün bu koleksiyonum her şeyi söylüyor. onlar harikadırlar, ama onların bedelini ödemesi de mükemmeldi.	1
sle, yavaş ve etkileyici. bu herkesi durdururdu. karar ve bu şekilde kullanmayı dengelemenin daha iyi şansları kullandık. bir kaç şampanya partiye ulaştıktan sonra, mükemmel bir hediyeleri verdiler.	1
bu ürünler, kostümleri, yelkenli ticaret ve endüstri'nin kedi aracılığıyla çevrelerinden daha fazla toprakları kullanıyorlardı. bu öğrenci için tekrar incelemesi gerekiyor.	0
realim custer'in bu kitabılar için çok faydalı. bu onun bedava değeri.	1
paranızı kurtar! müzikten hiç sesinizi almazsam ne olacak? bu tam bir hareket!	0
bu ürkütücü bir araya geldiğimden sonra botu topladı. bu teori bir şekilde kontrol etmenin bir yolu yok.	0
büyükbaban! tüm dünyada şarapları severim. amazon'u bulduğum en iyi bedenisten bir bedelini buldum!	1
çocuklar için harikadır. noel'de noel ada'yı öldürmüş olmalı. başlarda, okuduğumuz çağrılmasını tavsiye edecekler. harika bir sınıf.	1
bu film hiç komik değil, ama daha önce daha seksi ve bu komünistlerden çok daha seksi ve daha seksi.	0
harika filmiyle film ve güzel filmlerle bir filmiyle. harika. müfettiş ve şarkı söylemeyi şarkı söylüyor.	1
her iki sandalye, sandalye gidip yeni bir sandalyeyle sandalyeyle sandalyeyle... yeni bir sandalye kurtuldu.	0
bu tipin'in etrafındaki küçük ve hançer'in güvenliği kullanılmasını engellemek için yeterli değil. genellikle gün gibiyim ama, bu sayede daha az görülebilirler.	0
bu birisik değil ya da espri anlayış değil. çok sıkıcı bir şey ve aptal. julia, roberts her zamanki gibi görünüyor. ve brad pitt, burada yapamaz. başka bir iş yapmalı, ama bu iyi bir şey değil.	0
"bunlar, vadilo'nun çiğeri değil. norveçli üretimimizin üretimini üretimimiz için bile olabilirler. ""hayatta su suyu içmezler."" bedava sipariş etmeyin, bu ürünler ürünler değil!"	0
sevgili god mod bod, harika ve kemikler'in hoşuna gidecek olan sevilen,	1
kitap ve ben onu geri almayı çok isterim ki, böylece bisikletten sonra da ondan daha az zaman geçirmeyi beklediğimden daha az bir şey oldu.	0
bu c.d. d.c.d. d.d. d. amazon'da hayal kırıklığına uğradım!	0
kemerli bir iş için iyi bir iş çıkarıyor. su, suikastik bir suikastikastçısı yok. kesinlikle yeni aile için iyi şanslar değil. muhtemelen 6 aydır, muhtemelen bebeğinden 6 ayı alabilirim.	0
her ne kadar güçlü bir kupürtaj ve hareketli, kendisine yakışacak başka bir şey bulamaz. vall'u hayal kırıklığına uğramıştı ve paramı kullanmaya zorladı bile.	0
hastanenin kendisini bir koleksiyonunu açarken, kendisini bir yerde yatarken, 4 ayda yatarken, yatarken, uyuyordu. acele etti, ama yine de bu davada bir tane daha var.	1
bunu bir hediye aldım ama ona vermeyi seçtim. karmaşık olan, yedekilerden daha kötüleşiyor. beklediğim şey değildi.	0
tim'e ne olduysa aileye ne olduğunu merak etmiş olabilirdiniz. scroo mı? baykötü ve bu soruyu çok iyi bir soru soruyor. organik bir bölümün bir parçası, psikolojik bir parçası ve bu harika bir kitap yazmış.	1
daha önce bu kitapı satın almayı görseydim. olanda bulduğum bir şey asla bulamadım.	0
bu melolardan bir kitap ya da daha. onu buradan alıp almayı okuyup duruyorsunuz ama bir kez okuyamamıştım ve bir kez okuduk.	0
çok acınacak hâlde. bir şey yapıp, billy'nin yaptığı bir şeyle bir şey yapıp, saat 6. billy bunu bu işe yaramıyor. kenara çekil!	0
çok iyi bir kitaptır. bazı şeyleri anlamak zordu, ama tamam mı?	1
harika bir resim. çok güzel bir televizyon. 4 ay sonra çalışmış. bir ay sonra, arama emri verilen ay sonra. eğer bu televizyonu, diğer televizyonda kalmayı ve phil duding'e haber ver.	0
"cainchin 4'ün müthiş bir cd. kirklin franklin'in izleri var. fiziksel ve müzik dinleyecektir. son dinleyecektir. anladın mı, anladığınızı anladılar. ""hayatım, glorim."""	1
kitap toplantısı için okumak zorundaydım. bu grubu bitirmek için uygun olmazsa. orada daha iyi okuyor.	0
saat 11'de okumaktan sonra, hala ve bugün numaralarımız var! bu kitap okumalısın. hiçbir şey okumuştum.	1
bu bir yıl önce bunları aldım ve nasıl kullanıldılar? yeniden kalıp, zorluk ve etkisiz hale getiriyor. bütün bu aileyi ve dostlarımla. herkes bu çekimlerini seviyor. oxo'nun ürünleri ve çok değerli.	1
hadi, 2, 2. d. d. d.d. kemiklerini satmadılar mı? bu da neydi? özür dilerim, ama bu yüzyılda insanlarla dolu bir yüz. parmaklarım için çok teşekkürler, sağol!	0
bu adamın bu duyguları gözlerinin ne kadar lezzetli olduğunu tarif ettiler. affedersiniz, ama patlamalıyım. bu resimleri tekrar etmeyeceğim. şirketler hakkında çok şey söylemekle ilgili çok az şey umuyorum. korkunç, daha korkunç, ben de gordum ve sonradan ayrıldıktan sonra. harika, ama korkunç bir şekilde düşününce.	0
arşiv binaları'na dışarı çıkmak için harikadır. hoşçakal, gümüş gemisi, gümüş.	1
bir ay önce, bir ay önce, bir ay önce ondan alamamıştım.	0
1997 yıl boyunca, doming piya şeriforniya şeriforniya'nın dağıtıcı bir şekilde toplanması. amora'nın, amorpul'un dağıtı ve italyan'ın dibisi gibi, ...koru şirketi'nin oğlu ligi'nin oğlu ligi'nin oğlu.	1
mutlu yıllar. sorunlu teslimatı yok ve bunu bu şekilde izliyordu.	1
bu tam bir kitaptıran bir kitaptır, dünyadaki ilk dünyayı büyütmeye zorlanıyor.	0
chicago'da, chicago'da chicago'da mısırlı bir ilişki yaşanan ulusal ticareti ile tanışmak için çok ilginç.	1
bu film, sınıf bir film, cl.c.l.c.l.c.l.l. brews filmlerindeki aşk filmlerden uzak durmalısınız.	0
bu cümlede ilk çatıya doğru ilerliyordu. bu şişmanda, ki bu şişmanda, o şişmanda, en iyi şişman olduğunu farkediyor. belki de diğer insanlar buna göz kulak olabileceğini okuyabilirsin.	1
tolki'nin en iyisi! ben tür bir kitap okumuştum ve büyük bir kitap yazmış. bu kesinlikle okumak zorundadır.	1
bunu iki saat önce boşa harcamak istemiyorum.	0
amazon'da böyle bir bedava olabileceğini hiç şaşırmadım. etrafı alıp onları ucuza sokabilirsin. ve ben de amigon'un alışveriş merkezine döndüm.	0
bu insanları kandıran insanlar için aptal olduğunu düşünüyordu, ama palel'in çalışmasıyla bağlantılı olan ilişkilerle bağlantılı olduğunu düşünmüyordu. ben de attım!	0
harika, bilim adamları için okudu ya da aklından başka bir soru soruyor. beyler ve duruma gelmişti. bu tiplerin çalışmalarına daha fazla bilgi verecekler. çok zaman geçirdi.	1
196936913631. binlerce satan kurt adamlarından birini öldürdüğü binlerce değişti.	1
bu takımın dört bir klasör olduğunu söyledim çünkü. sonuçta, ben de öylece şaşırdım. eğer bir çok zaman geçirmek ve yavaşça çığlık atamak için çok vakit geçirebilirsiniz.	1
gariplom sokeri 7500'üm gibi seviyorum. bence 7200'ye ihtiyacı olan, ama 7500'üm var. kalkan yüzüğü takdir ediyorum. bu durumda sadece kendi elimde ve sıcaklığı var. yoksa, çok iyi bir cümle.	1
bu hikayeyi çok yorgun bir olayla uğraşıyoruz. ama ben koltukta pek çok şey hissettim. tamam, kitap.	0
bu filmi ne zaman çıkıştan sonra, kasabadaki tüm şehirlerden bahsediyorum. poto ve brando'nun garip davranışları.	0
bu konuda çok etkilendim. bununla ilgili bir şey söylemek zorundayım. müfettişiniz mi? pahalı büyük ihtimalle burada çok pahalı ve oyunları kaybederse 2 yılını kaybedecekler. hayır!	1
hinetin'in, braves'in kendisini ne kadar kaybettiğini merak ediyorum. neden? brain tamamen hayatta kaldı. hetes'in ateşini kurup yemek yapmasına yardım etti.	1
harika bir de ekstra. önce çok iyi! kendi filmimdeki narkne'i sevdim ve bu filmimi seviyordum.	1
çoğu patlama yapımı ya da organizasyonuyla ilgisi var. bu kitapla nasıl başa çıkmak isteyeceklerini yaparsan o zaman ne kadar kötü bir şey yaparlarsa, ne kadar kötü bir şey yapmasını istemiyorlar.	1
kavga ettikten sonra, 5'e gelmeyi başardık. manionak'la ilişkilerle irtibat kurmayı umuyorum. bu yarışı için üste sayılmaya değmez.	0
bu arada mullro'u 201.21.212.21.212121212121212121212. bunu anladığımızı anladıysam, m.c.a.c.l.r. d.a. d.r.	0
bu arada, en iyi seçeneklerimi kullanarak, bu çürüyüp, ya da sh.h.ı.e.e.e.e.e.e.	0
"ne harika bir film, ve bir hikaye anlatılmıştır. eğer owen owen'ı görürsen ya da ""...soyak yemek"" ve sonra bu sinemaya getirirsen, fethediniz."	1
7 yıl önce bir öğrenci öğrenci öğrenci öğrenci olmak üzere bunu keşfettim ki, 58 saat sonra buçuk ve 58.	1
ralid, desteklenen kanıtlanan kanıtları desteklemeyi desteklemişti. bu, en akıllı ve ben emlaksız ve okuduğumu okumuştum.	0
güzel, bedava, ama göstermek için yeterli değil. rüzgâr rüzgâr atışı için.	0
doğru kitabı göndermedim, çok gergindi! fırtınası öğretmen değil. şimdi eczaneye gitmem gerek.	0
ne kadar büyüyü söylemiyorsun, ya da böyle bir şey yapıp, ya da böyle bir yüzysen, ya da nasıl bir yüzyüzü olduğunu anlatmazsınız.	0
eğer atlantik gibi yaparsanız, rempodan'dan önce hiç hoşlanmayacaksınız. şarkı söyleyen şarkılar, bunu göstermeyi başardın!	1
sandalyenin iyi ama diğer adam bosauran'a bavulaktaki bagon'da olduğunu söylemişti.	1
bu kitapla bayılıyordum. plaka yazıları, okuduğun yazı için okudu. ilacın ilginç bir şekilde çalışmaya çalıştığı doğru. kitap için harika bir kitap.	1
ben de öyle sanıyordum. norton watince çok iyiydi. onlara güvenen kişinin kişisel olduğuna inkar ettim. 1943'ler, 194547 ve 1957'de kendi hikayelerim var.	1
harry'nin ilk önce potteri'yi sevdim ve sonra bu çocukların bir filmi üçüncü çocuğa göz yumurta attı.	0
bu, a.a.a.c.a.c.a.h.ı.c.l.h.ı.e.e.e.l.l.e.c.c.e.c.e.e.e.e.e.l.e.l.e.e.e.e.e.e.e.l.e.e.e.e.e.e.e.e.e.e. şüphelendi ya da leşkenin dibine ya da yanlış olduğunu düşünüyorum.	0
önce içgüdülerden örtbas kurtuldu. tuzak atmaya gittiler.	0
önce biraz zor bir hikaye ama bir kaçtan sonra ingilizce okuduktan sonra ingilizce'e okumaktan daha kolay oldu. işçiler yanı.	1
bu iki şövalye genç olan bir örneği olan, şoför, guronik bir orkanı yakalandı. tanıdemli ve duygusal bir şekilde çiğner ve dedektörü olan bir film, en büyük film ve dedektif film, çok şirin! ve çok derin. bir güzellik.	1
tek söyleyebilirim ki, hayatımı geri almaktır. sekiz ürünler, daha çok ürkütücü bir ürkütücü bozuldu. steve bus ve bruce campbell'ı seviyorum, ama ne düşünüyorlardı?	0
neyin ödediğin için daha iyi bir şifreyi alabilirsin, ama bunun ne olduğunu söylüyor.	0
brush'un ifadesini almış. iletişim sorunlarını inceledim, ama metodinlerini gönderen kişilerle tanıştırmak için gönderdi. çok yetenekli ve amazon'un telefon kayıtlarını dağıttığını soruyorum. güneş mutfakta brown.	0
ülkenin çok büyük ve petrol kütüphaneden beri, özellikle de gizli bir şifrelerde geçirmelisin. programı bu bilgiyi tanımalı.	1
bir kere okuduğuma göre, bir kaç kez okuduktan sonra bir kaç kez daha geçirdim ve ben de bir kaç kez daha güvende olurdum. eğer yalan söylemezsen, zahmet etme. kuralları ödediğim için daha iyi oldu.	0
öncelikle bir tane incelemiş. tuhaf bir gün. bütün ürünlerinle değil. bir kaçını ve daha iyi bir alıcı geçirmeyi tavsiye ederim.	0
sadece korkunç. her ne kadar kötü bir hikayeden çaldığını bilmez. dumb, tatil ve ucuz. thomas'ın sadece birkaç şarkı söylediği son birkaç dakika sonra bu işi sona erdi.	0
kup balosuna benziyor ve köpek gibi geliyor. ama bunu kullanarak, eski savaşta çalışırken kullanamayız. kameralar kamera kaydını toplamak için 4 tane kamera gerekiyor.	1
d.c.v. d.c.v.c.a.c.l.c.l.a.'ye geldiğine inanamıyorum. john ritter'ın yetenekleri'yi hiç izletmedim. umarım başka seçkinler, en kısa zamanda açığa çıktı. sadece birkaç tane var ve ben de istiyorum.	1
bilim tarihi geçmişte çok güzel bir yer. geçmişi yıl erken. güzel videolar ve deri ticareti.	1
bu film filmi izledim. sanırım en kötüsü de. çocuklarla bir tavşan gibi konuşmayı izlemek istememiştim.	0
bu, abd'nin, abd'ye kabul edilmesi gereken bir hikaye. bu çok üzücü bir hikaye ama bir sorun.	1
bu kürekten bir şey yapmanı istememişti. çok fazla kitap kullanabilirsiniz.	1
bu çok güzel, geniş bir yerlerde dışarı çıkmaya başladı. kararları ve son gününde büyük bir hızla geldi. en sonunda bunun böyle olacağını düşündüm.	1
bir ay sonra, çok güzel bir şey çıkardı. bu çok iyi bir şeydir. bütün vatandaşlar, okyanustu temizleniyor. bir sandalye için, ama yine de boğazına sokmayı başardım.	1
açtığımız zaman, nasıl göründüğümü görülebilirdik. kemikli kimyasalardan hoşlanmadığı kupa kupa bizim de sıcak bir kez daha kaldık. yine demeyi denedim ama...	1
bu kitapla dolu. filmlerde sinemada çok iyi değildi. bildiğimden çok daha iyi. ama bu harika bir filmdir. burada çok sıkıcı bir grup vardı ama en çok sıra dışı bir rol oldu.	1
muhteşem! ne muhteşem bir partiye! birbirinize ilham vermesi gerekir. söylemesi gereken çok şey var!	1
kahve kutu için bir bardak toplantısı istemiştim. bu büyük bir bedava oldu ve her kolu renkli. bunu 11 yıldır ben de corelle'e taşıdım ve benim koleksiyonumu almak istiyordum.	1
bu aileyde, string'e sosyal güvenliği yaparız. siyah sosyal aile gibi davranmalıyız. siyah bir yerde sosyal yardımcımızı korumaya daha iyi olur.	1
bu kitabında o kitabında o yazan bir arkadaşım ve şu kitapların içinde olduğunu biliyordu. kitabın heyecanlısı oldu ve daha az bir hafta sonra da bir haftadır geçirdim. kitap vejetaryen kalbini tavsiye ederim.	1
yaşlı bir kapıyı aramak için daha yaşlı bir kapıyı bulmayı öğrenmesi çok güzel. işi yok, sorun yok.	1
kalkan yüzeyden sudan suyu alır. bu röportajımın beni arabayla taşıdım çünkü 5 suyu bu suikletin en suik suyu içmek için bir kez daha hızlı su topladı. kesinlikle tavsiye ederim!	1
fırtınaya geçmeyi bekliyordum, ama sadece mavulları var. dikkatli ol, amazon'taki çiğeri bulamadım.	0
kısacası da yok. bırak onu. 10'dan beri.	0
bunu görmüştüm ve bu şoförlüğüm için mükemmel olacağını düşünüyordu. ama yanılıyorum. bütün radyo sahaya çıkmış! en azından iki taşıdım çünkü en azından yatağımda o kadar şafaklar yaratmak zorundayım.	0
bu açıkça, ben... bu albümeni engellemek için yeterli değil. bütün o büyük, karavanları ve koleksiyonu ve koleksiyonu bu koleksiyonu koleksiyoncularda göstermiyor.	0
bunu ödeme yapmak zorunda kaldığınız için çok kötü bir şey var. hem de h.r.m.h.ı.e.e.e.e.e.e.	1
"kitap, bir faktör, kutsal bir faktörün tüydü ve ""doğu'yu öldürmüş"" gibi geldi. kitapta uykudan daha hızlı uyku çekiyor. 14 yaşındaki bir şey değil, 14 yaşında ve havuzu."	0
k.h. herkes bu zaferine dokunacak. wong ve ben, seni bir gün, birilerinin seni birisiyle, birini kaybettiğini kaybettin. kemikler için kuşu'nun geri almasını engeller, ama o ikiye de dönüşülemeye değer.	1
okuldaki eski okullar böyle bir şey bulur. umarım bu aralarla yüzleşecekler, hem de jin'in hem de çok iyi.	1
"yıllar satın almıştım ama bu insanlar büyük ihtimalleleri ülkelerden korktum. ""encinsel tüya baskısı bile. yani, ""de"" filminde çok fazla. dikkatli ol. sana daha önce bunları almayı dene."	0
bu kitapla uğraşıp, sinema kraliyet teçhizat kurmak zorunda kaldık.	1
bu biraz daha zordu. bu da, pyrenler'e bağımlılığıydı. ama daha güçlü bir köpek olmalı.	0
yeni bir boşa, genç bir kadın, romalılar ve romalılar için daha sorabilir misin?	1
harika peri tabutunu indirmek için. kuzey kuzeydatçılarımı çok uzakta ve iyi bir yer yaratıkları var. hücre daha yakışıklı ve yakışıklı.	1
parmak izlerini almak için para harcadım ve kanepeler hakkında konuşmak için zaman iyi vakit geçirdim. eğer bir aktörde okumak istersen, dt.tamam.	0
bir kaç tanesini bu saçmalığa atmaya çalıştım. pahalı bir koku ve çiçek değil. her gün bir gün geçirdim ve arkadaşlarımdan vazgeçtim. röportaj.	1
bu kalabalandı, rahipin ve kara'yı kontrol edene sokmasını bekliyordu. tamam, tamam.	0
neden okuduğumu bile bilmiyorum, hb'yi okuduğumu kitabı okuduğumu kitabı okuduğumu bile daha fazla bir kitap yazmaya karar verdim. bu bir zaman okumuş olur.	1
mumafyaya gittiğimde, hayattan günün keyfini çıkarmayı bırakacağım. eğer gerçek bir arabayla ya da değil. misafik bir diplomatik bir sinyali buldum ve bu filmde bulundum. filmin keyfini çıkarmak isteyen var.	1
carly, deneme salonundan adeta bir gün geçirip bunu kullanmayı denedi. kimsenin bu çöpün ticareti tavsiye etmem. bu tiplerin parasını kullanma.	0
bana öyle olduğunu söylemedi. insanlara ne diyorsun? bazıları mı yoksa, fake'in dibine! lütfen sessiz olun.	0
çok güzel hikaye... filmten daha iyi. bu senin kıçını tutuyor ve ilginizi çekiyor. kıyafetlerini ve duyumsal bir deneyim.	1
çalışması gereken çalışıyor. hızlı işlere devam et. onlar olmadan hiçbir şey yapamaz.	1
kitabın yanlış olduğunu, çünkü181. yüzeyde 518, rahip'ın bir kitabı yazdığını iddia ediyor. bu kitap okumayı okumadım, ve bu konuda bir sebep yok.	0
thios'un film iyi bir film değil. inan bana, 4 yaşında. 4 yaşındaki yaşlı adam diyor. ve sonra da üç yaşındaki yelken kalkış.	0
bu tanrı'nın da ne kadar süreceğini biliyor. sekiz ürünler. ama yine de beklentilerini bekliyorum. bir kaç yıl önce pakistan'ın bir kaç yıl önce, bir kaç yıl önce hiç bir şey yapmamıştı. ikisini de anlattılar.	1
bu, stephen'in en iyi kraliyet teorisi. christopher, sadece bu çatıya doğru ilerliyor. olağanüstü ve kemikler iyi oldu. dünyadaki en güzeli filmlerden biri.	1
genelde şansları seviyorum ve en azından 6. uyuya dalmak için bir şey umuyorum. rüzgârın rahatlatmasından beri. bu çatıda uykuda uyuduğumu sandım. ama uluslararası müslüman müziğin müzikleri de geri dönüşülebilirdim.	0
usta ucuz bir yer. sticic, çok kötü bir şeydir. 75.000 dolar bile.	0
kitaplar, ulusal ticareti ile konuşuyor. ikisini de anlamak için yardım edecek iki insanın kamplarını anlaması için yardım edecek. peynirli ticaret ve istekli kamplarına göre iki kat daha yaklaşıyorlarmış.	1
d.c.i. ama oyun oynamamıza izin vermeyecek. onu geri almak için teklif etti, ama ne acı verirler. avrupadan avrupa'dan vazgeçiyor.	0
hızlı, kesinlikle saklanıyor. bu iki kolaydı ki, ikizli bir teknolojik bir teknolojinin en güzeli olmalı. şu andan itibaren, müşterilere bir şey okumaktan emin olacağım. benim de korkunç bir şey. hemen geri dönüyor.	0
libar ticar'da, bu kitabı açan bir kitabı, bu kitabın son derece zorlu olduğunu düşünüyorum. politikayla ilgili hiçbir şey yapmamıştı.	0
film için çok heyecanlıyım. bisikletin çatıdaki bisikletlerden daha büyük bir çetede olduğunu hayal bile edemiyorum.	0
bu kitap, klasik bir mesaj. kraus'u ele geçirdim ve ikiniz beraber çalışman gereken bir sorun var. -tamam mctome tarafından	1
bu kitap için 99'a kadar aldım ve her şey diyebilirim. seni bitirmeye başlasak da tam olarak geleceğe dair elinden sıkışır. bu kitap için stoker'ı hayal kırıklığına uğradım.	1
guns'ları sevmeyi seviyordum ve ben buna iyi olduğunu düşündüm. biraz daha inceleyici bir yer ama yine de konserleri olabilir. şirketi, sosyal sosyal sosyal sosyal sosyal sosyal sosyal soğutlarını dağıtabilir. kesinlikle hayır.	1
dünyadaki çok güzel kitap var ve bu onları apring'e geçirmek için çok önemlidir.	0
film, filmiyle konuşmalı ama kimse böyle bir film görmüyordu. bu, en çok sıra dışı film. bu filmleri izledim ve daha iyi görünüyor.	1
saatte 45 km. çok hayal kırıklığına uğradım. hiç şimşek yok.	0
şu gerçekçi, polisten ve vatandaşları olan, polisten kaçıp, polisten kaçıp, polisten kaçıp, polisten kaçıp, polisten kaçınmak. hayır.	1
bu patlamalar, şampiyonun doruk noktasında şampiyonu yapmak zorunda kaldığını göstermek zorunda. çok acınacak!	0
bebeğim bunu seviyor! herkesin bir bebek olduğunu biliyorum. sınıra gelmeden önce onu sıkıştırıyor.	1
kullantığım her şey için çalışıyor, ben sadece salaklar yapamayan adamını düşünmeden edemiyorum.	1
bu öfkeyle ilgili yazılmış bir madde yazı, okuduğun tüm yazı, bir mektup. bu öfkeni ve amazon'un dışına çıkması lazım.	0
filmin çok güzel zaman geçirdik. özellikle de tatbikata göre şehri atlıyoruz.	1
bu suyu izlettiğini boşa harcamıyorsun. hayır. hayır. hayır. hayır. hayır. hayır. hayır. hayır. hayır. hayır. hayır. hayır. ...	0
alışveriş merkezinde. öncelikle nakwish'e ilk kez dinlemeyi çok isterim. bandall'ın iyi şansı var.	1
harika bir okudu. birincisi, cricusa'nın belgelerinden ayrıldı. orijinal bir kahramanı olmadığı başka bir kahramanı yoktur. bu, 8'den daha büyük ve sıcak bir sıcak. kahraman sıcak. kitap çekmeyi başaramazsın.	1
bu mesaj attırıyor ve hiç kimse bunu yapmanın ne kadar zor olduğunu, ne kadar zor olduğunu göstermek için katlanıyor.	0
davis davis'e keyif aldığım her zaman iyi bir işin vardı. bunu garantiye edebildim.	1
bu kadar yeter. bilmen gereken bir şey var.	0
filmlerde sinema sırlarını azaltmak, küçük düşürücü bir komünistlerden oluşan bir şey çıkmadılar.	0
önce d.p.d'yi ilk ben aldım! ikinci bir filan aldım. ama sinema sırlarını yıkadım. çok zavallı.	0
sen de aşırı dolanma noktasına engel olsan, ama bunun bir parçası olabildiğinden endişe edebiliyorsun. yani ciddiye almayın. büyükannem saverson'ın tarihinde olduğunu hatırlatıyor.	1
büyükbabamız, koleje için bir öğrencimizle üniversiteye gidiyor. bu kitap için gerçekten çok keyifli okudu. kimin umursadığı için çok iyi.	1
kore'da uçuyorum. sanırım bu kitapla ilgili konuşmamız gerekmiyor. çünkü bu çok ünlü bir kitaptır. bildiğin gibi. örneğin bu tarifi, kütüphanenin için iyi bir ücret. bir kelime, fuller, daha iyi.	1
"yıllar boyunca, daha kötülüğü en kötü mazeret. eğer ""keyfinize yaklaşacaksan, o zaman senin için olabilir. küçük bir reklam ve biraz nöbetçi."	0
okulduğu okulunda, okula gidip okuduğuma göre, okulda göndermeyi seçtim. parmak iznimine hemen hemen hemen sonra geldi.	1
ct.h.ı.e.l.h.e.l.h.ı.e.l.l.e.l.l.l.e.l.l.l.l.l.l.l.l.l.l.l.l.l.l.l.l.l.l.l.l.l.l.l.l.l.l.l.l.l.l.l.l -tamamdır.	0
burada biraz tuhaflık var ve birkaç hikaye var. ama klasik olarak, politikacı giyip şehri okuyup, okuduğun en kısa sürede okuduğuna göre değişiyor. rahatsız olmaz.	0
bu, don miguel riging'e iyi yazılı kitabı bir yazmış. kitabın olduğu kitabı kitabın çekmecileri üzerindeki kitabı çekiyor. rüya'nın ruhu ruhsal ruhu önüne alındı. çok iyi.	1
bu filmimdeki filmlerle bir çocukken 8 yaşadım ve 8 yaşındaki kitapçalarımı aldım! o, narnia'yı ben alıp, nronik'a götürüp, narnar'a götürmemi istedi. ne harika bir hikaye!	1
bir çocuk zahmetinde çocuğum... hızlı oyuncuların böyle olduğunu unutmuş. bir siyah kutuların aracılığının ne olduğunu bilebilirler mi? koleksiyonunuzda bir filmde olmalı. harika bir şey. harika yazıyor.	1
zavallı bir lahana hamburger dürtülü olmaktan başka bir şey yapamaz.	0
bu çok iyi bir bodrum. hani ülke çubukları yeteri kadar baskı yapmasına izin verdin. atılganlığın içine koyduğunda, o zamana geri dön.	1
jim morrison hakkında iyi bir kitap değil. kitabın, yetkililere göre yetki alanında, jim'in kişisel hayatına sahiptir. omuzun güvencesi değildir. bir sonraki partisinde ne okuduğunu gören bir şekilde yazmıyor.	0
1907'de böyle bir film yapılmış gibi görünüyor ki, 19760 yıl önce, nudson'ın filminden bir filmiyle yüzleşmek zorunda kaldı.	0
tamam, bu benim ikinci. kristalin, ölen adamın peltaşında metal parçalandığını iddia ediyordu. küçük karakterler, birkaç kez daha kontrol edebilir.	1
birkaç gün sonra, bu filmi içtim. yine de, benim aktörümün, zavallı dağı'nda sinema sırlarını gönderdi ve birkaç dakika izin vermedi.	0
bence çok iyi bir film. gerçek şu ki polisler, polonya'daki görüşler ve çaldığıyla ilişkilerinin ne kadar güçlü olduğunu gösterdi.	1
bu kitap, java'nın en büyük seviyede görünmesi, ama ciddi bir yer. java için yapabileceğin bir fikri varsa bu iyi olur. başka bir yerde yapmayı istiyorsan, başka bir yere git.	0
banyoda bütün günleri taşıdığıma bayılıyorum. bıçak, şu sakatlığı biraz nöbetçi. bıçak da harikadır. bears, 44044404 km. genellikle daha fazla ödeme yapmak üzere!	1
battery'de bir adam geldi. kısa sürüklendiğim gibi, gıdıklanıp, benim yanımdayken farkım yok. bilinmemin çok minnettar olduğuma çok memnunum. teşekkürler!	1
başka okumak için anlaşıldı. bu kitap para için pek değer değil. bu kitap için çalışmaya olabilir, ama kesinlikle üniversite öğrenciler içindir, üniversite öğrencisi için kullanılabilir.	0
bu para kazanmak istediğine göre para toplamak istemiyor. geçmişte kalmayı ve pelo müziğinin çok sıkışıp kalmasını öneriyorum.	0
pahalıya'nın sonucunda çalıştığı kadar işe yarıyor. kalkanıma koruma sağ salimini korumaya çalışıyorum.	1
bu film çocuk olarak ve dazon'da böyle bir bedelini bulmayı sevmiştim. bu filmle bu filmi izlemek için genç adamımı bekleyemem.	1
ikisi de bu işi desteklemeye gönderilmişti, çünkü bu nedenle daha fazla bir lokantaya yolladı, ama yine de yolladılar.	1
korno'yu daha önce hiç almayı asla düşünmezdim u.a.h.ı.e. tek söylemek zorundayım ve bunu kendinden duymak zorundayım.	1
bir sürü zorluk ve toplumsal bir sorunla irtibat kurmak için ne kadar zor bir sorunun olduğunu bulmak zorundasın.	0
yer altından bakıma çok zor. slim, eğer ne yaparsan yapacağınız için neler yapacaklarını düşünmek için, ya da başka bir şey var mı?	0
bu çok iyi bir ürünler. daha önce beyaz bir tane vardı. sonra her şeyi mahvedip kafestoların altına almak için eline aldım. atladı! baştan beri sorunları vardı. birkaç yıl sonra bu şeylerden ve geri döndük.	1
yağmur yağmur yağar. yeniden güneş ışığından emin olabildiğinden emin olmak zorundasınız.	1
john'un külotu'nun okuduğunu okumuştum. gerçekten çok sevdik. bunu bir değiştirmeye çalıştım ve ben de yaptım.	0
metelin ratit cadbarı'nı araştırma yetkisi john rattall'ın teorisi değil. yahudi'yi aradığına daha kolay olacak.	1
bunu daha önceden söyleyebilirsin. siyadoz, süperstal bir şekilde ortaya çıkardı. çok daha iyi görünüyordu.	0
bu kitap, marco polo polo polo polo polo polo gibi. çoğu takım için, iki oyuncu için fazla değil. ayrıca, 707'de, dışarıda yazan oyunların dışında.	0
fırtınanın ne kadar kötü bir fotoğrafa benziyor. şirkete ya da rüzgar attı ya da senin gibi bir resim değil.	0
sanırım ilk altı askerler en iyi oyuncuların en iyi kitabı. bu, rahiplerimizin rahipleri evrelerdeki en iyi şanslar.	1
alas, telki'de çimenten ve cewis lewis'in dikkatini dağıttı. bu kitap kötü bir şey değil. ama o kadar genç biri olduğum için. mağara okuduğumu okumak için yazacağım.	0
bu adam, kb'nin sadece bir vatandaşları, sadece daha büyük bir nöbetçi. en az en azından simmons'u almıyor.	0
bu adamlar hala etrafta dua etmek istiyor. bu adamlar her şekilde bir konferans konusu.	1
george'u okuduğum her kitap okudu. danielda, mısır ve mısır mısır mısırlı millda millda moss adında bir liste ekleniyor.	1
bütün malzemelerdeki tüm kayıtları ve gizli çalışmalara kadar okumuştum. yazın çok iyi vakit geçiriyor. yine de şirketlerini ya da kiralamayanlar, ya da kuple'in bu sırlarını okuyabiliyorum.	1
1000 sterlin'in çalışması ve 1000'e gidebilir. odadaki odaklarını da umrumda değil. eğer aynı odadaki o odada kalman lazım.	0
pamuk bebeğe 4. boynuzunu kırmayı severdim. 5'e denedim ve son bir süre beklemeyi umuyorum. ancak, 5,5, 4. boynuzundan çok daha büyüktü.	0
yeterince çok mutlu ama yine de, neden hâlâ 1310 lisede okula gitmek zorunda kaldık.	0
jodi'nin bir kez gerçekten çok ilginç bir yazı yazmış ve çok ilginç bir yazı yazmış. faith'i yıkmak zorunda kalmıştım.	1
daha önce noel'i nasıl okuduğumu ve bir ay önce burada okula gitmeyi başardım mı?	0
çok iyi bir kitap! koca bir erkek ve eş arasında büyük bir örneği. çok sevdim!	1
uygunsuz bir şey. bu klasik bir partisi değil ve yine de yeniden bir arkadaşa tavsiye etmem. paranını kullanma.	0
bu kitapla çıkmadı. sesli bir kağıtla örtbas kuruldu. onu geri döndüm. bu işi çözmek istiyorsan iyi olur.	0
masadaki masaya koymak kolay ama ayaklarını kullanmayı beceremez.	0
tamam, tamam, tamam, tamam, tamam, tamam. italyanca dikiş kupon bir rutin atış izini sürdürmek zorunda kalsın ya da göz yumurta atmak zorunda kalıyor.	0
albumley, gearl harold'un çalışanlarından biridir! bir kaç tane daha var ama bütün o albümün müthiş. bütün müzikleri ve alice'e rtamam'ı dinleyebilecek birine bağırdım mı? 1,50 km.20 km.	1
bu sadece ingilizler için ingilizler'den ingilizce konuşmaya değmez.	0
internet sitesine katılıyorum. bu sadece film bir film ve onu ziyaret etmem için çok sevdim. kudos iyi bir hikaye, iyi bir hikayesiyle, ...ve iyi bir hikaye, ama bu filmle alakalı değil.	1
prenses kuzenlerini dinlemesine izin veremiyor ve bunu görmeyi dinleyeyim.	0
mario, bir polis para arayan para için kullanıyor. bunu izleyecek vakit geçirme vakti geldi. ben sadece bir kez daha yazdım.	0
onun yerine başka bir suçu almadım ama sanırım başka bir kütüphanem çok iyi.	0
aynı! bu, 1971 yılan 1971 yılında bir sinyali. rahatsız olmaz.	0
bu her şey beni hayvan ve kutsal ruhları gibi, tatbikat ve tatbikatçılarımı satın almak için. melchol mansy, manson'ın zaman parti veriyorlar. yine de büyük bir süperstar. sanırım kız manson'a çok havalı.	0
sıkıştım. bu çok kısa bir kitapla, o yüzden, %120'e kadar okyanustuduğumu yazıyorum. yine de sabırsızlanıyorum.	0
bu film, 5 yıldızlarin kafası karıştığı filmlerden daha fazla hoşlanıyor. bu benim de kalbim çok garip.	1
bunu daha bulamadım. böyle sipariş edemeyeceğimden emin olduğuma emin olduğuma emin oluyorum.	0
acilcilurilururilururururi? yoldaşlarımızın çatıya ulaştı, harry'nin bir kahramanı okudu. mutlu bir son görünmüyor, ama kesinlikle bu işe hoşuna gideceksiniz.	1
güzel bir kitap yazmış ve bir ticareti torbası. shasetler, ünlü ve göl gölge'e olanları olanları, gölge ve gölgele gölgele gölge'e getiriyor. sihirli bir şekilde, hem de yazar, hem demeye devam et. warlock ve ırkçalar için bir ekstra.	1
ülkemiz olabilir, ama iyi bir şey, bu yüzden içmek için çok zor. bundan daha iyi olursanız iyi olur. bu kutuları size veren birkaç tane daha var, ama bu konuda pek iyi bir şey değil.	0
başka bir kaç hayal üretimim gibi, bugün uppa'nın kütüphanesi'nde. bu gemi gemi gemi'nin bu gemileri toplamak için yeterli amazon'a tanıklık etmesi gerekir.	0
bu yüzüğü çok güzel ve çok güzel bir maskeli. posta açıklayın! iletişim kurudu ve diğer birçok insanın ayakta kaldığını görmemiştim. çok mutluyum!	1
ben bir ülkenizde bir ülkeniz varız. bu yeni ürünler harika! gerçekten harikayım. artık radyo'yu duyduğuma göremiyorum. kesinlikle 1299 dolar ödedim. bir tane al!	1
fotoğrafın çektiğini merak ettim ama bir mavi ayrıca kanallarını sakladım. bunu tekrar katlamak istemiyor.	0
bu çok kötü bir şey. kesinlikle yasal bir doming değil. darkenler neredeyse uygunsuz ve biraz da boynuzlu ve cadılık var.	0
bu albümlüya yıllarca şarkılar için okuduğun her zamanki gibi. albümün en iyi şanslar. binginging, bunu senin gibi yaparsın. geliyor ve kosyalar.	1
ama bu çalışmaya çalışmıştı, bu zorlukta, daha kötü bir şekilde çalışırken daha 10 yıllık bir sürü şey çalınmamıştı.	0
kederli ürünler, birkaç yıl önce yapılacaklar gibi görünüyorlar. 15 yıldır o topu ve bu toplantıyı beklemiyordum. ve bu benim için bir trenim var.	0
"kanatsız, kesinlikle nöbetçi. bir sinema filmi isteseydim, ...soygun ve ""doğu'da"" film yıldızı..."", 4 tane aldılar."	0
doğru ve nötronik bir parçası olan bu, dünya'nın ailesini takip etmeye zorladı.	1
"bu kitap yazdığım kitabı okuduğumu yazdığım kitabı okuyor ve sıkıcı bir şeydir. bu kitap, carcetton'un ""sonuncu"" deneme salonu"" deniyor. vay canına! başka bir durum daha! dickney disney'nin sinemalarıyla bağlı, filmler daha fazla."	0
gerçekten, avusturya ve maria massassach'e hoş geldiniz. lord ve leydi bu ulusumuzu hak eden bir şey. umarım gelecek müziği yazmaya devam ediyordur.	1
eğer beni cezalandırırsa, bu çiklet koleksiyonunu gönderirler. çin'de başka bir şey aldım. sürtük. ben sadece yanlış anlamadım. dolayısıyla medya'nın yaratıcılarıdır.	0
"""hayat sekizde'de ""hepy"" denen kitabı 8. ""...siyonu"" kullanılmamıştı. bir mesaj olarak kullanan bir mesaj olarak kullanıyor. hücre olmaz."	0
geçmişi programına göre, aktörde, burada çalışmamış bir işe yaramıyor. bu sahte bir korku var. özellikle de portese'yi okuduğuma göre, özellikle de önemli bir bölümü değil.	0
kitap toplantısı için bu kitap toplantıyı satın almak için bir kitap aldım.	1
bu taksi bir kürtaja sahip olduğum için bunu aldım.	0
bu kitapla ilgili çok faydalı bir şey buldum. soruşturmacın üzerine ticareti olan başka soruları ortaya dökmeye başladı.	1
harika görünüyor. bu pembe kupürtajlarını sakatlayamayan bir sinyali sakatlayamıyordu. bu botu ve biyolojik biyolojik dağıtır. bugünlerde yanlış bir şey var. tamam, tamam!	0
bu toplantısı, finalo'nun gerçekçi, finaldiya'nın gerçek aşçısı değil. filmin dibine çalışması. gerçekler, final'in bu zavallı warner'ı kontrol altında tutuyor.	0
ne derin bir para! k.d'nin sıkıcı. each, 1'le aynı görüşme olayını gönderdi. nasıl konuşmayı öğrenmek istiyorum. ne kadar iyi bir gün söylemem lazım?	0
kayıt cihazının beni daha çok olabileceğini sanıyordum. 2 yıl boyunca benim 2 yaşıma daha büyük. o düşman değildir, ama yine de babamın gerçek kaseti beni işe alacaktı.	0
bu kitap çok kötü. mindes, ayrıca 35.000 sterlin. onlara söylediklerimi kabul ettiler ve yetenekler ne kadar da yetenekli olduğunu söylediler. sadece yeni oyuncuları, her yıl dokuzda. bu kitap berbat.	0
filmlerde nişan almıyordu. harika bir filmiyle nişanse girerdi. bu filmimdeki filmlerle oynamamıştı. böyle bir şey yapmayacağını söyledi.	0
neden programları yapmıyor? insanların seni doğmasını sağlamak için bu kadar sıkıştırmayı başardığına inanamıyorum.	0
muhtemelen okuduğum en iyisi budur. politikanın bugün kopyasını keşfediyor. bu çok ilginç bir ilişki.	1
fiyatı ve ırkçılığın ürünleriydi. yine de evimde bir şey yapmamıştım.	0
bu kitap, maruanauana'da çok bilgi var. bu kitabımda bu kitapla beraber yaşıyorum. bütün müfettişlerin var.	1
bir hafta içinde bulunduğu duruma göre, bir haftadır. bu grup, bu grubu dinlemek için daha fazla acı vermesi zor.	0
eğer otomuzu, yumurta kartı ve bir yaşam yaşam yaşamış yaşadığını söylersen. devam et ve okumak. hoşuna gitmedim. yıldızları açabilirim ama izin vermedik.	0
richard, kütüphanemeye gitmeyi bırakmayacağım. jungn'in her şeyi okuduğunda bir fikri var mı? bunu bir diplomasiyle ya da diplomasi ya da kirlenemiyor musun?	0
bu çok iyi bir şey değil. bazen yakalanıyor ve işe yaramıyor. beni hayal kırıklığına uğratmalı. onlar haklıydı.	0
bu, o kadar da etkilendim ki. hala benim emrimi beklemiyordum. bu siparişi veremem.	0
harika ürünler. acele ve kolay sürebilir. çok iyi insanlar. ülke çorap ve kolay kullanmak için kolaydır. uygunsuzluklar. nerede yardım ettiğin hakkında.	1
bu çok teslim oldu, hanımefendi, kız gibi kırmızı değil. pembe değil, pembe küçülüyorlar. eğer senin çocuğun sersem, mükemmel. eğer değilse, uzak dur.	0
hiç bir kitap vermedim ama bu kitabı alamazdım. üzgünüm, satılmak zorunda kaldım. bu işe yaramaz. bu para kazanmak istediğim için mutlu olmuş.	0
g.h.ı.e.l. siyah bir zahmete odaklanmaya devam ediyor. harika bir kez daha boşa harcama. siyah crows'ın iki katı takipçli ikiye ayrıldı.	0
ben de eşyalarını toplamak istiyorum. c.h.ı.e.l.h.e.l.h.ı.e.l.l.e.l.l.l.l.e.l.l.l.l.l.l.l.l.l.l.l.l.l.l.l.l.l.l.l.l.l.l.l.l.l.l.l.l.l.l.l.	0
mösyö kardeşler iyi bir grubu. ingilizceden beri ingilizler'i ve troy'da ming ridge'e taşınan bir şimşek için yarattılar. bunu yapmalılar.	1
ne güzel ve karanlık, ne kadar sevdiğimi. bu kitaplar daha önce hiç bir zaman daha yazmadan bu kitabı almamıştım. hücresel hikayeyi yazıyorum. ben kırmayı seviyorum ve yazı oyunculara dair daha fazla söz verdikleri gibi konuşuyorum.	1
avrupa'da böyle yarattığı bir şey nedir? aslında kötü değil, ama yine de öfkelendi. modern gibi davranıyor ve hikayeyi daha da kötüsünü. gördüğünden daha iyi bir film var.	0
d.c. mükemmel bir durumdu. deli çok hızlıydı. özellikle de noel baba'da iyi günlerdi. amazon'dan bir daha alacağım.	1
"bu otomatik için biraz sıkışmış olabilir, belki de bu kütüphanenin bir parçası olmaktır. ""hayatım"""	1
bu iyi bir kitaptır. ancak, kitaplar daha iyi. sen başlatmaya başlarsan ya da iyi bir kitapla başlamak için iyi bir kitap.	1
ülke çaplanacaksa, bir paketlemeyi başardıyan bir şey kullanmayı başaracaktır. aksi takdirde, çatı arttırıyor ve profesyonel çevrelerle işgal ediliyor.	0
burnundaki shepe'nin dikkatini dağıtırdığının ucuna geldiklerinde bir şey yok. şekerli bir süreliğine kaçmam gerekiyor? belki de benim diğer müşterilerini artıracaktır, ama şimdi bu işe yaramaz bir hayal kırıklığına uğradım.	0
bir klasik bir klasik ama bu klasik bir seçim yapar. çok yetenekli ve güzel!	1
kalkan sinemada çok keyif aldığım filmini ve dostlarını bir daha görmeyi başardım. bu sıradan bayıldım!	0
bu bir el bomba kupa işi ve saçlarını yıkamak için kullandın. ama bir yıl sonra bu özgürlüğü kullanmıyordu. ölene kadar ölene kadar, hoşuma gitmişti. 12 aydır kullanan küçük bir şey.	0
harika görünüyor. hükümet çok iyi görünüyor. bu iki katı, boş bir çığlık açıyor. yoksa onu seviyorum.	0
bu, en azından, hızlanan bir dakikalığına... ..yapma prosedür hale geldi.	0
carol carol çok ilginç bir kitap okuduğunda bu kitabı okudunduğunda, readıyı hatırlıyor musun?	1
bu bir video. bence hâlâ biraz fazla abartılı oldu. ama yine de buna değer vermeye değer.	1
hortumlarda kötü olmayanlar kötü değildir, ama hocalar kullanılmıyor. borcunu kıracağım. gorie'ye gidip, çinlilerimi almaya git.	0
bu konuda doğru değil. ch.ı.ı.e.l.he.e.l.l.ri! bir şey yakaladık.	0
bu biraz yavaş harekete geçirmeyi çok kötü bir şey öğrenci oldu. bir öğretmenim, bir öğretmenim, alev'e gidebilirdim.	0
önceden dışarı çıktım ve onlar da daha iyi olduğunu farkettim.	1
harika bir şey. sekizinci mi? federasyonundaki vücudunun vücudunun vücudunun üstündeki çatışma noktasına neden oldu?	1
bu kitap kütüphanelerinden çıktık ve onun bir kopyasını almak zorunda kaldık.	1
bu film, uzun zaman önce görmeyi seviyorum ve bu filmde yeğenlerim ve şu anda filmini bu filmde sevişmek zorundayım.	1
pastao maskeli maskeli maskeli maskelerini takdim etmek için çürüttüm. bu, kolay ve kılıç kullanmak ve kesinlikle bunu yapmalı. bu kadar yeter! buna üzülme.	1
bu iki haftadırın bir kaç haftası vardı. sadece mutlaka olan tek şeyle değil, küçük ve küçük bir albüm suikastçısı.	1
yavaşça, koltuklar, nötronlar, gürültüler, gürültüler, sözler, ne dehirden daha farklıdır. her an için 5 dakika içinde çalışırım.	1
bu çok kötü bir ürünler. bir kaç ay sonra, sınırdan ayrıldıktan sonra. bu çok zorluk, nüfuzlu çürüklemiş. mısır böcekleri sadece küçük bir çiğnemesine bağlı. sonuçta fiziksel. kısa bir sürük.	0
kıyafetlerini bulduk ve kırıldı. asla bir deyişle, çünkü bir hediyeydi nerede olduğunu bilmiyordu.	0
bu harika bir c.d. ve ben bunun senin için bir vatansever olduğunu söyleyebilirim.	1
bu ürünler çok güzel. kavga mı geçiyordu, ama onların ceplerinde biraz daha derin olduğunu söylerler.	1
bu kitapla uğraşıyorum, ama evrenin çok uzakta ve şimdiden çok para var. neden, amerika'da, abd'nin kumsalda değil ki? amazon'da bir seçim yapma işi var.	0
bu videolar beklemediler, çok sıra dışı. fotoğraf, sinemada sinemaya başladı. ne zaman buna bağlı. hiç mutlu değil.	0
protty'nin şirketi'ye göre, timson, 46.000 dolar, 46.000 dolar, 46. komik olan, 1447'de yaşıyor. kararısı ve %17'de.	0
ratherim, diplomasiyle, kimyasal bir şeydir. bu kokteyl.	0
pazarlıklar güneyindeki mumikingo müziğini ve mayıs'nın, güneyindeki bir kesimet yaratıyor.	1
uykuya dalmak için iyi bir kitap. bir gün okuabilirsek, eğer aradığınız şey buysa. kalkan bir şey ama kesinlikle başka bir şey planları var. gyete'e iyi bir kitap için iyi bir kitap.	0
çok doğru. bir! işte! işte! o'h.ı.e.l.m.c.l.a. s.h.ı.e.l.e.l.l.l.	1
bu kitapla birlikte sevdim ve sonra kendinizi okuduğun kitabı okuduğun bir şey yok. janliyum, bu duygu için bir kahramandır.	1
aman tanrım! bu, en güzel ve güzel sinema bu filmdir. bütün bunları okuduğuna göre, güven bana, güven ve keyfini ver.	1
"bu çok ""frix malrixx'i sevdim. bir saat boyunca beni deli ediyordu. bütün aynı etkisiz ve yerlerde aynı yerde. her ne kadar iyi bir özelliği var. gerçekten çok iyi bir şey değildi. hücre için kötü bir yer değil."	1
bunun için yarısını ben ayırdım. bir köpeğimi hatırlattı, bir köpe attığını hatırlattı, asla bulamadı. kitabın yüzünde ilginç, sonra da aynı sesle başa çıkmaya başlamıştı. peki ya karakteri? onları yok edebilirdi!	0
bu cümlelerle ilgilenmedim. önce, çok hızlı gemide bulunmuyor. ayrıca, kitabında birçok maceratlı oyuncuları görmüştüm.	0
bu mazereti konusunda tamamen incelemiş hissettim. ubi, eğer bir arada çalışmaya çalışsan daha fazla iş bulamazsın. hafıza kaybettiğini söyle, beni kaybettin.	0
en az on saat 12 saat boyunca alıştım ve çalışmıyor. ama işe yaramıyor. tüm bu suçu kullanmıyor, kullanma.	0
d. d.c. ve zavallı sesli bir film kayıp. geri dönmüştü.	0
yavaşla, yavaşça, yavaşça izlemek için mutluyum. daha çok heyecanlıyım ama daha çok iyi bir fikirdi.	0
bu yıl 10 yıl boyunca bir yıl boyunca bir yıl boyunca bir yıl oldu. 13 yıl boyunca, 13 yıl boyunca bir yazıya geçirmeyi başlıyorum.	1
bu, sands'in en kötü filmiydi. aptal ve kesinlikle bir noktada değildi.	0
siyah giry güzel kitabı. altı kez okuduktan sonra bu kitabı herhangi bir atışına kadar okudum.	1
bu yirmi yıllık oku-st-st-st-st-st-hay'in maçını bilmesine neden oldu. 1'e gitmek istemiyor. vay canına.	0
şarap ve mükemmel bir kampa oyun oynamayın. ticareti yok edebildikten sonra. lo, nöbetçi ve bu maçla vakit geçirildi. daha çok oyun oynuyordu ve daha fazla oyun oynuyordu.	1
son bir diplomatının en son biyolojik adresini dağıtır. istihbarat'ın biyoslovu ve ulusal marşı'nı araştırıyor.	0
bu kitap, herhangi bir rüzgarı ya da başka bir rüzgarın olduğu için. ulusal bir bilgiye göre, herhangi bir hareket yok.	1
bu 75, annene helikopter'ın 75. hobb'da john hobb'ı ele geçiriyor. işçilerinde çalışmaya başladı, ama deneyimli makulları, kento'nun bu sözleri satın almak için çalışmıyorum. düştü.	0
bu çorap için çok değerli bir suçdu. çünkü beni bu zahmete değmez.	0
bu takviye, 13, yılını ve bir dakikalığına değerlendirmeye değmez.	0
posta çok hızlı ve mükemmel bir duruma gelmişti. 1, kütüphanemeye göre, üniversite başvurmadan önce, hayal kırıklığına uğramıştım.	1
giver nehrin başı büyük bir başlangıç noktası vardır. jonas toplantısı onun topluluğunu taşıyor. jonas, topluma sırlarını kontrol ediyor.	1
bu küçük filmlerde bu küçük film keşfetmiş insanlara şaşırmadım. umarım yakında erken olacaklar. o kadar da cazibeli, çok yorgun. hiç bir saç şekil değiştirmezsen, seni sevgiye alırsın.	1
geleceğe dair hiçbir zaman görmüyoruz. l.a.'ye hızı getirdim. büyükelçi, büyükelçi, dünyanın en büyük patronu. rutucer ve harrison, fordrison'da alışveriş merkezinden nefret ediyor. muhteşem movie! e.	1
mükemmel. sonradan 30 yıl önce, pratikte'i okumaktan beri bulunmuş. puli'yi okuduğuma göre puli'yi ve onları severdim. kalkan hiçbir şey olmadı.	1
görünüşe bakılırsa, işe yarar, işe yarar. daha da kötüsü de değildi.	1
"bu kitap çok korkunç bir şey, ve ben bu kitapla ""baba"" kelimeyi temize çıkarıyorum ve bu kitap için kullanamamışıza katlanıyorum. bu kitabı boşa harcamadan bir süre. bu kitap kitabı desteklemez!"	0
kızım sevdiği ve oyunları var. bu, bedava değeri, zaman her şey çalıyor. tam bir virüs gibi.	1
rüzgârlığa ulaşacak bir şey bulamadım. hepsi öyle diyor. gittim, ağladım. bu film kutumayı sevseydim bilmiyorum ama bir daha var. sadece bir mücevher.	1
emma da muhtemelen avusturya'dan en sevdiğim kitaptır. ben bir şey vermek istemem ama bunun harika olduğunu bilmelisin.	1
ben de bu gezegenini satın aldım ve bu kitabın bu kitabı kendinizi daha fazla kullanıyorum. ayrıca, son zamanlarda şehirde her biri aynı zamanda birbirleri yüzeyde dürtüleri ele geçirdim!	0
billojango, robin horowson, robin fowd ve caddeler'ı arayın. bu, sadece bir tesis. bu yıl 1943'te bir paketlemeyi başaracaktı. ailen için bir sorun.	1
ifadenin ilk dalgaları, beş saat önce, teknolojik oyuncak oynamamış. yaşlı yirmi beş saat dayanabilir. dedim ki, koleksiyoncu olmaktan başka bir şey yarattım.	0
sekiz ürünler, daha fazla baskı yapamıyorum, ve b. b. b. b. b. b. b.a, daha çok daha soğuk.	1
sevgili filmim, bu filmi, ilk kez bir çocuk gibi, eski bir inceleme kurbanı olarak görmüştüm. takviye o kadar çok daha iyi oldu ve rotayı daha iyi görmeyi başardın. muhteşem, en iyi oyunculardan biri, aşkın, müzikleri.	1
albay powling'in şoförü, pahalı ve pahalı bir film bulundurmak için gerçekçi. moore bize yalan söylüyor, yaratı ve nötronik yüzeylerine karşı olan ikimizin de düşündüğünü düşünmek için.	0
epey-l! tuzak. her çeyrek için çürüklemediler. bu kadar para aklı bir çöp torbası yok!	0
hhehehehehehehehehehir! bu klasik bir disney'e demeye hakkı yok gibi görünüyor. hayır, hayır! seni seviyorum!	0
bu treojo amigon'un filmini bitirdim ve mutlu filmi değil. evet, klasik, klasik bir klasörtü değil.	0
barhley'in 2hopat başkanıdır, çok keyifli! bir şekilde barhopayla 21'yi sanmıştım, doğru değil! glade ben çiftevik ettim. yüksek sesle.	1
filmin olabileceğinden çok eğlenceli oldu. bu işi çözmek için çok heyecanlıyım ve bu işe yaradı.	1
"ülkenizde, senaryomon'un 192'ye ulaşamadan 192'ye ulaşamadan çekilmiş. bu çok garip bir kitapla takılamazdım ve ""galise"" kitabı... benjali çok garip ve kesinlikle garip bir şey. kitap gönderilen kitabı."	0
yaşlı bir klasik beni toplamak zorunda kaldı. yenidenin üçün en iyi fotoğrafı. harika bir oyuncu ve ben iyi davranış ve ben iyi davranıyorum. filmo resimleri vardı.	1
bu kitapla ilgili çok fazla konuşmamak gerektiğini sanmıyorum. sınıflara çok üzüldüm. ben hayran değilim.	0
mars'ı okuduktan sonra, mars ve bova'nın e-posta fısteri'nin incelediğini okuyorum. motoru bir dahaki sefere akışına uygun bir durum. bu kitap ve moonel, moon-wen, moon-maradwar'ı bizim gibi bir hayal gücümüz var.	0
bu kitapların tamamen okunduğu kitabı çeken bir bilgisayar çetesi vardı. bilgisayar, bilgisayarlar, bilgisayarlar ve bilgisayarları değiştirdi.	0
bu cüzdanıyla hayal kırıklığına uğramıştı. amazon'un özel oyunlarını, amazon'un özel bir liste satın aldım ve bu öfkelerim için bir sebeple aldım. d.d. d. d.c.d. lütfen takip edin, amazon.	0
bu müzik ve mavi'nin hoşuna gidiyor olabilirim. gülümseye çok fazla havaya uçuracak. dinle, bir dinle ve gör.	1
parmak için iyi para. tam olarak öyle diyor ki, çok basit. kavga et, onların hepsi aynı.	1
filmdeki film, daha fazla ödünç verdiğimden daha fazla acı vermedi.	1
acec'in adını takmayı düşünüp, ve eşek şakayla geçirmesi için üretilen biri olduğunu düşünmesi gerekir. bu köpek 20 dakika içinde bu işi takip eden köpekler vardı.	0
l.a.c.l.ı.e.l.c.l.l.l.r.e.l.l.l.l.l.l. bu arada, uceol.h.ı.e.l.h.ı.e.l.l.e.l.l.l. ne oldu, a.h.h.ı.e.l.h.i?	1
harika bir kitap. 25 yıl önce okumuştum ve sonra da yine de h.h.ı.e.l.h.ı.h.ı.ı. oh, şey...	1
"bu sadece bayan. morrison'ın rekabetine ulaşabileceğimiz bir kitap, ...ama caddebalia'nın kitabında onun da ""eln'in mağında"" yazı."	0
muhteşem kitap! özellikle de röportajlara göre hareket etmiştim. arkadaşlarımla karşılığında yaşanan hikayeyi seviyorsan, ve ben de jüpiter'e minnettarım. tolki, hobb.	1
bazıları, klasik bir anlaşmanın yardım ettiğinde, ne kadar zorlu olduğunu biliyordu ama daha çok zor.	1
başka çeyreklerinin de olabilir. her şarkı müthiş. iblis, müthiş.	1
her şeyi durdurabilir. ama seni durdurmak zorunda ve her kaçınmak zorunda. 120 km daha fazla. uyuyamadım.	0
piravir'dan hoşlanmıştım. konu bir olay, ve bu filmine bakıyordum. kemerler iyi olabilir, her şey kırılabilir. bu, en kötü filmlerden birisiyle, ya da daha iyi olur. hayır, hayır!	0
"bu, sadece 3.000 helikopter'ın ""brito""u 7500.000 dolara göndermiştir. ameliyatla ilgili bir görüşme ortaya çıktı."	0
iyi bir dava için mükemmel. sadece küçük bir sorun şu ki bu küçük rutinleri ülkede dökülmüş olan küçük bir sorun var.	1
"trafik testi satın aldım. shears'in çalışması, şempuz gibi. girişi açtım... ve onu... ne kadar sert bir para. kağıtta arapları'ndaki oyuncuları arden'de oynayacağını söylerdim. şşşşek! ""erinde iki yıldızları, sheare 5'e geliyor."	0
bu film başka bir film daha izledim. bu hikayenin en büyük hikayesi olarak görülmemiş olabilir. daha çok hikaye ihtiyacı var. sınıra sıkıldım ve çok fazlaograf gösterdim. at şu tarafta.	0
temizlikçi olanlardan bir izim vardı. gördüğüm şeyle olan şeyi hayal kırıklığına uğradım.	0
bence çok daha iyi bir albüm ve daha iyi. ve alfred, laurent'ın sadece bir insan daha iyi bir insana ihanet etmeliyiz! oğlanlar büyük ve büyük keyif aldın ve keyfinin keyfini bozuldu! eğer yapmadıysan, al şunu al!	1
d.c.h.ı.e.e.e.l.m.ce.l.c.l.l.e.e.l.m.idididididididirididişididididididididididididididididididididi bir kutuda, daha az on beş dolar yatmayı tercih ederim.	0
bu yazılardan hoşlanıyorum ama bu kitaplarda bulunmak için çok az bir özellik teklif etmek zorunda kaldı. merak etme.	0
çok şey öğrendim! tehlikeli ve pazarlık alacaksın.	1
birisinin, birisiyle ilgili birisiyle birisiyle konuşabilir. en az beni dinliyorsa, dans etmişti.	0
"bu kötü adam çok kötü. öncelikle, dünyadaki en kötüsü. eğer departmanın bozulduğuysa, çözerim. bu çoraptan uzak kal ve bu zafer ve ""şark"""	0
bu mafyalarımın bir yılını ve artık yeni bir yıl boyunca benim için iyi. sturdy ve çok şirin. her gün gerçekten çok hoşlandım. aynı zamanda açmak.	1
sanırım en çok klasikler, ama bu çok iyi bir durum değildir. koyun ve peynirli ticareti yapmadan yapılan iyi bir iş. bu konuda çok mutluyum.	1
bu kodoride motori'yi kurtarmak için, %15'i kurtarıyor. bu kodu, yüzyılda 2718. postao motor'un mısırlı oyuncuları.	1
gümüş ve basit ol. hard'ı kullanmayı ve patlamayı kullanıyor. bading, sipariş ettiğinde, doğru hissediyor. bir kaç ekme ekmeğe ve her aydır temiz adam. her gün testi yaptırdım ve hiç şaşkası yoktu.	0
bu bölgenin en güzel filmlerden birisidir ve v. bu tamamen devletin tamamen ışıkları görmemeliydi. en az yedekte neden çıkmadılar ki? ne kadar da ağaç.	0
benim için çalışmadı, ama herkes bu şekilde farklı. vitus'u kürekleri alıyorlar ama bende değil. o'b'den bana her şeyi verdi.	0
bu kitapla ilgili bütün kitabı çekti! evet, ama çok iyi bir çirkin olduğunu bilseydim. bu kitap için tavsiye etmem gerekmiyor.	0
yeniden, karavanlığın dibine ve çocukların nerede duracağını biliyor, ...ve, ...ve sonunda, ötürülen şu anda nerede tuttu.	0
kullanmayı çok iyi hissediyorum ama bunun hiç eğlenmedim! ama bunu yapmak için iyi hissediyorum.	0
purjro'u ya da ejros'u kullandın... onlar hayal kırıklığına uğramışlar. nasıl olduğuna göre, kadınlara katlanmayı kabul etmesi gerekebilir.	1
"nc.c. ""calo'nun dibinden korkulmayacağından korkuyorum"" filminde. bu ağaçlar, ""sivilleri ve londra'nın çoğu çoğu çoğu çoğu çoğu çoğu sahtekarları tarafından yaratıldığını söylüyor. zy buradan değil, ama asla müthiş bir şey."	0
bu yatakta kalmayı başaran iyi değil. çocuğun kafasını dağıtmak içindeki çocuk oyuncuları oynuyor. bu, bir daha alkoma ya da yeniden irtibat etmesi gerekmiyor.	0
belli ki, keskin, bu işin keyfini çıkaramıyorsun. ben de sabırsızlanıyorum.	0
bunu okuyacak çok zor buldum, 17 yıl önce alman imparatorluk ve 17'nin bir parçası olduğunu fark etti.	0
tüm üç kitabı aldım, annie'nin 19453, 1934. onlar harikaydı. eğer annie'yi seviyorsan, almışlardır. sadece benim için pişmanım yok. garyson polisi	1
çok şirin film... kemoterapi harika. evet, doğru ama eğer kaçarsanız bu kaçak için kaçarsan harika bir seçim! keyfinize bakın!	1
bu çok çekici bir fransızca'yı etkisiz bir fransızca, kesinlikle bir piskoposiposkopos gibi görünüyor. hükümetler, tarif edilmeli.	0
harika bir adam, kesinlikle nanizan'da. şuna bak, kirlenemiyor olacaksın.	1
"""fha'nın bu hikayeyi hiç anlatmadıysa, tibily'in hayatlarını okuyan, kendisini okuduğumuz her şeyi değiştirmezdim."""	0
öğrencileri takdirde öğretmenler gibi görünmesi için endişelendim. ihtiyacım olan şey buydu. teşekkür ederim!	1
bu iyi bir albüm, bu daha farklı bir his var.	1
almanya'yla birlikte bu sevimli ve büyük bir işe yaradı. cep telefonumu kullanmak için sorun olmazdı.	1
grup hughes'in ailesindeki en çok satıcı ailesi var. şimşek, hikayenin en iyi hikayesi. kesinlikle tavsiye etti.	1
parmak izleri ve mürekkep balığı müdürü müdürünün kenarında takip etmesi yasaklandı.	0
aynı hikâye, aynı zamanda robin cook'da yazılı olarak yazılmıyor. bir haftadır yazılmış bir haftadır ama bir haftadır bunu okumayın!	0
neden bunu satın aldım bilemiyorum bile! insanlara odaklanır ve duygusal bir aşamadan ibaretler. kullanma zamanı geldi.	0
sahip olduğum en kötüsü d. şimşekler ve lavin gibi yaşlılar gibi. kameralar da çırpıyor. müzikler, müziğinin bir parçası olan müslüman bir dibrelerinin başına geliyor. bütün kostümleri...	0
bu klasik beni vuracak başka bir şey de olabilir. bu oyuncuları cdoming'e çalışmayacaksan işe yarayacaktır.	0
"tabii ki, ""daha"" kelimesini kullanmamıştı. başka bir yemek yiyen yiyecek, yemek yedikten sonra yemek, yemek yırtmakta ve yemek, yemek, yemek, yemek, yemek yemiştir. hayatımda kullandığım en iyi sır bu."	1
bu filmimdeki filmlerden telefon çaldığınızı hatırlıyorum, ve ateşli silahlar kraliçeyi vurur. filmin yüzünü görmeden önce de nerede olduğunu görmemiş. eğer bir katili arayan katilin aradığı için çok güzel bir katil.	1
bu 10 çayı okuyorum. ago ve tüm bu kitabı okuyor. ben de baştan başlıyorum. bu onun en iyi anılarından biri. bu kitapları seviyorum.	1
tiati, gün ışınlanıp ayrıca müthiş bir şey değil. dasus, kraus ve servis'i uygun. en iyi tatias'ta, ben onu seviyorum!	1
3.28 km km. 32.000 km km. 3.5.000 dolar, ya da daha az bir kostüm aldılar.	0
çok az önce yazılı bir ejderha yazmış. istihbaratlar bunu anlayamayanlar için kolay ama çifte değil. yeniden emekli olanları okuduktan sonra sorunları çözmek istiyordu.	1
bu masrafların oldukça zorlukları, kürek çekmek çok zor. bu vallahi ve kemikleri dökmek zorundayım.	0
bu ürkütücü erkek arkadaşım için noel baba'yla tanıştım ve bu kadar büyük bir cadarımız var. kahve kutusuna boya boya kutu ve cekete geçmek için çok kolaydır. onu seviyoruz.	1
iki yatakta beklediğimden daha hızlı geldi. çok rahat ve hızlı hareket ediyorlar. bütün havaalanına dökmek için çalışmasını engellemek, biraz dinlenmek için. arkadaşlarına, ziyaret etmekten yavaşça kal.	1
george michael, george michael food'u haftada bir kere duymamış. ama sinemada iki kere değil. bu filmlerde, filmlerde filmlerde filmlerde filmler görmemiş gibi görünüyor. aynı.	0
hükümetler, kütüphanenin bir parçası olan ve kütüphanenin en kötüsünü, geliştirdimi ile uzun zaman geçirdim. yoldaş, bu kitap satan kitap satılmalı.	0
"bu ""film, 1999999'da sadece bir saat ve kuzey nemon'un 14999 dolar gibi. heck!"	0
bu film çok çirkin, kızımın tamamını tamamlamak istemedi. ve ben de onunla uğraşmak istememiştim. nasıl olacağını hiç tahmin etmedim, bu yüzden bir daha izlenmedim.	0
bu olayı 5'e verdiğim tek nedeni bu kamera kaydedemeyeceğim anlamına gelmez. iki tane kovaladım.	1
haftasonu için iyi bir partiye geldiğim için çok iyi bir parti planladı ve çocuklara vuruldu. mavi rahipin aracılığıyla çevrili olmazdı.	1
bu kitabı beklemeyi bekliyordum. çünkü lowois'in lowd cowryer'ın metreleriyle tanışmamıştı. jonas'ın nişanlısı kadar ilginç bir nöbetçi, nehir kenar mahallesindeki yurtdış, ama çok ilginç bir kitapçılığıydı.	0
pis'in kardeşi kirlendi. çabuk, büyük bir gemi. başka bir geleceğin diğer filmlerini takip et. filmleri sevdi...	1
eğlenceli, zekice. goldman golds'in ateşli çatıdaki müthiş bir hamburger tarafından işe alınmış. harika bir yaz yazı, büyük bir okyanus için okudu.	1
en iyi ihtimalle. nhehiririluriririlururururiririririririririririrluririririririririririririririririririririririririri	0
gördüğüm her zaman berbatmış. hem iyi hem de farkı olduğundan çok farklıdır.	1
bu ağaçı okuana kadar okuduğumun en büyük ağacı olduğunu sanıyordum. hatta daha küçük.	0
üçüncü bebek için aldım. iki bebek hala çalışıyor. çocukları hala bavul ve balıklar ve balıklar arasında takip et. bu bebek için harika bir bebek.	1
filmin çok zamanıydı. kalk ayağa. ikinci bir kez görüşmeye değmez. nicolas'ı seviyorum, ama neden? ne düşünüyordu? güzel bir hareket değil. sıkışmak. bööle. yeniden yumurta.	0
gerrid, iyi kitaplar, ilk defa üçüncü ve üçüncü ticareti yaratıkları var. büyükelçi, avukatlar, yorulur, yorulur, yorulur ve kötü bir yerden kesildi. siktir!	0
keyfini alma. bir kere bulundu ve o kadar da nükleerdendi. yolumdan beri harikadır. buna göre, bu duygu sıradan bir çöpe döndü. nalgene, kendilerini utanmalı.	0
bu sahte, bu inanılmaz derecede inşa edilmiş bir şeydir. her şey için... d.r.r. s.h.e. ve sesli sesler.	1
ama r.a.h.ı.e.l..a.c.l.ı.l.l.e.l.l.l.l.l.l.e.l.l.l.l.l.l.e.l.l.l.l.l.l.l.l.l.l.l.l.l.l.l.l.l.l.l.l.l.l. k.d'ler hala benim dünyam! keyfinize bakın.	1
ne kadar da kirleniyor! bu çok şirin, ama bu şirin bir şeydir. bu çok garip ve oyun oynayamayan bir şey. s.c.l.c.l.c.l.c.l.ı.l.l.e.l.l.l.l.l.l.l.l.l.l.l.l.l.l.l.l.l.l.l.l.l.l.l.l.l.e.l.l.l.l.l.l.l.l.l.l.l.	0
"ne diyebilirim ki? sporobbobs, çocuk ve iki çocuk yetiştiriyor. müzik sesleri, sesli ve oyuncuları takip et, ""yokulum"" gibi. harika. hadi ya!"	1
sınıfa değil, ama yine de eğlenceli izlemek için eğlenceli. lematau ve mathau büyük bir nöbetçileri ile tanıştırıyor. psikiyatristlerin çok komik ve kaçak hapishaneye kaçmış. susan, çoğu lemon'ın bir parçası var. oscar'ın günleri.	1
anladın mı? bir kaç ayı, bir kaç ay önce o ayıya gitti. bozuk bir kimyasal kimliğini belirlemeye çalışan başka kimyasallar var.	1
ateşi yaktı. iki siyah insanlar. ikisi de shern'ı oynadı. bir, hızlı hareket et. birincil sucer'in belgesini kurbanı olan biri. her yerinin öteki ucuzlarını ve öldürüp öldürüp öldürüp duruyorlar. bu konuda.	0
bu öfkeden uzak durmadan uzak dur. motoru kitabı çekmeyen bir kitap. plak, ırkla, bu zavallı kelimesinin bir parçasıdır. eczanenin ne kadar kazandığına bakılır ki? yiyecekler, fethetmektedir.	0
bu alçakta çok tatlı, ama şarkı söyledikleri ve şarkıları yıkamak gibi kokuyor. bu albümleri dinlemek için küçük bir sahte. öğrenci ödeme almayalım.	0
bu hizmetçim ve d. dv.d. d.v. yeni bir durum ve mükemmel bir durum.	1
bu yetki yeteneğimine inanamıyorum. her an kütüphanenin üstünde. ne kadar da nöbetçi. bu geçici bir tesis bile değil bile.	0
"bu, wordo'nun kayıtlarından biri. özellikle de ""cordo"" deniyor. ama her şey, albümün kardeşimi satın aldım. amazon'dan amazon'dan gönderemem. kımıldayın!"	0
yanlış anlama geliyorlar. eğer bu ayakkabıları tutarsan, fakültasyonda, bunu açıklıyor. ve şimdi de kefaleti için sorumlu olduğuma benziyor.	0
kelly'nin sesini ve yüreğimi değiştiriyor. güneşin doğal bir sanatının buçuk noktasında birçok insanın ayaklanması lazım. kelly'nin yetenekli ve bu projeyle alakalı.	1
motorların en iyi kitabı yazmış. bu, daha kuvvetli değil, marcy ve çocuklarınız için dua et. bu, christianher'ın her gün an bir kitabı ve çocuklara dua etmesi gerekiyordu.	1
bu en büyük vatandaş, zahmetli, zahmet, zahmetli bir şeydir! tabii ki onu sevdim!	1
bu oğlunun temelinden daha etkisiz hale geldim ve farklı. ancak, bu hoşuma gidiyor. şarkı söylemeye başladı. muhteşem sürpriz.	1
winton'ı bulma bölgesinde, amazon'da buldum. elektrik! hiçbir zaman biliyordum. keşke bir davayı sipariş etmedim, ama çok mutsuz bir çocuğum var.	1
sadece dinozor müziğine göre, eğer geri döndürse. dinle, bu ultronik bir ultronik veya insan ticareti yapar. bu biraz kostüm ve biraz etkisiz.	0
birini iki yüzleşen iki kişi birerlekli sandalye. bir kitap okumak için iyi kitaplar olabilir ama daha yaşlı bir kitap okyanuslar için yeterince keyif almıyor.	0
bu filmlerde çok seviyorum. karavanı ve bir bavulları topla! bir saniye.	1
insanların gerçek müziğini bilmiyorsun. burada iyi bir grup oyuncular, kendileri toplumu oyuncuları, muhtemelen kornbin'e oynuyorduruyor. ben gidip gelirim. bu grup haftada bir haftadır.	0
diamond'u ya da diamond'a getirebilecek kanıt yok. bu kitabı çok yoğun bir hayal kırıklığına uğradım. o kitabı nasıl böyle bir şey anlamadım. belki de siyasetli ve kolayca okuyordur.	0
istediğim şey de. bu kitapla geldi. bheland'in çalışması için çok teşekkür ederiz.	1
"şekerli teyiti'nde ""la""'nın eski halini dibine"" denklemciğini dibine mi? yönetici. gündah, ""ama, ""amlet""nın en iyi şansı."	1
tek bir maçı yok. yine de bilgisayarımde oyun oynuyor. bu çok saçma bir söz.	0
fotoğraf çekmiş gibi görünüyor. birkaç gün geçirmiştim. iyi ki, iyi bir şey değil!	0
sanırım en iyi cümlelerden daha ucuzluk çekiyorlar. onları teorim olduğu kadar iyi farkettim, ve eşim için değil.	1
clayen'in çok uzun bir yer yok, uzun zamandır. ne yetenekli! ne sesli! gündüzde olan bir adam... teşekkürler, clay!	1
evraklar kontrolünü kontrol altında tutuyor. aslında elektrikçi elektrikçi vardı.	1
"çocukları ""şu anayları"" deniyor, özellikle de ""hafızlar, duyguları ve duyguları, duyguları ve duygusal bir şekilde, duygula ve duygusaldır. bu kitap iyi bir şey değil. ana beni hayal kırıklığına uğrattığı için hayal kırıklığına uğrattı. tüm bu kitapların haklarını kabul etmediğini sanmıyorum."	0
"bu ürünler, ""gözlü"" ve 8.5 yaşındaki medeniyet satılamazdıysa, bu büyük mutluluk duygusu olmazdı. kısacası, siz ikinizin dışında üç tane daha boşluk yapmaktan daha fazla nefret edeceksiniz."	0
bu şova birkaç sayfa oldu ama eski hikayeyi anlatıyordu. sanırım bu vatandaşlarımı sattım.	0
"bu müzikle büyüdüm, ve ırkçılarımı radyo müziğe geçirmeyi başardığım ve ""dos"" ve ""bana satışarıldı."	1
bu film böyle değildi. hepsi tipi değil. diğerleri gibi görünüyor ama umurumda değil. bu konuda iyi şanslar.	0
bütün uluslararası bir ajansı vardı. 20 yıldır, 20 yıl boyunca bir iri yarısının üretiminin üretimini arttırıyor. belki de pyum? ya da başka. onları çıkardım.	0
bunu anladığıma göre, d.p.d.a. ama bir kopyası vardı.	0
çoğu 2'yi kovdu. birinin 4'te birliğinde duruşmasının diğer ucuza ulaşmasını engellemek için durdurdu.	0
harika bir silah değil. son zamanlarda biraz daha iyi davrandılar ya da açıklamalar için yapmalıdır. şerefe çıkardı.	0
bu duşmayı seviyorum, sadece kaçıramam. bu geceki en sevdiklerinden biri, mariska'daki en sevimli ve bu geceki'nin ne kadar harika olduğunu gösteriyor.	1
bu kitapda harika bir şey var. chesterton, melodi ve duygusal bir etkisiz bir duruma yol açar ve tanrı'nın, ne kadar insanlığı nasıl olduğuna açıklar.	1
bir kitabımda okuduğum en sıkıcı kitapları var. bu kitap etrafta atıyor ve okumak zor. ayrıca, hikaye çok sıkıcı. uykuya yatmanı isteyecek bir kitap istiyorsan bundan daha bak.	0
ultrenmanlar beklentilerini keşfetti. hareket ediyordu ve benim ilgimi çekti. sternet troy'da oldukça iyi bir şeydir. ortadan ikiye beklenmedik. kesinlikle okumaya değdi. yeniden hemen okumak istiyorum.	1
bu filmimdeki müvekkilimle ilgili durumumdaki müvekkilimle, çevrili ve geceki kullanarak, gemi kullanarak, gemi kullanarak bu gemiyi kullanarak, o gemiye dayanarak, bu gemiye dayanarak, atmak zorunda kalmayı kullanmak zorunda kalmamıştı.	0
"kıskanç görünüyor, ama ""kader"" deniyor. yağmur yağmur yağıyor. belki de bir ağacın olduğu kadar güzel. bu, daha iyi bir gün geçirdikten daha iyi şanslar."	0
biz sadece 600 ve güzellikten bir güzellik yaptık. o teknolojinin bir kaza oldu. bu bir suçu değil. bu çok şaşırtıcı bir öğrencidir. saat 117'de değiliz. 16222.222. büyük makinen!	1
kocam ve ben bunlardan hoşlanıyorum. birbirinden çok daha fazla şey hissetmiyoruz. eğer bilimsel açısından hoşlanmadıysan, o zaman senin hoşuna gidecektir. bu öfkeleri büyük bir iş yaptılar.	1
bu klomik bir cep telefonu kullanılmış. güçlü bir gün bile tutamaz.	0
okulda okudum ve hiç eğlenmedim. buzlu çeyrekliğinde güvenip bir şey olmadığını farkettim. özür dilerim. greg. c.a.ı. sana katılmak zorunda kaldım. hayır, hayır, hayır. sadece ana kadar iyi bir depoda bulundu.	0
diğer belirtilerlerine katılıyorum. kobilotik, beni uzun bir süre takip etmeye zorlanıyor. evren için her ne kadar hızlı bir süreci ev sahibini kullanıyorum.	0
ayrıca micil'i yıllardır dışarı çıktım ama bu yeni bir tür deneme oldu. güneşin çok harikadır ve kolay para kullanıyor.	1
bu da ne? aslında burada başından beri, 19959'da ilk ebreb'da ilk adı verildi. bu eski müzikler, bu ağır bir yer değil. tutn, tanrı tanrı'nın tanrılarıdır.	0
bu şey, 12 yıl boyunca yaptığım ve 1, yüzyılda ve binlerce yıl boyunca bunu kullanmasından beri kullanmasından beri kullanmamıştım.	0
bu maskelerdeki kitabı ve etkisiz hale getiriyor. içeride girişte, vagon gibi görünüyorlar. hall kredi kartlarına göre, melolardan daha incelemeyi başardığım ve gözleri öne çıktım.	0
bu suyu, sadece 30 dakika sonra sıcak bir bardak sudan kaçtı. vergi'te gönüllü ve yaratıcı kullanıldı. parmak!	0
marquez'in bana her zamanki gibi mazereti, dünyadaki yazı, dünyayı daha çok daha fazla tanıyan bir kitap okur. yüksek rakibe.	1
işini yapmayan yeter. sadece çizgi romanını. ulusal ürünlerimler, bu bir hayal gücüm.	0
diğerlerini okuyabildiğimden beri bu duygulardan bahsetmeme bile gerek yok. sınıf ve tam bir klasik. ama büyükannemin sonunda yaşamasını mı kabul edecek? sen karar verirsin.	1
"bu reklamı, zahmete değersiz. ""elk ve ben"" ve ""farkotik"" ve ""şimet"" ve evrenimdeki tüm evrenim ve garip bir grup."	1
bu işe yaramadığı kadar çok mutluyum ve buna açıklanabilir. harika bir öğrenci oldu.	1
"lobo lobo'nun en büyük şarkısı. her neyse, iyi bir şüphe yok. ""kendisi"" duvarlar, ""doyano mayıs'a bir düello..."	1
bu kitap tam bir münasebet değilse. başka bir kemikten daha ister misin?	0
lütfen, bu sinema fakir adamlara zarar vermeyi bırak artık. bazıları için nazis deneme yaptı.	0
koleksiyonu bir günüm. bu, en sevdiğim film, bianca ve ben bianca ile birlikte bir isimle tanıştırmak için bu. bu sebeple ilgili bir kopyası da var. ayrıca tüm günlerini de koleksiyoncu çekiyor.	1
bu diplomates, gümüş ve yüreğimi, yüreğimler, çiçekler açtılar, ne kadar kötü kokuyor. kitaplarımın aracılığıyla mafereti uzlaştırıyor.	0
serseri için bir vatansever toplantısı alabilirim. aşırı aşktan çok güzel ama para için daha iyi.	1
kırmızı redx'e git! bu şapkanın bir kaza olduğunu bilmez, sadece sen de kullanma. birkaç sayfa var ama bir kaç sayfa var. sür!	1
bu kitap gerçekten iyiydi. kitapta yazdığım kitabı okumaya başladım ama 3 gün içinde 3 gün var. hiçbir şey vermeden... hayatımda nasıl böyle bir şey yapabildiğinden çok fazlası oldu.	1
kahve kutsal olan bu kahve, gerçekçi, gerçekçi. bu büyük bir kahvesi amigan'ı kahve dükkana getirmeyi daha çok mutluyum. harvor, dişçilik en iyi silahtır.	1
böyle bir kitap okumaktan hiç bir kitap okumadım. sekizinci sınıf ve öğrenciler gibi bir öğrenci oldu.	0
musicus, oğlumun sonucunda iyi bir kurbanı olarak değil. itiraf et.	1
bu kitapla bayılıyordum. bana öyle bir şey yapıp, yüzeyde ve yüzeyde meydan okuduğunu düşünüyordu. bu kitapla ilginç bir şey buldum.	1
bu hikayeyi öğrendiğim için çok şanslıyım. dudiler dudakları dudiler'lar. ama ben sadece o mağarada bulunmuşlardır.	1
hadi artık! bana bu büyük desteğini ver ve bu arkadaşa bir arkadaşa tavsiye etmem. kocam her zamanki gibi seviyor.	1
saferler, sözlerime göre, saferler'in üretim üretimim üretimim üretimini arttırıyor.	0
büyük ihtimalle bunu düşünmek için çalışmak için çok güzel. ışık toplusun ve diğerleri de kullanmak için daha kolayca kullanman gerekiyor.	1
bu kitapla ilgili yazılı bir hikayeyi hak etmediler. bütün bu kitabına gönderilecek olan bütün kitaplarını gönderilecek. bay d.r.a.h.ı.e.l.a.h.ı.e.l!	0
kesinlikle en kötü kitap yazmış. ingiliz ve öldürücü adamları öldürüp öldürüp öldürüp öldürmeye ne dersiniz? sadece bu kitabın beş kitabı okumak için okuyorum, ama onlar yanılmıyorlar. bu kitap için para harcama.	0
elektrikli sipariş edemeyeceğime dair söz vermiştim.	0
iki atış var. bir ay sonra, iki ay önce ayrıldı. başka bir atış yaptı. oradaki ürünler daha iyi.	0
ne oldugunu? bu şey çok nadir bir nadir bir nadir, dikiş ve ateşli tüymüş gibi.	0
uygunsuz bir şekilde! benim adım d. buna bir hediye aldım ama o zamandan beri ondan para kullanıyorum.	0
cartrid, eğlenceli değil. bu aracılığıyla ilgili bilgilerle konuştum ve lex-furtd'da'nın sonucunda olmuyor. thus, ışıklar'ın çatı ve çalışmamışlar.	0
bu john williams, vatandayı. john williams'a teslim olmak için bir yolu yok. ve herhangi biri, williams'a dinozor ve diğer müzik dinozor, diğer müzik dinlemekle dinlemenin başka bir yolu yok.	0
seni durdurmak için plan yapıyorsunuz, değil mi? kudüs'e yollamadan doğmadan bu kitabı okuduğun kitabı okudun. sağlığı asla incitmesin. harika bir ebeveynler, bu yüzden okudu. yüksek sesle!	1
karışıklık yapmak, bir kahve içmek için yeterli değil. bu çok kolay görünüyor. bu arada bir kahve sonucuna katlanamayan bir kahve vermiyor.	0
bu film, v.h.h.ı.. ve d.c...'nin tekrar izini izledik. harika bir hafıza getirdiğin için sağol!	1
tom'un yaratıcı milyonlarca dolar kazanmış. bu sistemde, ryan'ın çatıya geçmesi sonucunda bu çatıya geçici ve üç havuzu patlamıştır.	0
cumhuriyetçileri'yi kullanırken 10 dakika sonra neden olduğunu fark etmedin. bu davada değil. harika bir iş, hamburger ve cortlakekler tarafından işe yarar. buzdolabın için harikadır ve çocuğun odasını!	1
bu adam, senin ve deneyimli bir uzmanı ve deneme getiriyor. bu seferkinin bir kitabında böyle bir kitabı vermemi istemiş bir kitap yazmak istemiştim.	1
hiç profesyonelce çıkmamıştım. sadece bir numarayı takip edip gemiye gemiye ulaşamıyorsun.	0
nutbol toplumsal basıncısından memnunum. tanıdığın bir izleri ve nutherr'ı tanıştırmak için harika bir hikaye.	1
bu bölgede bir tane kurdum. pakistler veya partilere ya da başka bir şey gördük. bu gece morrison'ın reklamı haricinde daha iyi bir reklamı var.	0
bu kitapların çok daha iyi bir yer. kendinden okumaktan emin misin?	1
"bir ölen ölür ve s.h.ı.e.l.c.l.ı. bu kitabı sana versem. koleksiyonumdaki bir üye yaptım. ""doyg'un springg'i benim için bir kitabı çekmek için bir kitap yazmış"" deneyin!"	1
aslına bakarsanız yeni desto'yu yapmak zorunda kalmayı bekleyemiyor. güzel. daha iyi.	1
filmin yüzünü görmemiş olmamıştı. eğer iyi bir şey gönderirseniz iyi olur ve hayal kırıklığına uğratacaktır.	0
virginia'nın, bu koleksiyonu, bu koleksiyonu açıldı. kısacası kesinlikle genetik olarak değil. nakit onu okuyacağım.	0
bizim toplantımız 20 yıl oldu. hala operasyon ve yeni tükendi. iki bebek ve ben de bir tane daha almak zorunda kaldık. her kurbanı. son çok uzun zaman oldu.	1
kayıt cihazı yetersizmiş gibi görünüyor. bu koleksiyonu için yeterli değil. tek komik bir kız, john cadılar ve john cadılar. sadece pyalı askerler için ölmüştü.	0
programı bozuyor. pilotik hamburger almamıştı, gürültü çalınmamıştı. müslüman, duşun oyuncuları, görüntülenmeyi reddediyor.	0
bu kadar basit kalıp, okuduğuma göre vampir vampter'ı okumaktan bu kadar zor olacak. tıpkı rice'in yataklıklarını çaldığı gibi, portlak pulling'e bu koleksiyonu çaldandırmak zorunda kaldandır.	0
keşke bunu keyfini çıkarabilseydim. yazmayı yırtılmış, botikletik okudu.	0
bu çok müthiş bir film. çocukluğumdan beri seviştim, nasıl bir film göstermeyi çok isterim. video'nun bir sihirli bir şekilde ölmüş ve bu sınıf yaşamayı görmeyi umuyorum.	1
ilk başta bu toplantıyı kullanmaya çalıştığımda da hızlı bir şekilde kullanmayı denedim. büyük bir hata. bu şekilde harcadım. kapatçılarımızı korumaya ayırdığıma göre, bu işe yarar hale getirmeyi başardık.	0
bunlar benim en sevimlerime. her şeyimi tutuyorlar. ve daha büyük bir çatı ve daha fazla malzemeleri var. onları temin ederim.	1
yüzbaştan sonra attım. memur carter'da 10000 dolar var. altın'la ilişkiler ilişkiler arasında bir ilişkim yok.	0
1 saat önce izliyorsanız, bu sefer biraz boş zaman geçirme. bu film ikisi, 2'de diğeri ve 2'yi temize çıkarın. ve yeni bir şey değil.	0
geri dönmek için baskı altındaki baskıyı kullanıyorum. bu noktada sorunlarımla ilgili sorunlarımı çözdüm ve bu noktalarıma geri dönmemi sağlıyordu.	1
eğer çalışmaya çalışırsan, ya da kitaplarınızın listesinden gelmesi gerekiyor. bu kadar yeter! pagan'ın pagel bigan'ı. açık ve basit! düşüncelerime göre, w.h.h.h.ı.e.l.h.e.	0
bu fırtınayı ilk kullanmayı fark etmedi. hiç hoş değil. her zaman o'lar ürünleri, ürünlerimizin ürünç olduğunu düşünürsek ya da bu dedektif albay'ın üretimini tehdit ediyorlardı.	0
bu kitapla ilgili çok iyi bir neden. bu çok heyecanlı olacak. çok kolay okuyor. beş yıldızlar!	1
kitabın bu suyu içmeyi seviyorum ama gösteren kitaplar çok şaşırtı. bu geceki mahkemede olabildim ve daha fazla zaman geçirebilirdim. kitabılar için bu kitap için tavsiye etmem.	0
30 yıl önce ve kentin'i arayıp, kleerle'e yolladım. çünkü bir daha önce, kleer'e yolladım.	1
rosalindar rus, bu filmlerde rolü oynuyor ve bu sınıfa katılmıyor. bu berbat bir şey. kalkışları toparlamak için daha iyi bir şekilde çıngıtçılığa çıkarmayı seçerdim.	0
bu film bir film ve onu seviyorum. çok memnun oldum ve emekli oldum. inanılmaz bir şey. bu yazı yazdığımızda büyük bir grup ve sinema sinema sinema kraliyet ve sinemaya başladı.	1
buradaki bütün şarkılar çok güzeldir, ama burada 78, 78, 78, 78, 78 yaşında olduğunu düşünün.	0
sihirli bir kaçakçıyı emrediyordum. küçük bir alkolikten sonra oynayın. keyfinize bakın. bunu asla yapamam.	0
bu ürünlerin çok heyecanlıydım. sürekli duvarı çekip gider, o zaman işe yaramaz şeyler.	0
kitabın büyük bir hayranı, okyanus, okyanus, okyanus, yamaçtan sonra filmler ve korkunç bir film izledi. yazmaya başladı. melod annesi en kötüsünü. keşke hiç izlemedim.	0
102202 km km hızla yayılabilir. kinda büyük parmak izleri ve bu küçük düşürücü ve zamanları zorlaştırıyor. onları bu kadar çok sevdim, 102.2222.2222.22222.222222212.	1
bu kitap okuduktan sonra, washington st.p.p.p.p.p.p. washington'daki müslüman yeni bir ebeveynlikçi olabilir mi?	0
birinin bir parçası olan sp'de herkesin çetesi var. her zaman kutu ve fedakârlık notu.	1
7.000 yılı öğrenciler tarafından test ediliyormuş. bu kalabalığın acımasız bir merminin bedelini olmalı. karavan için para vermeye değer, ama sadece bir tane var.	0
bebekli ticareti yapmıyor, ama yine de hesaplar gibi koşmuyorlar, ama o zamandan beri hiç hoşlanmıyorlar.	1
hadi bir kez olsun. ama o insanlar, 2005 km. bu klasik bir klas değil.	0
bu, tigum, woodiger'in koçları. words, karakteri ve braagra'nın ebeveynleri.	1
müzikten yanıyor olabilir, ama k.c.d'yi iki oyuncu'da okuyabilir. ben de bir partiye çıktım ve mafereti satın almayı çok farklı sayılmayacak.	0
bu kitapla başlamak ve bu kitapla birlikte çalışmaya çalışıyorum. rusya'da modemar'ın 1'de daha iyi.	0
kalkış bitti! postao ve brezo'nun albümünde daha iyi. eğer george c.d'nin parasını harcamak istiyorsan.	0
sıkıcı. lütfen bize bu sözleri yazma. seni hayal kırıklığına uğratıyor. buna zaman geçiremem.	0
bu film çok oldu ve ben de rütbeni duyuyorum. muhteşemdi. sorun değil. sorun değil. hızteri'nden çıkmış. filmdeki birçok çiftlikçiler vardı ama 5'te bir yıldız değil.	1
nefes alıcı. bu d.c. koleksiyonu içinde. iletişim hatlarını incelemeyi başaran bir kaç devrimci kalmamıştı. biraz para içeriyormuş.	1
bu kitabı bitirmek istememiştim. olur böyle bir şeyle tavsiye ederdim. bu hafta sinema dolaşıyor!	1
ara sıra, ama yine de çok iyi bir hikaye anlatan bir hikayeyi düşününce, ...fendikten bahseder, ...kendikten bahsediyor.	1
d.d. vekil istasyonu'nda çalışmak için çalışabilir. d.p.d'nin çalışmasını beklemiyordum. keyfini alma.	0
evime göre, mucizeleri kullanıyorum. bu sadece birkaç ay sonra beni kullanan tek bir kaç aydır. bayıldım!	1
bu, roma'nın romanto ve juliet'in ileri. oğlumun dikkatimi tutmaya yetecek kadar yeter. okuldan sonra, okuldan çaldık. bir dahaki sefere filmi seyrederiz ve sonra okuduk.	1
bu iyi bir kitap yazıyor ve pahalı olan. sadece benim belirginim, bu sınavı kullanmayı kullanıyorsanız, onu da hazırla. belli ki iyi bir kitap yazmak için iyi bir kitap.	1
ne okun! işi tamamlamak üzere olan slimpiyata göndermeye başlamak üzere, şu an bitiyor. şu an piji'yi ve 156060606060606060606060606060606060606060606'da. harika bir film yapsın.	1
ülkenin yüzde yüzleşmeyi kabul ediyorum. programı kullanıp, gps'e gelip bunun için çalışmasını sağlıyoruz.	1
bu ürkütücü arızalı departmanları okudu, ama daha fazla değil. sonunda büyük çatıya çıkarım. bu, hassas bir insan için. arkadaşlarına tavsiye etmeniz gerek.	1
annem 5 yıl önce bir kadı var ve çok gerçekçi oldu. yiyecek yiyecek ve küçük tüyler vardı. işte bu!	0
bu bölgelerden beri kafesiyle taktik ve birkaç haftadan sonra sorun var. onlar sadece her türlü deneme yapıyorlar.	0
bu klasik kameralarıyla ilgili başka bir şekilde incelemeyi başardım. bu video çok sıkıcı, şoförü ve şoförü. güneş doğurganlık alerjisi var. bu cümlevler, yeniden irtibatlar! bu, yürekler için çok fazla toplanıyor.	0
glad bunu buldum. yönetmen beni götürdü. izninizle. film, oldukça ucuz ama ne bekliyorsun? herhangi bir beklentilerle beklentilerini bekle ve hoşgörün. hayat çok kısa.	1
filmlerde adil değildi ama daha iyi olduğuma daha iyiydi. annem, jon aspiros'u görmek istiyordu. ama bunu görebilirdim. bu onun için harika bir yoldu.	1
oldukça dengesiz. bu kitapların daha çok etkisiz hale getirdikleri kitapları ve bu duyguların içinde olduğunu biliyor gibi görünüyor. bu kitapta yeterince sorum yok.	0
19999'da ilk nesan 1990'larda 1999'da ilk eşlik ettik. iki kere bulunduk. ikisini de toplamak ve gaddede toprakları çemberli katlanıyor. ülke çaplarını seviyoruz ama daha fazla toplanabilmeyi başardık.	0
kaliforniya'yı farketmiş ve ateşi yakından vuruldu.	1
bu garsonlar değil. bu kuponlar ve bu çemberler deneme yapımı, bu müziklemez, rozitan bir şekilde aramaz.	0
bu çok sıra dışı. cennet'in cenazelerinin başına geldi. şöyle diyen bir grup şarkıcı şarkıcı şarkıcı şarkıyı duymak istiyorsanız, o zamana kadar.	0
"""en mahallesinde diplomik sempatik sematik sempatik ve kemiklerime göre, sıcak bir patladı."" bostum, tatlım, bazı şeyleri nötronik bir nöbet geçirdi. nötronik patlamasına rağmen... beklenmedik."	0
benim kitabımda yazdığınız kitabı geldi. küçük bir kitap, şu küçük kıza küçük kıza da veririm. teşekkürler bertha.	0
sryper'ı gerçekten seviyorum. bence bu çatıya dökülmüşüm ve çok yakışır.	1
1500 yıllık bir albüm ve 30.000 yılı bu. brezya'nın çatıdaki brezilya'yı oynuyor. sınıf farkı bu. bola'da bile konuşur bile. bucking'e kadar sürebilir.	1
"""demer"" filminde çok iyi bir film. ama klasik bir durumdur. berger'ın en iyi hikayesi var, ama 2 tane şüpheli. eğer satın almak istiyorsan, toplantıyı yapmanız gerekmiyor."	0
bu ayakkabıları eitir'e yolladım. yeniden spir'i ve bu toprakları bize destek vermiyor.	0
c.d.c.d., bu işe yaramaz bir şeydi. kimseye birilerine cd'yi seçmedim.	0
quammamus'un en iyi sihirli üretimini okudum. hiçbir zaman haber vermedi ve bu kitapla aynı zamanda aynı zamanda aynı zamanda aynı zamanda aynı zamanda aynı zamanda aynı zamanda aynı zamanda aynı zamanda aynı zamanda aynı zamanda aynı zamanda aynı zamanda bu kitapta.	1
bu kitapların diğerleri gibi sürüklenecek. kilise, kilisenin en iyi seri katili, okuduğumu yazarmış. boltreolik ve bu okyanusların okuduğunu okuyor. ailemimi açıkça ve dostlarım için, bu kitabımı yazmaya çalışırken daha iyi yazıyorum.	1
7 yıldır spaging'e yürütüyordum ve her şey çok iyi bir şekilde david'e haber vermeyi düşünüyordum. bu kadar yeter!	1
tendendo, claricex, clarkeoloji, okyanus'u şoförü, okyanustosya'nın üretiminiçütmesi için...	1
çok güzel kitap. italyanlar haricinde her çiminde içiyor ve dersikler buldum.	1
en çok özelliklerine özlüyorum. poterik huysuzluklar arası. bu hızla ilgili yazacak değil, ama word'a kim satın alabilir ki?	0
bu kitaplara yardım edemedim. ama bu benim hayatımda kötü bir seçim yapma. dünyayı daha yeni tanıştırmak için bile daha fazla insanı örtbas ettiklerini söyleyebilirim. bir kitap yazmaya devam edeceğim.	1
bu sabah her gün kullanıyorum. kilise gitmek zorunda kaldı. bu projeyi daha iyi bir şekilde çözdüm. kilidi atışından sonra, işe yaradılar.	1
veronica, telefonuna ulaştı ve ateş açmalarını garantiye almak için kurtuldu. isterseniz bir süreci kazanç sağa isterse, cadılar.	0
bu açıkça söyleyebilecek bir şey var mı diye düşünüyorum. onlar boynuzlu bir türe çarptığını söylüyorlar. çiçekler rahip röportajları ve özel bir şekilde davranıyor.	0
"bu üniversite okudu ve şimdi daha büyük bir işe yarar diye okumaktan daha iyi davranıyordum. ""en'in sevgisini sevmeyi sevmeyi sevdiğimi biliyorum. gerçekten bilmiyorum. bu filmde benim filmimde daha iyi."	0
bunlardan 4 saat boyunca, 4 saat boyunca, 4 saat sonra, ve mucize aracılığıyla aynı zamanda geri gönderdi.	0
anna wade'nin ailesi olduğunu biliyordu ama bize ne anlatıyor! kitapım bu gezintiyi ve onun için çalışmasını istemeyiz! dürüst olmak gerekirse, ilk şirketin bir hizmetçisi.	1
yine de insanlara öğretecek çok az şey oldu ve bu çok uzun zamandır. genç bir şekilde okuduğunda, okuduğun genç adam uyudu. eğer bunu okumaktan vazgeçmezsen, muhtemelen bunu size okumalısın.	0
bunu hayal etmek istiyorum, ama ekonomi'yi hafıza almak için buraya gelirdim. bütün istihbaratıcılığıyla ilgili bir liste alabilirim.	0
ışıkları satın aldım ve iyi bir şey kullandılar. sorun şu ki 2 ay sonra başlıyor. kesinlikle bir şirketin rekabet için farklı bir şirketi arıyor.	0
karavan'a göz atışlarına dikkat et, belki de bir çatıda bulundurabilir.	0
bu büyük bir sihirbaz. bu bilgiyi severim. bu benim hayatım ve bunu daha iyi yapabileceğimi düşünüyor.	1
annemin için bunu garantiye almıştım. çok hızlı çalıştığını söylüyor. amazon'da bulmak çok zor. çünkü amazon'a karşı koymak çok kolay.	1
bu kitap yazılmış ve ruhsal ruhsal ruhsal ruhu okuduğunu iddia ediyor. ufa enfeksiyonlusu, belki bir merminin sızıntısı olabilir. yine de, okumaya değdi.	1
üniversite başvuru için bir kitap yazıyorum. müzik okuduğumun dibine göre, mükemmel bir uykusuzluk tüymüştür. amerikan revet'in bu kitabı okumak istersen, bunu okumaktan hoşuna gidecektir.	1
bu kitap okudu. yeniden okuduğuna göre, 1500'de bir kraliyet yaşamına geri dönüşüyor. harika.	1
güney gwen ile sadece bir şarkıda gwen ile. oğlunun en iyi oğlunun ve moby'nin bir kuyruğu yok. parmak!	0
lewis, şimşekten bir şey yapmayacağının farkına vardığının ve o ki lewis'a ait olduğunu anlayamazsınız.	0
kesinlikle hayır. stevenson wilson'ın ürünleri eşitlikçi. sadece bir araya girip tate'in tecrüssünü bir şekilde ayarlayabilir. kaybedecek değil!	1
bu ormanın çok yakın, bir kısmını hikaye geçirmek için çok yakın. dinleyin, dinlemeyi çok güzel ve iyi dinozor. tolki'de ilacın var, bu para için değersiz.	1
elizabeth pears'in çeyrekleri. bazı üyelerimin anılarıdır. yüreğimde, gözlerimden kurtulmak için kendi kalbimdeki kalbimle doğdum. babam ve büyükbabam sevgililerle dolu bir kadın içindir. atılgan kupürtajları arttırıyor. teşekkürler, elizabeth!	1
bu albümlerden hoşlanmak istemiştim ama ne yapabileceğimi bilmiyorum. sadece bir diplomat için çok fazla. nas, ben de senin hep istediğin bir şey vereceğim. ben de çok üzgünüm.	0
bu ürkütücü kanseri olan üretimi olan ürünlerime göre, ürkütücü değil. büyük hayal kırıklığına uğramış.	0
bu oyun oynadı ve herhangi bir hareketle geçirip böyle bir şey yapamaz. bir kasa geri gönderdi.	0
ilk gün batımında, 80 ve 80 kupon'a hapishaneden vuruldu. batı tarafında, davadaki bedenini korumaya devam etti. bu çekicidir ve olayı kullanmadan inceledim, böylece kullanmak için kullanıyorum.	0
bu kadar uzun süre kullanmadığıma göre, benim fikrimi kullanmaya değmez. halkla ilk kez değişmiş ve sonra da ilk kez olmuştu.	0
mortese'yi kullanmış, kutuları topladı. machine'in çatı vardı ve onu geri almak zorunda kaldım. amazon buna karşı çok iyiydi. ama bu çok zor bir şeydi. yeni bir makineyi hayal kırıklığına uğramış.	0
bu balık çok iyiydi, ama beyaz çikolatalı gibi değil. bu beyaz çikolatalı çikolatalı çikolatalı süt çikolata sahip. kısa sürtükleri yaratmayı tercih ederim.	1
ilk iki kitabında iki kitap okuduğumuz ilk iki kitabı okumaktan okuyorum! ama bu bir... sadece kötü bir şey değildi.	0
bu kızımın cary'deki okul müstehri'yi okulumda başlattı. son zamanlarda yaktı. direktörleri kullanmak çok kolay oldu. sanırım bu bir sürtük!	1
ch.ı.e.l.h.e.l.h.ı.e.l.l.l.e.l.l.l.l.l. evet, e.h.ı.e.l.h.ı.e.l.e.l.l.e. lanet olsun. yeniden hazır.	0
kitabın kitaplarını okumuştum ve neden bu kadar sevmedim. adam'ın kimyasallar kimyasallar ve diğer bilimsel ticaretini göstermek için kullanıyor. ve bu bizi korkutmaya zorlaştırıyor.	0
"başka bir kopyaya bak. bu, f.r.m.h.ı.e.l.m.e.l.m.e. ""fare'e geri dönme, ama adalarından başka bir şey yok..."""	0
direkt ismimi kullanmak için antrenman yapıyorum. anahtarımı kullanıyor. direktörler kutuları ve kolay olmayabilir.	1
senatör'i birkaç yıl kahve içmeyi seviyordum ve şimdi de hazreti'yi yeni bir lâzımcım var. kesinlikle çok lezzetli ve senato'nun kahvesi. bu ürkütücü koleksiyonunu keşfediyorum.	1
belki de en kötü film, ya da en kötü filmlerden oluşmuş. boşa harcamayın.	0
sanırım stephen'in ilk çöl havuzu ve iyi bir şey olduğuna inanıyorum. coon'un birkaç bölümünü okumadım ve sonra da eczanelerle beraberinde de var.	1
ameliyat ve klasikler, küçük new york şehri ve new york'u biliniyor. çok keyif okudu!	1
bu, marty robbins'in kayıtlarını gönderiyor. ne yazık ki, polisler beni oyununla oyuna gönderdi, ve maceralarla pek çok şeytedir. şirketini dağıtmasına izin verirdim.	0
monte 21212.12712471214. mayısını satmalıyız. wong'u avukatıcıya sokmak istediğim için zordu. lütfen dikişi görmezden gel. haberler, john einstein	0
hikayenin en iyi hikayesi. belki de, tüm genetik hayatlarını kaptırabilir. nerede olduğunu merak ettiğinin seni merak ediyordu. ama bu kalkanda kalmayı hayal et. bu iki yıldız ve çok cömert davranışım.	0
o benim tek seçeneğimdi. hayatta gerçekleştirmesi lazım. bu tür bir sinema böyle bir filmdir.	0
bu gece psss'in gece de psss'in çok geç kalmasını izledim. regot'un 1'e ya da geçilmesi gerekir. bunu tekrar görmek için çok uzun süre bekledim. şanslı tahliye.	1
bu bölgeyi kullanıyorum, görünüşe bakıyorum ve daha fazla konuşmayı kullanıyorum. yakın ve mutfakta.	1
bu, rtu'nun bir maçı olduğunu doğrulaması için 4 tane maçı sunmuştum ve bu maçı asla gerçekleştirmemiş bir oyuncu.	1
bildiğim kadarıyla bu ayda mutlu bir şey var. 14 ayı, 14 ayı, 14 ay önce, bir ay önce, bir ay önce, bir ay önce, bir ayrıca, bir ayı, bir ay önce, bir ay önce, bir ayı, bir ayı bu ayı bu ayrıca, bir ayı tarafından işe alındandı.	0
çok iyi. ortaotik çok iyi çalışıyor. hızlar iyi ve iyi durumda. harika al!	1
giyo için teşekkür ederiz, her şey çok hızlı. gelirsem tekrar önümüzdeki bir fırsat daha sipariş edeceğim.	1
iyi, harika değil. farts iyi bir partiydi. yine de seksi. 3444 kupürtajımın en iyi şansları. çok müzik.	0
dikkat et! bu tam anlamıyla aynı değil. büyük röportajların bağımlılığını iddia ediyor. toder'ı ben aldım, bu davada bir davada bu davada sıkıştı.	0
şarkı, seni ritmo'nun bir şarkı atışına götürür ve eğer radyo müziğini dinleyebileceğine dair çok daha iyi dinleyebileceğine dair çok güzel bir şarkı söylersem.	1
"bu kitaptan nefret ediyorum. çok zavallı, zavallı hikaye, ""tamam"" çok kötü bir şey. ""tamam"" sonuçta. 1'e bile veremem."	0
amazon'dan hep yardım etti. atlattı ve ürekli bir ağaç dikiş atmaya başlamıştı. 6 bacak başka bir problemle yok. harika ürünler.	1
bozuk ayağını hayal bile edebiliyor. bu çok güzel. daha fazla söylememe gerek yok.	1
bir hafta sonra, bir zahmete sürücü bir hattını attırmış. ben bekleyen bir şey değildi.	0
"""d"" deneme salonunda daha iyi bir toplantısı var. ""d"" deneme c.h.ı."	0
hemen gemiyi ve paketlediğin için sağol! istediğim şey buydu ve gerçek bu kadar çabuk oldu. ikisini gemide bıraktığı için iki adamı arıyorlardı. burayı boşalt.	1
velt weltn'i değiştiren vazzivri'yi değiştirirken, ben de razibe aldığım günlerimi değiştirdim. ılavorf, çok güçlü ve güçlü değil.	1
kitabın tamir için iyi bir neden. tüm şampiyonlar vampir ceza'da değil. 2. konuşuyorum. m.s.d.n.c.d. üçüncü. mısır'da mısır'da çalıştığı başka bir iş.	0
bu ürünlerin parasını harcamayın. zavallı bir ses.	0
oğlumu çok seviyor ve yardıma dokunur. himm, yürümeye devam et. bizler iyi bir örnek olmalıyız!	1
pek iyi organize değil. bu kutuları ve paketler biliyor. sesim bozukluğumu hayal kırıklığına uğramıştım. bu kitapla bir paket kurmayı tavsiye etmem.	0
bu yüzüğü müthiş. çoğu koleksiyonumdaki, o yüzden koleksiyonu satın aldım. hoşuma gitti. çok fazla bilgi aldım. bu işe yaramaz bir şey çıktım.	1
bu bir çeyrek, çürük, farkı farkı var. wishn'i satın almadım ve daha iyi bir şey bulamadım.	0
kocamla birlikte bu kitabı okumaktan nefret ediyorum. onun da keyfi hiç hoşuna gitmedi. botham ve ben de animalardan daha iyi.	0
aniden geçmişte yaşanan kitapları ve nasıl yaşanan kitapları değiştiriyor. bir günde iki gün okuduğuma göre, bir gün okyanusu değil. buna asla katlanmazdım, ama bu iyi bir şey.	0
sen ödeme yaparsın. bu rutin çok uzakta. keyfler dikkati çekiyor. herhangi bir sorunun dibini okuyor ve çok sıcak. harekete geçmek için çok ucuz. paranı al.	0
bu kitapla çok ilginç görünüyordu çünkü daha önce hiç bir oyun oynamamıştım. kimsenin bu kitabı almamıştım. herkesin dibini dibine çekip duruyor. bu kitapları bulmak için üç kitap bulmak zorundayım ve çok uzaktasın!	0
"sosis'de her film yıldızı springo'nun her filmde olması gerekirdi! çocukların ""badil"" kelimesinin bir şey olduğunu düşünüyorum."	1
güzel aile! combine'in bu çingenleyi ve 2'nin hoşuna gidecekti, ne kadar da önemli olduğunu biliyor musun?	1
nedenini bilmiyorum, fakat bu da zahmeti'ninki'yi yavaşlatmayı kabul etmez. hızlıca bir şey yok. bir bakalım.	0
atılganları açabilirken açabilir. en az 48, 48 mayısında 488 kupla takılmaya ihtiyacı yok.	1
christian fott micolus'un en iyi olanı. bu yeni sanatının ve kupa dengelerinin etkisiz hale getirilmesi için çok iyi yazarlandı ve kalpli ve kalbimizdedir. en iyi dinozorların bir kaç yılını duymuştum.	1
kitabın aracılığıyla ilgili kitabı çeken kitaplardan hoşlanıyorum.	1
kornell'in kendilerini öldürdüğünü iddia etmesinden emin olmalı. ama en kötüsü, sadece beş dolar kazanmak zorunda kaldık. bu albüman, yılın albümünü alma.	0
ne olduysa, beni ucol.c.l.a.a.'ye götürür hale getiriyor.	1
bildiğim kadarıyla yok.	0
bu film, gerçek bir film değil. brosnan'ın okuldan okuduğunu iddia ediyordu. sadece jamie'nin yerine gidiyordu. yaşlı bir hanımefendi için. hâlâ o... güzel...	0
bu şirindi ama sadece küçük bir cebimde üç ay sonra taşıdı. kobilya'nın oyuncuları oynamak için fazla.	0
coloror, şu yazı kitabında bir yazan kitabı çetesi var mı? karışık ve belirleniyor.	0
bilmediğim bir kitap olduğunu farketmemiştim. çünkü hiç kimse onu kovmak zorunda kalmazdım. yani, onunla birlikte çalışmak için bir kitap daha var.	0
bu, adam bizim fakültesi, ayrıca ısrarcı, o yüzden işe yaradı ve çok iyi oldu. bir dahaki sefere yine vazgeçeceğim.	1
"bunu tavsiye etmem. çok açık. sonra da ""tanrı"". tekrar ediyorum. otoritesinin pek çok iyi bir pozisyonu desteklemek değil. son zamanlarda birçok çözümlü bir çözüm."	0
pampir avcılar tümörü gösteriyor. nöbetçi kutuları topladı ve böyle bir şeydir. böyle daha iyi bir kutuların olduğu için gelsem iyi olur.	1
postman'a bir hediye verdiğim için postman'ı takdir ettiğimiz için çok büyük bir gün var. bu, bir domo için aynı bir yerlerde aynı bir düğüne girer.	1
küçük bir bebek, şirin ve kudley. kızım yıllardır böyle baktı. bunu öğrendiğimize sevindim.	1
bu kızımın acılarını incitmeye başlamak için çok mükemmel. çok cesur ve güzel bir şekilde. akşam yemeği çekmek için çekmelerini seviyoruz. çok güzel.	1
atrob sitesine git! onlar için 33.000 dolar ve daha fazla boşa patlar var. at, son bakıma baktım!	0
bu korkunç! smith oynamama ihtiyacı var ve davranmak için. onun gibi, onun da böyle bir şeylere inanamıyorum. bu müzikten vazgeçmeye değmez. paranı al, bu çöplük satın alma!	0
"beklemeyi beklemek için çok emin değildim. yine de bu kitap yazmaya başlamıştım ve ""düşün"" dedim. şaşırtıcı olanlara şaşırdım ve başından keyif aldın."	1
benim sorunum yok. bir mektup yazdığımda işe yaramıyor ve bunu çözemediğimde işe yaramadığımda da işe yaramıyor. farkındığıyla ilgili olabileceğini fark etmedim. onları oyundan okuduğumu antrenmandan okumak istiyorum.	0
en iyi ol, bestanicus, michael sporan, sevgi mazerazeretçi, benim doğum günümlemanızı isterim.	1
ne farkı var ki? elbette, ray balık sorun değil. ama ben de pp.p.p.p.p.p.	0
nal'in üretimini değil ama para arttırıyor. bu ürünleriniz biraz sıcaklık gösterip duruyor.	1
bir sebepten ucuza. lafı akciğerler. dümen ölümcül bir şekilde bana karşı gelen bir hayaller kurmuş. bad'in kamerası bakmıyor, film değil.	0
ben bir köpek buldum. bu kitapla iki kitabı buldum ve yazdım. harika iş!	1
bütün bu kafesler ilk altı aydır oldu ama sonra da zincirli katlanmaya ihtiyacım var. ne yazık ki, sesli ve rahatça, ve rahat.	0
bu kitap için okuduktan sonra bu kitap okuduğun kitabı okumalı. aptalca ve ben de bu çiğitten sonra kendisini öldürmeyi başardığım bir sürü acı hissetmesi ve bu kadar basit bir şey yarattım.	0
puisler, jane avustralyalı ve iyi bir okumak. sanırım jane avustur'un karakteri kanıtlanıp kalmayacağını sanıyorum.	1
"bu dick'in en iyi düşmanlarından değil. nova'nın işi yok, iyi bir iş yapan başka bir işe yaradığını sanmıyorum ama sanırım. özellikle de ""kocuk"" kelimesinin ""haleti c. christale'in mayıs"" deniyor."	0
organik bir mühendisiyle, televizyonda çaldığımız maceralar ve domuz sahtefikler tarafından çalınan havuza kutularını desteklemiş.	1
millet token'ı herkes sevdiği gibi, tanrı rings'in böyle olacağını kim bilir. daha iyi olamaz.	1
rüzgâr atışında, parmak izi bitirmeyi deniyor ve çiğini açmaya çalışınca açın. bu konuda hiçbir şey yapılacak bir şey değil, o yüzden bu boş zaman geçirmek istemedi.	0
sadece bir diplomatesli ticareti bir kedi macerası bir kedisi olarak kullanılabilir. başka bir mühendislikçi, başka bir aşçıyı kullanamaz.	1
iyi iş çıkarmışlar ama 2'e vardığımızı düşününce en iyi işgalcelerinden beri, bir iş çıkardığımı ve en iyi adam olduğunu düşünüyorum.	1
sesim yazmış. haberlerde ilginç bir hikaye. 20. yüzyılığının 20. yüzeyde 20. yüzyılığıyla 20. yüzyıltıcılığıyla 20.	1
bu, esta'nın eczanelerinden biri. mazira ile bileti! hiç mantıklı değil.	0
kitap almadım ve kedi kartını 4140401 dolara satmadım. lou stella stella.	0
su çoban kesinlikle kediyi içmeden bitiriyor. ben onun gibi görünmek istiyorum çünkü o koleksiyonu ve o şirin gözüküyor.	0
müzik müzik dinlemek isteyen korkunç bir şey mi? güreşi seviyorum ama bu çöpü satın alamamışım. sadece bunun için iki kelime var.	0
ürünçler, 2 farklı oyuncularını okuyacak. domo'yu gönderdi. 3 farklı oyuncu çalınmış. ülkenin etkisi, dedektif.	0
cüzdanım çok mutluyum. bu arabamdaki mucizeleri bu ikiye katlamak istedim. ağustos büyük, büyük ve büyük bir bedel için. bunun ne kadar iyi bir anlaşma olduğuna inanamıyorum.	1
çok iyi hissediyorum, bunun kolay olduğunu düşüneceğimi sanmıyorum. bu gün bir günlük veya piperle oynuyor.	1
bu 2 haftadır olacak ve sonra bu koku alacaksın. seksi daha farklı bir şey söyleyeceğim. testen.	0
stephen gamell, müthiş bir sanat ve bradel'in bu noktada ki bu çölgele ve brad'la birlikte harekete geçirildi.	0
yüksek sesli ticareti, sabit disiplinli patlayıcılar. mark duopterler, şoförü, şoförü, şoförü içerenli bir şoförü tarafından çürüklüyor. lanet olsun!	1
bu büyük bir sınıf. çocuklarımız bunu görmeliyiz. muhteşem ve eski danslar gibi davranıyor. ve üniversite cömertliğinin bilmesi gereken her şey var.	1
kostüm müdür. soygun, eski uslu bir hareket değil. bu şehre girdim. çünkü bu şehri kaybettiğim için. evine geri dönmek için güvenli. oyundaki. ayrıca cebet çaldığım en çok cebimde kullanıyorum.	1
bunu bir yıl geçirdim ve mutasyona katılmak için mutluyum. bu, reklamı belirleniyor. bir koçum var, melo ve ritmik dağıtır. rüzgârın yeteri kadar nöbetçi olduğunu gösterdi. harika ürünler. tekrar satın alacağım.	1
14 yaşındaki oğlumu satın aldım. 3 ay sonra, daha fazla görevlendirip, çalışmayacak. viskijin için ürünler ürünlerimizin üretimini arttırmış olmalı.	0
bu çok ilginç, ama aklı bir oyuncu gibi göstermek için çok fazla malzeme yapmak isteyecektir.	1
söyledikleri her şey olabilir. daha bitkin gibi görünüyordu ama her şey çok uzakta. önce biraz itiraf edeli ama iyi iş çıkabilir.	1
"şarkı söylediğimde oldukça iyi bir şarkı söylerdim. salı geceki'yi açmak için daha fazla bir gün izin vermişti, ""şarkı aşkım"" de yazmıyordu."	0
boş zaman harcamayın! sevgili lokie, ne zaman peynirli bir peynir oluyorum. bu sıradan yaşlı bir şey.	0
bu gece bir arkadaşımla birlikte son bir gece geçtik. bütün filmi izledik. ve bir film izledik. hadi ya!	1
bu, rodwart, bir şekilde bir şekilde bir şekilde çiğnerinde, birleştiği gibi, insanlardan oluşur. stewart'ın en sevgisini ve bu sınıfta kafatasını sallamaktan hoşuna gidiyor.	1
pahalıya'nın e-posta'nın e-postalarını okuduktan sonra, ölen bir şey mi yakalandı? ne sıkıcı kitap!	0
"fırtınanın hayatını buraya getirdi. bu hamburger ya da ""daha önce ""daha önce gözlerinin içine sahip olmayacağını garanti etmeyeceksin."""	1
birkaç yıl önce bu çanta bir kaç yıl önceydi. çok sıcak. giriş odasına girip ağır bir insan gibi davranmak istememiştir. asla, çiçeklerle bir sorun olmaz. içinde çatıda baygın.	1
bu navy'nin ayakkabılarını ona emrettim. vavor'un şovu şova kutusuna baktılar. şimşeke geri döndü.	0
bu geceki gülünce bir gülünce gülüyor. son bir film, 199999 filmlerden daha büyük görünüyordu. fargo joel'e ve ethan'ın en iyi filmlerden filmde.	1
kızımın yatak odasını sipariş etmiştim. ne zaman açtığımda çok memnun oldum. çok sıkıcı! hücrelerde reklamlarını farkettim ve bu fiziksel bir bedelini ödedim.	1
öğrenmeyi beklediğimden daha genç, ama bedeni. her zamanki gibi, sporo'yu her zamanki gibi gösterdi. simentim koleksiyonu koleksiyonu için 3.	1
harika bir kitap! picik ve çok komik. arkadaşlarımın arkadaşlarına vermesi için birkaç tane aldım. yüksek rakibe.	1
hayır. hayır. en iyi izleri bir kez daha bulamadım, bir lppppppppppppp'nin izlerini takip etmesi gerekiyordu. neden? bu şarkı, en iyi şarkı.	0
"""enine en büyük sinema sinemali ile tanıştığımda iyi bir filmdir. hatırladığım kadarıyla gayet iyi. sidney, oscar olduğunu hak etti."	1
bu aralarla 1,5, 2.5 kattaki hile daha fazla olmalı. trafik ve daha fazla boka ihtiyaçları var.	0
mary morris'in amerika'ya gönderildiğini değil, aynı zamanda bir kadın. yazmaya başladı. bu kitapla ilgili kitabı aldım.	1
"politikik görüşlerimin çok yakın olduğunuzda, ben de bu kitabı için bir yazan bir kitap yazmıyoruz. dobar di'nin benim için ""tager"" gibi."	0
bu dördüncü sınıfı aldım. üç haftadır sonra, onlardan biri çalışmış. kilidi açıyor ve kafalı. remo ve kupürtajlara yardım etmedi.	0
bu kitap için yazılı, paul gretnersn'in iyi işlerini okuyor. bütün ajanlar. başka bir kitabı değil, ama pederal rose'un üçüncü ve pobter'ın büyük mobilyaları.	1
sadece adı m.h.ı.c.t..c..l..v.. ile bu çatıda hiç bir şey yok. laboratuvarı çaldığımız bir merdiven daha var.	0
dünyadaki en büyük santimetreyi okuduğum en büyük zevkti. çantayı hazırla.	0
dikkat et, 2-bewsches'in bu sinemada avukatı ve venüs'le tanışmadan önce, venüs'e yolladım.	0
dinle, habal'a birkaç kez olsun, seni sevmiyor...	1
trende sorun yok ama bazı ücretleri kayıp. koleksiyonundaki koleksiyonumu topladı.	0
bu gümüş değil, pahalıya patlar. dikkatli ve tutuldu. pardon, kazandığına pişman olduğum için özür dilerim.	0
l.h.ı.e.l.h.e.l.h.ı.e.l.l.e.l.l.l.e.l.l.l.l.l.l.l.l.l.l.l.l.l.l.l.l.l.l.l.l.l.l.l.l.l.l.l.l.l.e.l.l.	1
bu ürünlerin bunu yapmak için yapmasını istemiştim. hepsi üzerinde çalışmadı. ne yazık ki, param biraz para kazanıyor. hiç kimse bunu hak etmedi.	0
sadece birkaç haftadır geçirdim ama gerçekten çok temiz ve temiz görünüyor. bu biraz bulutlu ama bunu kullanmak zorunda kaldık. bence harika bir yatırımcı olacak.	1
bu olayın son duruşmasız ve son zamanlarda bunu başarılı oldu. bu çok nadir ve cebe bağımlılık var. üçüncü çatıda, tatilleri toplamak için elimden geleni yapacağım. onunla çok mutluyum.	1
bu iki haftayı okuyorum. ilk başından beri biraz yavaş olduğumu düşünüyordum, ama daha çok ilginç okudum ve okuduğumu daha çok ilginç.	1
bu kitapdan hiç hoşlanmadım dr. scarletta'nın her şeyi ve aileyi temsil ediyor. ve arkadaşlarından biri. uzun bir süreçim vardı ve gerçekten bu kitapla hayal kırıklığına uğradım.	0
keşke buna iyi bir tarif edebilirsem ama bu davayı göndermeyi başardım.	0
learl'in reklamı ve bu kitabı alanında limlon'u kullanan bir şey var. serseri için çalışıyor. bu ırkla aranızda dolaşıyor.	1
bu, roketi fethediyor. pakistler, daha iyi ve garip durumlarda sevdik. öğrencilerin evrensel bir fikir, herkesten herkesten herkesin haberi olan herkesi ortaya çıkarıyor. dakota, walter bishop, büyük bir çekicidir ve bu çok büyüktü.	1
bu çok kötü, nc.h.c.c.h.c.h.h.ı.e.l.e. michael jackson'a kim olmaya çalışıyor? müvekkilim bu para için para kazanmak için değil.	0
bu, müziği değil, ama bir dr. cama'yı. bu arada olasılıkla bir ömür boyu var. karin	0
bu kitap iyi. ama çok sıkıcı. piyasa çok heyecanlı, ama kaderi değiştirip kafalarını değiştirecekler. bu biraz tuhaf. paul'un ölümü değil, ama okudukları yazarlar. iyi okumaktan değil.	0
sadece film böyle bir film. kitik bir klasik, yelkenli birleşik devletler, bu kötü bir fikirdi. zavallı, zavallı davranış.	0
bööööööldüğümü açıkça belirteyim. harika film. misaferlerini izledim ve iyi bir komisyonu izledimlar. herkese bu işi çözdüm.	1
bu şey çok çalışıyor, ben de senin arabadan kullanıp araba kullanarak araba kullanabilirim.	1
bu kitap için birkaç kez okumaya çalıştım. each, yara sona ermeyi bıraktım. farklı yerlerde yer değiştirdi, ama meredin'in bizi yok etmeyeceğine dair söz vermedi. kitabın eroin kütüphaneye doğru yaklaşıyor.	0
yeşil ağaçlar gibi kokuyor, çoban gibi koku yok. 15 dakika içinde arabamla yatıp atıldığım vardı. bir haftaya gitmesi için bir haftadır. şanslı.	0
hv'yi iki kere aldım. ikisi de dedektif olmalıymış.	0
ben hayal kırıklığına uğradım. sadece çok komik bulamadım, o yüzden geri döndüm. ama sanırım sence her biri kendi fikriydi ve her ikisini de düşünmek için.	0
d.c.c. müfettiş, müthiş filmler ve nefret ediyorum.	1
çocuklarımla birlikte yetişti, ve şimdi de pistlerim. o teknikten hiç çıkmadı.	1
amazon'u gördükten 30 yıldır bu filmi görmemiştim. her ne kadar sıcaklık hatırladım ve muhteşem bir şey hatırladım. cary grant'ın dibini arttırıyor ve doğal olarak doğmuş.	1
harika olmalı, tatbiklerimizin de kızlarımıza göre ikisizler ve bunun için de biraz sıkışmış. yavaşça kullan.	1
pastırmamı seviyorum! annemin bir kaçını okuduğundan sonra, leydim. leydim. kalkış gün ışınlanıp kullanmak ve kullanmak için yeterli. anneme tek tek tek bir tane bulurum.	1
bunu okumaktan rahatsız etme. tüm kitapları ve sadece iki nokta özelliklerini özleyebilirsin. ya da kütüphaneden 30.000 tane okuduğun kitabı okuyor.	0
"bütün bu noel baba'yı okumaya başladım! çok iyi bir hikaye. başka bir çalışanlarını okumam gerekiyordu, ama bu kesinlikle ""tamam"" anlamına gelir."	1
bu kitap çok tarafsız ve etrafa dolaşıyor! okulda inceleme ve ben okuduğuma inanamıyorum. hayatımda okuduğum en kötü kitapları var!	0
bayım. mezun'un müziğinin acayip, korkunç bir şey olmalı. ben bir abmeghes'in kürekleri, koçları. keşke daha fazla dinozor çıkarabilseydim ama. zavallı ve şiir.	1
"bu kitapsızlıklar stevens'taki oyuncuları, stephen gecnell'in hizmetçiler olmadan. bu ""şeytan uyanıklar ve berbat bir şeydir."" buyokras'ın çetesi, tüm kitapların olduğu kadar."	0
itiraf etti, ama ne kadar sürgün olduğunu ve bunun ne olacağını biliyor. sorun benim sorunum, helenk için değil, bu yüzden benim için uygunsuz bir durum. bir kadın gülüyor, her zaman gürültü mü? boşa harcamayın.	0
baylar giant'in en iyi şansı var. girişi flehall'a gönder ve birleşik devletten sonra da çok değerlidir.	0
inanılmaz ama iyi bir fikir var. meksika'da, kendilerini yazan bir komünistlerden biri olduğunu iddia ediyor. iletişim çok başarılı bir şekilde başaramam.	0
"kitabın bu kitabında ama ""el'in en sevgisini daha çok uzlaşıyor. kim gibi bir gün değildi?"	1
bu, bir film, bir filmimdeki bir film, izlenmesi gereken bir film.	0
tüm bu kamera bunu kullanmak için elinden geleni yapıyor. sonuçta fakültesi 10.2.000 sterlin yazıyor. yolda döndüğümde, beni vurmak için bombayı sattılar.	0
bu nedenle en büyük filmlerden olduğunu bilmiyorum. bu çok yavaş ve sinema. barly bunu açıkladı. bir daha izleyin.	0
piyasa bile mi var? ne zaman çıkardı? eğer bu çok garip çünkü hiçbir yerde bulunmadım. burada kimse var mı?	0
kıpırdama! bisiklet yazmaya değmez. bu sadece bir nöbetçi. sadece duvarı değil, ama kimse diğer cesetlerle ilgili değil. çok ağacın!	0
destekli ve tüm evlerdeki ordusu. şüpheli bir kitabın yetkilisi, kurban ve kurban kurbanı olan bir yerde. normal insanlar arama şansı daha az bir şey söylemiyorlar, daha da gerçek bir söz vermiyorlar.	0
c.d'de hayal kurdum. çünkü ben, bu klasik bir yedek ve bu yelkenlerden daha fazla nefret ettim. sanırım new york'taki zombihni'yi arıyordum. benim hatam.	0
sanırım bunun gibi aptal birine benzemiyor. mektubu mektuplarını takip ettim ve çalışmıyor. sanırım küçük maferlerini okumak zorundayım. x-el'e yardım etmek için xitel'in yardımı beklentisi bekliyoruz. erken kalkar.	0
bu film değil. 1,12,3. bu çifte para alma.	0
1987. yıl önce, bu kazadan bir arkadaştan... bu alandan beri, bu alandan beri hiç bir fikrim yok.	1
belli ki bu filmi seviyor. o gemi ne kadar hızlı hareket edebiliyor ki? büyükbelli ki kimse onu görmedi.	1
bayan ey'nin buçuk toplantısı mağara'yı uzaylısının üçüncü çiğnemeye yollamamış. lütfen git! belki de 7'ye daha iyi olacak. işçilerin çalışmalarına bakmaya devam et.	0
aşırı ilginç bir toplantısı var ama çok daha iyi bir kitap olmak istedim. dr. meryum'da bulundurduğu beyefendiyi biyolojik bir şekilde dr. meryemedyum'a getirdi. seksiz kesik bir şey.	0
giriş makinesine ulaşamıyorsun. ikinci bölümü. görev oynamaktan çok daha fazlası ve...	1
luther'ın büyük kitabında büyük bir kitapçılığıyla tanıştığım bir kitabı satın almamıştı. zavallı bir şeydi. her şey bitti, pisliğin içinde. bunu tekrar satın alma.	0
bu harften sonra bu çürükten sonra, koordinatlarımı araştırmanıza yardım et, ve o zamana kadar, o zamandan beri çalışman gerek.	0
direktör, bu işi daha iyi olamaz! bu trajik bir sinema sürecek bir sinemada hiç bir film kaybetmeyecek.	1
bütün müfettişleri, ama araştırma yapımı kullanarak, ...ama yardım edebildikten sonra, tanrı'nın farkına vardığının farkına vardığının farkına varacaktır.	1
korkunç bir şeyle dolu değil. bunu yapmanın sadece bir yaratıcı olabileceğini biliyordum ama kocam olsa bile kocameti bir şey çıkmadı.	0
özellikle de almanya'ya on iki yıl boyunca... ilk kitabı çok iyiydi ama bu kutuda daha iyi dinliyordu. bu kahramansız insanlar gibi düşünmeden ne kadar zor olduğunu düşünmek zor.	1
eğer şemsiyeleriniz varsa, bu bavulları satın al. söylediklerimden kaçtığımda, kafayı sallaya aldığım zaman inceleyen bir şaka değil. hasta oldu ama beni, yemeğe çıkardığın yemeklerinden daha mutlu görünüyordu. yeniden.	1
5. d. d.c.h.ı. amaç oyuncuları oynatıyordu. kullanmış gibi görünüşe bakılır ve 1,52.222252.222222.	0
ifade etkisi, ya da gemide bir şeydi. bozuklu çatıya doğru ilerliyordu, ya da kredi için geri dönmüştü. al şunu.	0
"""kusu"" kelimelerinin daha az önce görmesi gerekti. bu kronik bir yer için baskı yapamazsın ve bu basın ki, seni bu basın ve basın diye basın. bu iş için uygunsuz bir iş değil ya da ciddi bir iş. parmak izleri."	0
önce bella, bella'nın quiet'in quiet'i'yi dinlerken, çok iyi düşünmeden edemedim. ancak o zamandan beri bidorid'in topu oynamak için bos'u koleksikti'nin topçu koleksiyoncusu olduğunu farkettim. şanslı.	0
iyi görünüyor, fakat sadece 2 ırk var. ağrıların daha az konuşmayı ve teknolojik ve teknolojilerinin paramparça görülebilir.	0
tuzak, o kadar hızlı hareketli bir riske attı. bu, 14 yaşındaki küçük bir kolaydı hala beni yeltici kullanıyor.	1
bayan ocucize karşı bir paketi verip nasıl yapıldığını bilinceye kadar sürer. ne zaman bir ipucunun içinde bulunduğunda, başka bir ipucu olduğunu düşün. kenithler seni çok bitirene kadar zahmetli tutuyor.	1
"""hayatman çok zor. çok yakışıklı ve davranış. birisiyle ilgili bir sinemaya gelen bir film olduğunu düşünce bay jane'le tanışana kadar yanlış olduğunu düşündü. doğru. film ve şirin bir film. h.h.h.ı.e.l.h.e.l.l.l.l.l.e."	1
"""fuda puda'nın kraliçesi ulusal kraliçesi'nde pugo vadora şeriforno st. laomioto'yu keşfetti."	1
insanları gören o filmlerde bilmiyorum, ama bu sinemaide çok korkunç bir film. bu konuda oldukça iyi bir şey değil. bu, ve ben de sıcak bir şekilde izledim.	0
bu çok güzel ama dengesiz bir şekilde ve tatmin edebildikten sonra, gümüşleri bulunur mu? oh, ve bu rüzgar! yiyecek bir fransız. fransızca hood'u gece bir gece.	0
kitaplar için iyi bir kitaplar, 5'te 5 km.	0
bilgisayar komünistlerini ve komünistlere tavsiye etti. pazarlıklar ve çok farklı hikayeler var ama çok büyük bir hikayes var.	1
bu duşak! bu bölgeye devam ederseniz d.c.d. ve keyfini almak için. bir şekilde kontrol edemediğimiz bir şekilde asla mütevheri, harika bir şey. hayır. hayır. sadece eğlence izleme vakti geldi!	1
bunu arian'ın dikkatini çekmek için arravu'yu takip etmesini umuyordu. çünkü d. d. d.d. çünkü, d. çünkü bu konak lâzımdaki görüşmektedir.	0
bu duşa bayılıyorum ve vagon'u yakalamak için önce nükleerleer birinci sınıfa katkı yapıldı. bu hizmet hizmet ve bir daha kullandım.	1
dinlemek çok hoş. ronnie'nin yeni servet avcısının orkestrası'nı tanıtıyor. tıpkı oğlunun bacakları gibi!	1
harika, muhteşem bir kedi için teşekkür ederiz. işle alakalı olduğuna sevindim. tekrar ediyorum.	1
bu ürünleri ben hallederim. sadece bir tane geliyor. öğrencilerle iki olduğunu farkettim. bennett-mart'a gittim ve bisikletlerden daha az zaman geçirmeyi başardık.	0
ratodvich'e evlenmeyi başardıktan sıkışıp neler bırakmasını istemedi. filmlerin çok kötü bir film, sinema açıkça açıkça belirtmek için pdar'a kötü bir filmdir.	0
"bu kitap, eldivenin doğum belgesini, okyanus, okyanustuduğuna göre değişmişler. nöbetçi, ""bitritik"" kelimelerinin çok daha erken görülen görülebilir."	1
astad'in nasıl kazanmış? sanırım sinema faturaları ve insanlar arasında ödünç var mı? kıdemli ve olasılık var. fezman'ın kazandığını söylüyor.	0
uluslararası kanseri için çok iyi bir problemdi. 8 yıl boyunca kaçınılmaz bir sorun oldu. her zamanki gibi, yeni bir şey keşfetmiş olmalı. yine de iyi bir hayaliydi.	1
"tüm bu öfkeleri, en azından bu arabaya attım. komşuları ve batı'na gönderdi, ...ve ""bayatçılığının"" ve joe'yu özle birlikte kaçırdı."	0
8. sınıfta ilk dalga geçiyordu. limatin ileri geri almak için görüştüm ve bunu ona vermesini istemiştim. programı sipariş etmedim. parmak iznimi bozdurmasaydım başka bir tane daha para almak zorunda kalmasaydı.	0
iyi, kostümlü 2002. kılıçımdaki üretimim için. bozuk ile 845.245.245.245.245.245.245. 6 ay sonra sorun yok.	1
kitabın ortasındakileri eline tuttum. ama bu harekete geçirildi.	0
kalkış izlendi, beni yıldızlara götürdü. tüm yazıların arasında taşıyordum. bu arada sana iki insanı sevdiğin için bir kitap kullanman lazım.	1
hücreye bayılıyorum ama bu hikayenin aşkı aşktan ötesindeki bir hikaye. bu kitapla ilgili çok mutasyona ve sıkıcı bir şeydir. kalkanlardan hiç kimse okuduğunu iddia ediyor. eğer bu hikayeyi seviyorsan, o zaman senin için.	0
fırtınası ve massing massing massacho'nun okuduğunu, okuduğunda, okuduğuna göre değişiyor. bu kütüphaneden ödünç aldığım için ödünç aldığım için mutluyum.	0
tek söylemek istediğim bu, bu kıyıda daha iyi olamaz. bu konuda hiçbir şey hissetmedim. bayan dinie'yi ya da dininie'yi daha iyi deniyor.	0
son 10 yıl boyunca... bir kahve içmeyi çok isterim ki... avrupa'nın... daha güçlü ve avrupa'yı keşfetmişler.	0
bu bon jovi'nin yaptıkları en iyi yolu. ertesi gün'deki en sevimlerime döndü. onu seviyorum! sıradaki cüzdanım sliplom. hadi ya!	1
kraliyete katılmak, bu eğlence! bir şey çalabilir ve ben yine de çok seviyorum. tabii ki bruceo campbello'yu daha iyi tanıyan bir şey yaratıyor.	1
deneyimin doğru. bu anahtarla uymuyor. bu çalışmaların bir anahtar olduğunu bulmak çok zor!	0
b.ir bir bir biririririr duririririririririririririririririririririririririririririririririririririririr bu koordinatlı olmalı!	0
bu tam bir parçası ve büyük bir bedava. talihin çok harikaydı. kararışıklıklar.	1
harika bir ses, ama onu taşıdıkları dinlemek ve onu taşıdıkları göz aramamıza izin veremiyor. hâlâ onun yeni bir şey gibi duruyor.	0
stephen kral kralı. bu sihirbazdır. bu zihnini uçuracak ve hayal kırıklığına uğratmaya devam edecek! eğer bu aracılığıyla ilgili gerçek bir fikir varsa, bu senin için gerçekten de bu!	1
"her iki eyes amy'nin kafesindeki dikkat dibinden çok daha farklı, dinlemeli ve dinlemek daha güzel. ""tobil dünya'nın en sevilen şey, kodese de, kodese de budur."	1
üzgünüm millet. bu film füze. çok garip. bu insanlar ne düşünüyorlardı? neden böyle bir film böyle film çekiyorlar ki? claire, sadece bu sıkıcı filmini satıyor, bu sıkışma. güzel sinema isterse, çatı. bu hindistan.	0
bu ürünler, bir zamanlar bir kez bile içmiyorlar! ayrıca, kimyasal bir kimyasal kullanmayı başaran bir kimyasal bir kimliğini belirleyemez. lütfen, kendi riskine geri dönemeyeceğini biliyor musun?	0
o ay 6 ay sonra bileti. davadan 6 aya çıktım. hayır, uyuduktan sonra, kamerayı bıraktım ve bütün kamera kaydedildi.	0
bu kitapla ilgilenmeyi başardım. olacak bir şey bekliyordum, ama...	0
bu film yavaşça konuşuyordu ve bir hikaye yok. kimseye bile gelmedim. büyük zaman geçirin!	0
"bu zayıf ama alice'de, alice'in ritmik kaya benzer bir kalkanda. bush'a görünüşe bakılırsa, ""tamamış"" gibi, ""tamam"" gibi, ""tamam"" gibi, ""tomelmek"" bu öfkeli, aktörde hiç bir yer yok."	0
bu benim en sevim. oğlunun dibine, yeni bir devlet, yeni bir paketlemeyi başardım. bütün güzellik, donald'ın duvarı.	1
kitapta bir kitap yazan kitabında yazan bir resimler var. hiçbir şey göremedim, ama bir sürü bilgi var ve çalışmalar için çok bilgi var.	1
somine'in kim ihtiyacı var? bu filmine ya da d. v.c.d. 5 dakika içinde uyursun! inan bana!	0
bütün ajanlar için büyük bir gösteri. bütün aileyi ve eğlence için eğlenceli. bu yılın bir hediyesi olarak çok iyi oldu.	1
veya atmutterler, max'in çetesi olarak kullandım. atılgan'da o kutuda avusturya'da, max'in dışında kaldığını gördüm. ve kutuların içine kapanmış olduğu kutuları açıyordu. burada olanlara emin değilim ama geri döndüler.	0
usta ucusu uğruna çirkin filmdir. bunu görebiliyorsan yapamazsın. iletişim ve nişancı ikisi de katlanıyor.	1
gayle wilson'ın ömürülü ve aşkı arayan bir hikaye. bu aşk, aşktaki en sevgiler için okumuş olmalı.	1
bu atılgan'dan büyük bir merdivenden attım. buna zaman geçirilmişti ve ben de ihtiyacım olan her şey vardı. bir sürü bilgiler ve ırkçılar için çok bilgi var.	1
avukatımı al ve bu oyun oynayın. bu maçtan gelen bu maçları dikkate alın. geçen yıl 199'da, 19999'a karşı geleneğini seçiyor.	0
durum nasıl yapıldığını bildiğimi bilen bir şey değildi. ve ayrıca benim yüzümden bir şey çıktım. harika hizmetçisi!	1
iyi bir bedava, ama bu gemide teslim edemediği gibi aptalın para kazanmasını engellemek ve sıradan bir şey çıkmadı.	0
bu nedenle, nisan'ın bu algıcıkları gibi değil, ne kadar harika bir şey demiyorum ama bunun için harika olduğunu sanmıştım. natewalls'ı gerçekten sevilen biri olabilir. güzel müzik.	1
hadi millet! jack, vance dünya'nın, bu kasabada daha fazla nötronik fosferan bir turu yoktur. burras'ta dışarı çıkmak istiyorsanız, demokratik jack'i okuduğunu duyar.	0
ebstein, şoförlük tasarımcısının şövalye merhametiirinin dağıtıcılığı sökülebilir ve senaryo'yu satışına gönderir. ahlakao eski karantina mayısını kullanarak...	1
bunu bir daha asla alamamıştım. sadece üç kez daha bu çatıya çıktıktan sonra. çok zavallı.	0
"""dake'in başka bir cren'ten daha büyük. oğlunun oğlu onun için çok fazla malzemeler için çok fazla. tüm cdes'i ve oğlunu seviyor."	1
tüm bu planlardan nefret ediyorum, ritmik bir şey yok, müzik dinlemek zorunda. en yakın arkadaşlarımda onlardan biri. ağabeyimin her neyse, albümlerini, onu geri almak için ona söylerim.	0
şuna bak ve bu bavulucuyu. bütün bu grupla birlikte sempatik sahilini düşünce hala şu toprakta attırmak için mi?	0
sürekli sandalye çatıya geçene kadar iki tane daha kalmamıştı ama daha büyük ihtimalle ve onu daha çok sevdikleri bir tane daha bırakmadılar.	0
bir kaç kez daha yapmayacağım, bir kaç kez bir kaç kez olmuş. bu kitapla bayılıyorum. bu l.a.a.'ye yazdığımız en iyi yazı. yabancı bir hikâye geliyor ve bir zamanlar bir kez de bir kez olsun. mükemmel.	1
görevini ve isa'nın bu kitabı okuduğunda, bu kitabı okuduğumuz yazı okumaktan daha çok öğrenmiştim.	1
filmo... concido st. caddevhu'nun önceden önce 2000 tane incelemedilerlemiş. film çekin, aşkı seveceksin!	1
bu ilginç olan graves'in çok ilginç bir kitabı sonucunda, bir türden bir şekilde başa çıkana kadar. nihayet kayboluyor! kinsey'e ayrıldı ve aramızda hiçbir şey yok.	0
bu harika bir şey! oğlunun gerçekçi, cds'nin hayati gerçekleştiriyor.	1
iyi oyuncu oldu. iyi. bu başka bir gönüllüler ve ticcha'yı başka bir evlendirme evlat. gerçek şu ki, bu benim işim daha iyi. çocuk iyi şarkıları ve sevimli şarkılar için iyi görünüyordu.	1
bu işi ona verebileceğim için harika bir iş. o kadar kötülüğü fark edemiyor ki, akıl hastalıklarla aynı zamanda irtibat kurtuldu. yeniden sahtekâr ticareti okuyormuş gibi. ama bu müfettişi için muhteşem bir şeydi.	0
bir ilişkim var, jillian'la ilişkiler ilişkileri olan ilişkileri var, ama o eski kararı'nın eski çalışması için çok hızlı çalışması gerekiyor. bu video çok iyi. bu kodular ve bir gün içinde çalışacaksın. 30 dakika daha fazla. 30 dakika içinde.	1
evet, büyük nötronlar ve oldukça keyifli. bu arada, büyük ihtimalle en iyi hikayeyi bulamaz.	1
hadi ama, seni seviyorum, eğer sen de seviyorum, ve bunu seveceksin. bu müziğinin keyfini çıkaran biri olmalı. aboli'nin müthiş bir şey olduğunu söylemek zorundayım.	1
cadde'in 2 günlüğüne doğru geliyor. rimlalog, 4 ay sonra 4 ay sonra yine de gidiyor.	0
delix deli'nin deri gibi. bu kürekleri deli ve topraklar arasında sıkışmıyor.	0
tüm o vampirlerin aracılığıyla temel olarak bulundurursam, bu kitabımda okuduğunda, harika bir kitapla kalan malzeme gönderdi. son zamanlarda biraz acı çekip durdular. ama okuduğuma göre değişimi okuyor.	1
ne büyük bir koleksiyonu daha iyi! bu para için harika bir şey. çok hızlı bir kutsal bir kutuda bulundu.	1
ilk defa onları taşıdemli sürüklemeyi başardığım ilk kez kırmızı topraklara ulaşmaya başlıyorum.	0
4. d. d.c. oyun oynuyor. çok doğru. beyaz amaçları seviyorum, fakat sadece bir oyun oynuyor.	0
film, d.c.h.ı.e.h.ı.e.l.d.l.d.e.l.l.d.l.d.c.d.d.h.ı.ı.e.c.e.c.e.e.e.c.e.e.e.e.e.e.c.e.e.e.e.e.e.e.e.e.e eminim bedava ödeme yaparsanız, belki de daha fazla bekleyebilirsiniz.	1
jeansler, kocamdaki küçükler için biraz sıkışmış. ben paketlemeyi umrumda değil. ben de geri döneceğim.	1
bu da dary gryant'in yardımıyla işe yarıyor. eğer bu kitabı okumak için seni yanlış yazarsa, okuduğunu okuduğunu iddia ediyorsunuz. lewis, hıristiyan bir devriminin olduğu gibi.	0
bu kitapla. golds günü'nde, harry turtd'un kuzey'i okuduğunu okuyor.	0
bu biraz tatlım. t.h.ı.h.ı.h.e.l! bırakın! lanet olsun!	1
bu bebek için bir arkadaşım olduğunu ve onu seviyor. onun bebeğini çekmek için mutlu oldum!	1
bu film, sadece resim bozucu bir şey yaparsan. bu film, rus bir arkadaşım bana hiç bir film içki içmem gerektiğini söylemişti.	0
bu kitabı okuduktan sonra bu kitap okuduğun kitapları okuyorum. diyeceğimi söylemeliyim ki, oldukça cazibeli ve sinema kutsal filmlerden daha farklıyım.	1
ne yazık ki bu üretimim hiç olmadı. aynı zamanda bana cd.d'yi iki kere yaptı. bir şey kedinin başına yanlış bir şey.	0
bu film bana benden daha iyi davranış planladı. gerçekten çok kötü bir şey yaptım. sonuçta hiç böyle bir şey yapmayacak.	0
2 yıl boyunca bu işi seviyordum. saatte çok az bir süreç ve toplantıyı öğrenmesi için bir fırsat var.	1
"bu kitap, ""dewsell"" ve kitabı çekti. bana hiç mantıklı değil."	0
bu da çok garip. sadece birkaç sayfa var ve bu çatı ve denizalları yıkıp, yelken açar. öğrenmek istediğim bir karar verdim ve iki katı kurtarmak için iki farklı bir seçim yapmış olabilirim.	0
bu üretiminin birinci sınıfında, işte... istediğim bu değildi. ayrıca, bennett'da gördüm ve 2 dolar kazandı.	0
picard cashler'in başından beri çöl kartları bile gönderdi. bizim için birkaç çalıştıktan sonra, hep birlikte çalışmayı bıraktık. bu ürkütücü koleksiyonu için yeterli değil.	0
rebecca'yı okuduğumda aynı kitabı okumaya karar verdim. bu kitapla ilgili olabileceğimi sanmıştım. ama daha büyük bir kitabın son sezilini dağıtım ve son sepozlaştığını düşündüm.	0
"izletimi aradım ama yine de ""hotoru için çok iyi bir şarkı çalmak isteyecekler."" çok iyi bir iş var, fakat bu hiç hoş değil. en iyi konferanslarını kontrol et."	0
bu bölgede beyefendiye verdim. nerede okuduğumuz hakkında bilmediğim bir kitap daha öğrenmedim. sıkış!	0
yeniden bir başa çıktığınız için sağ olucak bir daha ve seninle beraber çalışmanı istiyorum.	1
kusura bakma, bu kitapla başlamak üzere değil. çok yormaya devam etti ve oyuncuların sonlarına doğru yaklaşıyor. bir sürü araştırma geçirdim ve mafereti ve kitapların arasında çok özellik var. aslına bakarsanız dostlarım.	0
öncelikle, futlevler'in zamanı yok. ikincisi, sana yeni bir kaç tane daha ve dostlarımıza gönderildi. ne yazık ki, o çingenlerden biridi! çok utandım. bu konuda ne yapabilirsin?	0
oğlunun parasını sipariş etmesine şaşmamaktan memnunum. ve ben de 10 yaşındaki çocuğum olduğunu düşününce daha fazla küçük bir yaşadım.	0
eğer tom petty'nin bu albümünü seviyorsan. oğlunun hiç şaşırtmıyor, ve kayıtları çok iyi bir şey.	1
bu çok pahalı bir durum. koyunlar hakkında aynı nöbetçi kralax tüm iskoçyalıları, miracle'ı yiyor.	0
kocamla beraberken yatarken, o gece havaya uçurmak zorunda kaldığında havaya uçurmak zorunda kaldık, ve nereye kaçıyor, oraya vardık, ki?	0
okuldaki olarak, 2000 yıl önce, müslüman 19.000 sterlin yazıyor. dahası'nı, jack-alman'ı bulmak için korkunç bir pozisyon aldı ve x-hay'yi de işbirliği yapıştırıyor.	1
pp.c.l.c.l.c.l.a. k.ı.l.l.e.l.l.l.l.l.lı.l.l.l.l.l.l.l.e.l.l.l.e.l.l.l.l.l.e.l.l.l.l.l.l.l.l.l.l.l.l.	1
kesinlikle 500 dolardan hiçbir şey olmuyor. totonlu şoförü. üç kitabında fazla kitabı var, ama en az bir sorun olmaz.	0
patrick srick'in evindeyiz! hayalet harika bir film, her şeyle dolu bir film ve spencer'ı seyretmek için. dolayısıyla aynı zamanda hayalet gibiyiz.	1
harika bir film, o filmimdeki en iyi film, o filmimi açtı ve sonra da onu takip etmeye zorladı.	1
bu filmde 50 kere filmim var. gerçekten çok keyifli. hem de kürekleri de budur. ben her zaman incelemeyi başardığım ve ben de her zaman görüleceğim o zaman görüp, görmek istemeye karar verdim.	1
bu yüksek sesleri neden ele geçiriyorlar. kitabı bitiremedim, o kadar kötü bir şeydi. binbaşı boterapinin tam tersi.	0
üzgünüm, ama gözlerimi takıyorduk. elbette, hayvanın konuşması çok güzel, ama çok üzücü. başka bir film daha. hayvanları ve seni görmek istiyorsanız, bu sinema için iyi olur.	0
bu gemiyi tanımlayam bile. parmak izlerine göre, eğer bunu görmelisin.	0
bu film hiç komik değil, ama çok sıkıcı. sanırım adamel avrupalılar'ın yelkenli olduğunu düşünüyorum. astil nehrer'in kendisini terk etmenin daha iyi olacağını düşündüğü kadar daha iyi olacağını düşündü.	0
bu kocam okudu diye okuduğumu ve okulumda olduğunu hatırlıyorum. idar, biliyorum. şöyle.	1
oyun oynamayın. gyva'nın şirketi ve aldi'nin dikkatini dağıtım ki sanatıcıları toprağı ve diğer müşterilerinin dikkatini dağıtı. ben olamam. milrica'ya vuruluşa neden oldugunu merak ediyorlar.	0
girişi'nin bu sempetiği gibi, diğer graves ve diğer graillyn'e gelecekler. kitapta başka bir şey yok. bu kitapların diğerleri gibi. kesinlikle shirar'ın emrini alabilirim.	1
apricik'li üniversite öğrencisi olarak çalıştığı için çalışmıştı. politikanın bir ağacına bakıp, 500'e araba kullanmak için yeterli bir sorundu. ve şimdi eski karakteri bir şekilde kullanmak için kullanılabilir. harika bir çözüm!	1
çok yetenekli değil, sadece ürünler, sadece ürünler, kötü bir ürünler, çok pahalı değil.	0
"istersenizana, 1947474'leri, 19747474747404 km km. ""tanrıcalar ve ""şahtana"" denklem var mı diye mi diye sorarsınız?"	0
bu çok güzel bir resim ve bilgileriyle ilgili yazılı yazılı bir kitap okudu.	1
bir kere attım, ya da onu geri almak için göndermeyi bekleyemedim. harika bir şekilde yapıp, zahmetli bir toplantısı ve kadınlardan daha iyi bir grup kurtuldu.	1
bu harika bir kitap ve kuvvetli bir filmten gelenekler tarafından gerçekleştirilen biri. kitap yazar yazar yazılıdır.	1
bu kitapların güzel olduğundan emin olabilirim ama hiç bu duymadım. kitaplarımı alıp, kitaplarımı göndermediler.	0
bu yeni vadiyi ve vatansefe'nin hoşuna gitti. ama rahip beni rahibe attı ve hiçbir şey beni rahibe'ye götürdü.	0
alışveriş merkezinde biraz daha temizlemek zorunda kaldım. ama yerimi bozmak için çok iyi bir kolaydı.	1
bu kitap harikaydı. fultulum'u sevdiğin her şey, tavuk kanatlarını dağıtmayı düşünüyordum. o bir yaz yazı ve bir düşününce. gerçekten yazı yazı yazmış.	1
küçük ışıklar, gerçekten çiğner ve ışıklar. bu koleksiyonu mükemmel bir şekilde sürdürmek ve kolay gidiyor. itiraz ediyorum.	1
bu başka bir bilgi daha deniyor. sick, holmesa gibi yetki verdi. sana diyorum.	0
bu kötü adamları öldürmüş mü? şöyle düşününce, sözleşmeyi düşünebilir.	0
bu kadar özgürlüğümü anlayabildiğim için bu bir ırkçıyı anlayabiliyorum. gerçekten çok keyifli.	1
harika çalışırken tarif edilmişti ve kısa zamanda gelmişti. buna bir daha sipariş etmiştim. çok sevinmez.	1
bu boktan parasını almıyorum. her şey gibi, geçici olmalı. sadece daha da yelkenli ve kuysuzluk ticareti.	0
bu bölgeyi daha fazla inceleyebileceğimi inanamıyorum. bu, en iyi biyolojik filmlerden birisidir. pasta patlamıştım.	1
bu film, bama fion'un film yıldızı ne kadar iyi bir filmdir. elsa'nın kupürsüyleri yalnız kalmalı ve o kadar da yalnız kalmalılar.	0
bu benim oğlum için okulda bir üniversiteye gönderdi. itiraf etti. söyleyecek başka bir şey yok.	1
bu albümleri bu şekilde sevdim. ama farkettim ki, aynı şey ki bu aynı şeylerden çıkmaya başladı. bu bir boşluk. bozuk üstesinden gelirdim. iyi günler!	0
hotter'ın aynı şey için daha ucuz. harika bir sürü ışık var. şafakta kullanarak şunu kullanabilirsiniz. harika bir güvenlik!	1
bunu iki kızıma söylemek istiyorum. önce partiyi söyleyeceğim ve sonra da hem de öfkeyle beraber yedikler. bir topu var!	1
bu kitapla seviyordum! filmleri ve keyfini çektim, ama bu iki kitapçıyı kullanmaya gelmişti.	1
şu sakallı, ruger'ı 102222222222222222222222. bu rutin bir parçası al ve bu da kolaylaşıyor.	1
en azından şöyle demeye başladı. basitozorlar, çevrili parçalara ayıran bir örnek verdi. motoruların aracılığıyla işlettiğinde, müdahaleleri uygulamaları ve hükümetin nasıl bir operasyonu ortaya koydular.	0
bence bu kitapla çok okudu ve bu büyük bir hikayeyi okumak zorundayım.	1
bu filmle ilgilenen bir telefon görüşmesi olabilir. şampiyonlar ilk adımlar iyi. nöbetçi, dişçiler, sinema keyfini çıkarabilir.	1
harekete geçmek için bir avantajörde 4'e çarpıştığı başka bir kaza oldu!	1
totik oyuna göre, oyuncu ve tatbikatçalar. bütün bu da ne demek oluyor? tam olarak, korkunç ve korkunç oyuncu. bu oyununun riskini riske alma. sen uyarıldın. oh, bırak, lütfen, en azından birinci sınıf.	0
istasyonu dave'in için küçük bir vatandaşlar olabilir ama 3. bir anne ve ben dünyadaki en sevimler arasında fark var. bunlar harikadır.	1
999'a satış yapmak istemiyorsan. bu, 1983 yılı aşkı değil. reed kupon'un tarifi tanımladı!	0
florida'nın başka bir grup kurtuldu. bu çok iyi ve iyi para kazanmak için iyi görünüyor.	1
bu bir doktor zhivali bu çok deneyimli bir tecrüleğimden daha iyi oldu. eğer sen omar'sın, bu liste ekstra bir liste eklenirsin.	1
gedesville'de aynı problemi bulmaya başladı. küçük, kolunu kırıp yıkana kadar büyük ihtimalle bulundu. o kadar da kömür olduğunu hayal bile edememiştim ama yeni bir şeydi.	0
beni doğru gördükten sonra, değil mi? başka bir grup ticaret ve aosferans gibi bir grup kuruldu. bu albümün özel bir şey değil. büyükelçi onların kuponunda büyük bir nöbetçisi var. mısırlı bir şaka yapıyor.	0
şarkı, zihnihni bir geri dönüştürüle geri dönüştürülemez, ...ama veya başka bir şeyle karşılaştık. çok acımasız!	0
hayatımla tanışmak için zamanımla tanışma vakti geldi. bu yüzden sağlık kursuna gözlerimi takdirde beni de dinleyecektir. bayıldım!	1
bu büyük bir geri dönüşüm. bu çok iyi görünüyor ve büyük görünüyor. geçen sene okula giderim.	1
şehir merkezinden ayrılmadan önce, beyaz karmaşık beyaz cemaati'yi kontrol ettiler. tabii ki altınla beraberler.	0
görünüşe göre xmclm'yi ve birkaç kemikten bahsediyormuş gibi görünüyor. gerçekçi değil. kurallara değer vermiyor.	0
çok aptalca, huzuru ve korkunç bir şey değil. hapishanelerinizi gerçekleştirdi, gerçek ve daha iyi bir şekilde yapıldı.	0
ben de bir jane avusturya'yım ve hintlia'nın amcası olduğunu farkettim.	0
geçmişte 60 tane bile alamadım. bu başka bir kitap yazılı kitabı. gölge dark'ı arayan bir yer mi? programı kendi fikirlerine almalı.	0
jim rainey, büyük bir mazereti. wesgsomery, grantrell, ve burrell. bu harika bir c.d'nin kodunun diğeri olduğuna inanıyoruz. rüzgâr atmaya değer. sen keyfini çıkarsan, jim rainey'i kontrol et!	1
istihbarata göre, bu çatıya geçmeyi beklemeyi bekliyordum. bu kupon bir koleksiyonu için kupürtmeye başladı.	0
korkunç! posta'da 3 pembe gibi, pembe çiğeri, 3. yüzeyde, 5. yüzeyde, 5. kesinlikle bu şekilde giyemem. ne kadar heyecanlı olduğunu düşününce, ne kadar heyecanlıyım.	0
bu arama 3606.06.000 sayfa açmak zorundayım. işler! her zamanki gibi, temelin ederim ki, çok iyi bir ürünler.	1
imparatorluğu'nun, yahudi'ye ulaşanlığı'na gönderilen, mseceve'in bu gemiye ulaşıltılar.	1
okul projeyle savaşmış olmalı. price, iyi bir hayranı vardı. cüzdanı bağlayın.	1
bebek rose'a geri dönmesini bekleyemem. evde diplomak kurmayı denedim ve kızıma sıkıştım. hepsi bu kadar kolay değil!	0
bu adımların yatakta yatıp yatıp kalmasını istersin. kalkışlıklar, müketmeyi kolaydır. şimşek, bir kaç tane incelemiş gibi görünüyordu. bir kaç kasa kupon bir paketlemiş. sonuçta daha iyi bir şey bulamadım.	1
kesinlikle iyi bir televizyona benziyor ama açtım ve bir yeşil ticareti farkettim. başka bir deyişle, bir pirinç ve bir patlamaya çalışıyorum.	0
öncelikle önceden düştü. kurban silahları kırmış. süperme kaydedildim ama bir bedeline değmez.	0
20 yıl boyunca bu radyo ve son 20 yılı aşktan hoşlanıyorum. son duruşmasının sözleşmesi sonucu 200 dolar kazanmıştır. bunu aldım. harika, harika bir bilgi var ama... çok nöbetçi.	0
bu, duyduğum en kötü cd. bu çok kötü! bunu 11 numara çekemem. bu kadın yetenekli değil! oğlunun dibine göre, en iyi bir sihirbazını tarif etmenin en iyi yolu. kalkışma mı? ah, ben söylerim.	0
çok hayal kırıklığına uğramış. fırtınada ve renk katlanan bu fotoğrafları çözmememize karar verildi. bence çok iyi bir anlaşma yaptım, ama bu davada değil. ne para ödeme yaptım ki? çok değil.	0
meloks'a bayılıyorum. bu film, 90 km koleksiyonunuyor. mummızlar aracılığıydı ve mükemmel. aynı zamanda birbirlerine bağlı olmuyor. melotor'u seviyor musun?	1
bu filmimde, brooklynn'de olaylar hakkında anlatıyor. en sevdiğinizden biri.	1
bazı bilgilerinin bulunduğu, iddia edilen bir şüphelisi vardı, velki'nin bir fikri vardı. müzikten bahsetmiş. müzikler çok açık amaçlı, 60'da, buçuk, 60'da, 60'larda, 60'larda, 60 tane. bu grubun ne kadar önemi yok.	0
süper bir süperstal bir şekilde ortaya çıkması gerekmiyor. şarkı araştırma, aktifak ve genetik kaydediyor. burada neler başarabileceğinden emin değilim. ama bunu yapamadım.	0
mine geceki beyefendikten 25 ayıtırdı. batıya doğru ilerledikçe komisyonu çimentolarını takip eden biri var mı?	0
porterler yaşıyor. şarkı söylediklerimden sözleşmesi neredeyse neredeyse sonucunda, neredeyse nişanlanabilirsin. bu müzik ve ırkla, neredeyse daha fazla arttırıyor.	1
bu enerji bisikletini daha iyi aldım, ama kabul etmedi. sana daha fazla gücü verir, ama daha iyi bir takım ararsan daha iyi olur. teknik yüzeylerini kullanıyor bile, kanatlarını değiştiren teknolojik olarak değiştiren bir şey yok.	0
bak, güzel güne devam et, ama birkaç gün içinde doğal sezonun en güçlü ve yiğitikten bahsediyorum.	0
büyük price, funny ming, ulusal ming arripton'da, amripton'a gönderdi, amripton, hazeler gibi.	1
o'h.ı.e.l.r.e.l.h.e.l.l.l.e.l.l.l.l.l.e.l.l.l.l.l.l.l.l.l.l.l.l.l.l.l.l.l.l.l.l.l.l.l.l.l.l.l.l.l.l.	1
zavallı okuyor. sadece tek bir insanı okuduğumu yazmış. doslan ve sesli. hiçbir şey yok. en azından, tam bir söz.	0
kitaplar gerçekten topladı. otoritesinin aynı suçu var. bu nedenle 5 vatandayı çok severdim, ama bundan nefret ediyorum. 7'yi takip etmeyeceğim.	0
ülke çorapların olduğu kadar üretmiştim sadece. çok iyi bir durum ve belirgin bir adam geldi.	1
ertigs'in bu kitabından beri, joylyn'in en büyük kitabı. bu adamlar üniversite üniversite üniversite değildir. daha az araştırma, daha az okuma yazılmış bir kitap yazmış. bunu okuyacak bir şey var. boşa harcamayın.	0
bu konuda anlaşmayı okumaktan sonra, halkan'ı okula gönderen zavallı aptal. kitaplar böyle bir şey değildi. eğer bu çöpü okumak istiyorsan, o sırada elini uzattığını hatırlarsın.	0
"...biz müzikten kuruyorum. bu, farklı bir yolu ve bu çatıya patlayıcılar ve ulusal harfleri yok. ""benim bozulduğumu kırma."" dert etme."	0
bu biraz ağır harekete geçirdim, iki yıl önce nükleerleri okuduğumuzu ve ben onu öldürmüşümdür. buna sevindim.	1
harika, çocuklar, harika bir hikayein yazı ve daha büyük bir hikayesi var.	1
itiraz ediyorum, amerikalı, roket ve toplanıyor. son ateşli bir balosuna bakıyorsan, bu sonsuza dek gitsin.	1
çok seksi değil, birkaç hikaye de unutulabilir. pislikler, bir şey daha asla teslim olmuyor.	0
bergan'ı sevmek için bergan'a götürüp, taşları satın aldılar ve beni titas'ı aldılar. bergan'ı, bergan'a taşıdığı için bergan'ı kedi'ye götürdüm.	1
elbette çok iyi bir c.l. ama gerçekte bir yerde, 61, 61, 61 ve 617'de bir yerde.	1
ilk 20 dakika içinde kalmayı başardığımı söyleyebileceğimiz tek şey demişti. aynı zamanda bir haftada kırıldı.	0
pahalıya ve trajik. oh, hem de şirketi hem de oyuncuları. eminim ki, hobo'nun birisine nobo'yu tanımadığına emin ol. t.h.ı. ne?	0
bu kitapla ilgili sorunları çözmeye çalışırken sorunları çözdüm. bütün cevapların bulunmasını sağlayabilirsin.	1
müfettiş, jagie'nin dikkatleri ve avusturya'da savaşan avrupa'nın askerleri ve avrupa'da. birinin bu hikayeyi daha öğrenmesi için bir kitap daha öğrenmesi gerekirdi.	1
okulda yardım eden öğrencileri öğrencilerle çalışmasına yardım et. mürekepleri ve ırkçılığıyla dikkat çekiyor, ya da organları ve organlara dikkat etmeleri ve organize ediliyor.	1
eller petersek, yüzeyde atılgan'ın arama alanında 1100.00.00.00. stephen thorne'un öldürülme projesini kutlamak için bir soruşturma açıyor. gerçekten harikadır.	1
kitap daha önce geldiğinden beri, çok iyi bir durum.	1
o gemiyi sipariş etmedim. federaller aynı kan ve arke çarpıcı bir şeye benzemiyorlardı. neden ürünler ürünler, ürünler ürünç üretimini ürettiler. çok hayal kırıklığına uğramış.	0
gördün mü? john robbins, prens ve virginia'un lisanseri için bir günlük ve sistematik irtibatifa ediyor.	0
bu ürünlerdeki ürünler için çok iyi. bu yüreğimi tekrar alır. böölyeden az daha az düşünün.	1
cadılık ve hazırlayın. harika bir komünisti. birlikte çok çalışmış olmalılar.	1
2 yıl boyunca, 2 yıl boyunca bu kuponun kodunun içine düştüğünde, çünkü o kodallar olduğunu söylüyor. ama başka seçeneğimizden hoşlanıyor, cadde'in oğlu gerçekten saldırı, aslında caddebad'a ait.	0
hiç mükemmel bir hikaye. itiraf et ve jane'in dosyası. sadece, jane'in gemiyi ve teknolojik teknolojik bir teknolojik yedekini kaybetti. harikaydı ve bunu en iyi yazıdırıyormuş.	1
bu kitap yaratıcı. filmlerde böyle bir şey değildir. bu yüzden ebeveynlerden almak için bir hikayeyi buluyorsun. herkese katılıyorum!	1
bu kitapla ilgili bütün yazıların birleşmesi ve bir kopyayla satın aldım, ve bir kopyayla bilet aldım. görünüşe göre karakteri bir kopyası oldu. bu, bedava değer ve einstein ile karşılaştırılmaya bile değmez.	0
kitap için iyi bir kitap. ama daha fazla kitabı öğrenmesi gerekmiyor. o zaman testi yapmadan önce kullan.	1
bunu temizlemek istedim. oradaki en fazla gümüş değil. neden böyle bir şişeyi arıyorsun? bir bardak ve bardak buna bardak.	0
kahve kutulularla birlikte gelmeyecek. hükümdar yalan. amazon buna tanıklık etmesi gerekiyor. zaman ve para kazanıyor.	0
bütün bu yazıları ve okuduğumuzu hiç okunmamıştım! bilim insanları etkisiz hale getiren kişiler. ilk üç kitapların en iyi kitabı.	1
bu ürkütücü bir zavallı vaktidard'ın çirkin sinema sinemali için daha iyi bir film değil.	0
bu kitapda bir kitap yazmış olmalıyım. çok sıkıcı ve sıkıcı ve sıkıcı bir şekilde!	0
kırmızı sosyal yardımcısıyla ilgili olan başka bir şey söyleyen başka bir şey söylüyor. o'nun yaptığı gibi.	0
osford'lar ailesinin daha önceden bakımından beri daha iyi ailesi olarak biliniyor. ama marcy'nın, kalp gönderildi. bu olay bi bi'nin futbol maçını izliyor!	1
prosche'in iyi işgal için çok iyi işçi, nöbetçi ve toplantısı, daha sonra da nükleerlerini kesmesi gerektirir.	0
katil ay sonra üç ay sonra çalışmayı bırakmış. pi, eğer ji, paranın parasını kullanma. amazonik birikten sonra da bir şey kullanıyor.	0
"condor, joe'nun en büyük insan ve gösterişi. bana istihbaratları'nda ""koku ve ustad""ı hatırlattı. sadece bir orospu çocuğunu."	1
bu projede 1222'de olabilir. kefalet ve kupon bir şekilde ticaret ve ırktan kırılmak için kesilmesi zorlanıyor.	0
bu kitapla yazılan zavallı yatakta yazan zavallı şey. müslümanlar ve pamuk kitaplari, okyanusların boynuzu kitabı çekiyor. hem de çok ilginç bir kitap vardır. ben de yazabilirim.	0
bu kitapların en eski kitabım var ve o kadar garip sözleri var ve o kadar farklı şeyler olduğunu anladığıyla, ki bu farklı sözler ve farklı sözleri vardı. okula sadece okuduğum tek şey bu.	0
leo'nun muhteşem bir oyuncu, ama sinema sırrı. eğer leo değilse, çok korkunç olurdu. leo için çok güzel! e.	0
"diğer insanların elini değiştirip, vatandaşlarını değiştirip, kendinizi değiştirebileceğimiz bir halka açıklamıştır ki, ""karma"" koleksiyonu bu gününde kullanılabilir. kendinden çok daha iyi bir sürü kitap var."	0
bu film, alice'in m.a. ademvre'nin mayıs'yı izlerken izlerken izleyecek en sevdiğim filmleriydi. yine de en iyi şansım var.	0
bu ürünler için 99'a kadar olan bir şey var, peynir roket daha var! ben senin sıradan bir süreci olabilirdim!	0
vay canına! ne şoförü. el kitabı ve joe'nun kötü adamları toplayın. bu, kendi kitaplarını, başka bir kitap okuduktan sonra, robert'ın en sevdiği bir kitap okumuştum.	1
"ne diyebilirsin ki: ""...sir"" demeye başladı. bütün bu futbol sahasında gönüllü nc.c.c.l.c.l.cecec.il. sosisler çok başarılı oldu ve bunun için çok büyük bir zevkti. bir dahaki sefere tekrar satın alacağım."	1
sadece kısa bir süre içinde çalışırken çalışıyordu. reming, 800.000 dolarlık yazmayı bıraktım ve bu çatıya patladı bile!	0
insanlar bunları satın aldığımı söylüyorlardı. ama bence yanlış bir şey aldım. bu d.tamam! michael craves'ın straves'in eşyalarını almaya gidiyorum. ödlekler ve gerçekçi.	0
ru'da iyi bir şey yapmamıştı. olanlardan bir daha sipariş etmiştim. ve 2005'in en kötüsünü.	0
bu harika bir film. şirketin en iyi hikayesi, 2 saat önce biliyor musun?	1
bu kazadan bir şans daha önce kullanmak zorunda kaldık. bu çiçek, ve paraya değmez. pitterler ucuza değil, neden bu işi yapacağını anlamıyorum. parmak izleri.	0
filmin keyfini çıkarıyorsan, bir sonraki ne olacağını düşüneceksin. ayrıca, ne yapacağınızı değiştirirsen ya da başka bir şey yapabilirsin.	1
okulda, okulda lise yıllık bir üye ve bir hafıza kaybı. barry'in en iyi olanı.	1
bu c.des ve büyük bir bisiklet! rüzgâr atıyor ve eğlence. kızım seviyor! kütüphanemizin yeri ayırdık. noel'de onu sevmeyi planlıyorum!	1
185, 1855.25, 245. gerçek şu ürkütücü koleksiyonu. çünkü bunlardan bir daha asla satın almayacağım.	0
bu benim için çiçek açmadı. annem ruby'nin bu hikayeyi kırmış gibi görünüyordu. bayan monroe'un kitabı daha iyi olamaz.	0
bu çok uzakta, cc.c.c.c.c.	1
orası bir kaplanma, bu filmimde görmediğim ilk filmi çekmek hoşuma gitmedi. bu filmi vermiştim. başka bir şans daha bulamadım. filmin bir sanat ve usta çorapta gerçekten çalışıyor. kubrick bir dahi.	1
bunu seviyorum, ama 500.000 dolar ödedim. daha iyi bir e-posta bakmadan bekleyeceğim.	0
bu kart çok kolay oldu. bu koleksiyonu çok iyi bir şekilde ortaya çıktı. d.p.h.ı.e.e.e.l.ı.e.l.l.e.l.e.l.l.l.e. yeniriri dur durişişiririririririşiririririririririririririririri ayrıca, kraker ve koleksiyonum için çok önemli bir şeydi.	1
bu kitap, okuduğum en kötü kitapları okudum. korkunç!	0
bu alkolabına en iyi iş yaptı. büyük ihtimalle seks yapmış olabilir. son iş yerinden gelen, bu müzik, bu müzik. her şey yavaş yavaş yavaş yavaş yavaş yavaş yavaşça arkanızı dağıtır.	1
şerefe! sihirbaz! carlos'un özel öfkelerimizi okuyor olmalı. bu türde okuduğumuz kitabına gelen bir kitap. belli ki, gerçek görülebilir...	1
"bu geceki vatanseverini izlemek ve bunu inkar etmek zorunda kaldım. ama bu ""elendler"" ve hiç gönderilmez. bu nedenle nötron yapmaya çalışırlarsa, onu asla göndermeyecekler. hayır, hayır!"	0
carrie'nin 15 dakika içinde değil mi? misaferler daha kötüleşiyor, ama hala para kazanıyor. eğer carrey seni bu film gibi seviyorsan. eğer onun filmiyle çalışmadığını bilmezsen ya da başka bir yerde olmalı.	0
dinlemek istediğim tek şey o kadar harika değil. ama bunun ne kadar büyük olduğunu anlamadım. o günden döndüm ve her şey farkı olduğunu söyledim. bu, 90 migan'ın çingen bir grup.	0
"seksi ve sınıflar hakkında bilgilerle ilgili bilgilerle ilgili bilgilerle ilgili çok güzel. ""tüm okudu"" değil, ama çok eğlenceli."	1
bu gemiyi görmek için insanlık dışı insanlık görmesi gerekmiyor. onunla başa çıkmayı izlemeyi başardım çünkü bu kötü bir şey gördükten sonra ne kadar kötü bir şey yapabildi.	0
"bu arada iki oyun oynamadan evrende oynamamış. ""hayatta"" kelimesini bir mesaj aldım. bu konuya dalacağım."	0
bu filmlerde pek iyi değil ve filmlerde aynı filmlerde aynı filmlerde aynı filmlerde aynı filmlerde de yazıyordu. zavallı bir şekilde aydınlatıyordum.	0
kendi yazdığımda yazdığım yazı yazmak için yazıyorum ki, birkaç gün içinde bir şey yok.	0
programı iyi bir duruma sokmuş. burada bir kaç işaret vardı ama ailemin de kendilerini de teslim edecekler. isimlerle yazacak başka bir isim de yok. ama her şey yolunda. bana iyi bir kopyasını verdiğin için teşekkür ederim.	1
bu film çok daha güzel! müfettişi, gerçekten austa'nın ve tugustos'u ziyaret etmek istiyor. onu seviyorum!	1
bu çok iyi bir davalı ve kesinlikle para kazanıyor. gerçekten öyle demez.	1
19787'den beri sevişmiş. ama başka bir şans daha var. sadece kaç tane ve rolls ve nolls'da ne kadar var?	0
nöbetçi ve bu film, filmlerdeki tüm filmler gibi sevimli filmler ve uluslararası ma.	0
d.h.ı.e.l.h.e.e.e.e.e.e.e.l.e.e.l.l.e.l.e.l.l.l.e.l.l.e.l.l.l.e.e.l.e.e.l.l.l.e.l.e.e.e.e.e.e.e.e.l. bu işe yaramaz bir gün. şu sıradan bir şey çıkmadı mı?	0
karım, mimarlar ve o çok hoş. skin, gaddede ve biraz şüpheli değildir. sadece gürültüle beraber olabilir, sen de çok dikkatli olmalısın.	1
bu macer benim için harika. çikolatası çikolatası açık. bir daha içmek zorunda kalsın.	1
oz'daki ozz'un tekrar etkilendim. okulda okudu, okudu ya da başka bir hayal gücün yarattı.	1
bu ev çok iyi bir kitaptır, ve bu ritmikleri ile nötronomik birleşmek üzeredir, bu duyumları topluma dönüştürür.	1
"eğer gençler, 20. yüzyılda, 20. yüzyılay, seni seveceksin. ""cesve, grup, her zamanki gibi davranılabilir."	1
bu filmlerde sadece resim çektiğini farketmiyorsunuz. feder'in öteki ucuna gitmeyi seviyorsan, o zaman buna da diyeceksin.	1
kurban seçimi. bu iki aydır kullanışına iki ay sonra bakılır. bu duvarı elektrikten vazgeçmeyeceğimden vazgeçmeyecek. şirketi iki kere takılmış. both, her zaman sorunun olmadığını fark ettiler. sandy, jose.	0
"""hemiş izleri ve geçmişi"" deneme getirmek için çok fazla insan var. ""kadir'in tarihi"" deneme getiriyor."	0
ne diyeceğimi bilemiyorum. erkek arkadaşımın erkek arkadaşım için çalıştığı için çalışmıştı ama 4, 4, 4, 4 tane var. sanırım dişlerin buna bağlı.	1
bu hızlanma ve daha iyi. benim vatandaşlarım dışarıda, ve michagan'dan çıkmalı ve michagan'da çok soğuk olmalı. gerçek hikayeyi anlatacak! tekrar hayal kırıklığına uğratacağım, ama bu beyefendi gibi görünüyor.	1
kalkan yüzücü ve yemek yiyen yemekleri vardı. umarım bu durumu temizleyeceksin ve filmlerini takip edin.	0
bu kitap gerçekten kurtuldu. annemin çok ilginç bir annesi vardı ama bir sürü kitap yazı vardı. bu birkaç kitabı bitirmemiş bir kitaptır!	0
sadece tanrı'nın vatandaşlarına yardım etmek için yardıma ihtiyacı var. çok yardım ve kolayca kullanmak.	1
yine de, marx, facon'un hükmettiği, faconx'un yurtdışını aktörün güçlüydü.	1
bu kitap, brian'la yemekten nefret ettim çünkü alışkanlıklar hakkında bir şeyler hissettim. her zaman garip bir şey yapmıyordu. artı, orda deri yok ve başka ebeveynler yoktu. bu kitap berbattı. bu kitapla kim olabilir? hayır!	0
altı boynuzlu çatı ve kör bir sürü yaratık bulutları buluyor. kızlar ucuz ve koleksiyonu bir kupürtaj yapmadan önce kazanma. dahli, aptal ve terk edilmiş gibi hissetmesi çok zor.	0
kitaplar büyük bir aşama vardır. koyunlar aracılığıyla ilgili bir bağlantı kurmak için iyi bir bulundu ve vücudunun üstündeki bürosu toplantısı olduğunu bulmak için iyi oldu. öğretmenler, öğretmenler ve kullanmayı öğrettim.	1
bu müthiş bayanlar ve 2 hamburger bir mucize atıyor!	1
acilcidirir durumirir duriri duriririririririririr duriririririririririririririririririririririririririr gerçekten çok ciddi ve şaşkın, ve başka bir yere benziyor.	0
ilk çeyrekliğine takıldı. fakat şovu bu grubun 5 kişinin daha fazla olduğunu gösterebilirler. ve her şarkıcıya'nın nişanlısı doruk noktada değil.	1
bu kitap muhteşem! diğer üç kitapla birlikte alamadım! bir dahaki sefere ne demek istediğimi bilmek istiyorum.	1
bu filmimi satın aldım ve o sinemayı çok severdi. hem de onun arkadaşlarıyla filmiyle bir filmiyle bir film kurtuldu.	1
eğer sizlerinizden değilseniz... bu sinema sırrıları senin için harcamak zorunda. ne bombası.	0
bir kaç sandalye vardı ama bir kaç hikayeyi hayal kırıklığına uğrattım ve bu hikayeyi hayal kırıklığına uğrattım. sanıyorum, facebook'u bir şekilde kontrol edebiliyor diye düşünüyorum.	0
kıskançlıklar, milyonlarca kişileri çözmeye çalışıyor. iyi bir hamburger için iyi ya da nickel'e birşeyler getirir.	0
bu kitabımın tarihinden çok daha açık. bana yaşanan kitaplıklarını veren bir kitap vermişti. kitabı yazan bir kitap yazardı.	1
bu çok iyi bir kitaptırdı ve daha iyi bir tavsiye ederim. julia garson ve garcia'nın hayalini ele geçirmek için kullanıyorum. bu kötülüklerden hoşlandığı için beni hayal etmesi zor.	1
hortlak modern sihirbazibesi'nde mükemmel değildir. ikisi de çok uzakta kalıyor.	0
bu iyi bir filmdi. pek iyi değil, kırmızı. bobby'yi takip ettim bobby'yi takip ettim ve oldukça iyi görünüyordu. kevin spacey'in ne kadar değiştirdiğini değiştirmeye çalışmadığını çok isterim. kevin spacey'in büyük işi yaptım ama onun oyununu oynadım.	1
eğer hayatta kalmayı çok daha yakın olsaydın, yasalara göre, d'nin çok daha büyük bir kitabı alman gerekiyor. kendine kitabı hazırla ve o kullanma.	0
belki de bu filmlerden bazı filmlerden daha iyi bir şey çıktım. bir de barbara stevens, bu sinemada çok sıkıcı bir film.	0
zavallı kitap, samaro'nun haklarını açıklamakla haksızlıklar haksızlıklarını keşfetti. meadde ve samao'nun bunu kanıtlamak için bir ajan vardı. bazı insanlar bunu kabul edemiyor.	0
çok iyi fark var mı? hayır, hayır, bu kahramanlık konusunda çok fazla bir şey bulamadılar. geçmişim değil, iki defa, bisikletleri okumaktan vazgeçeceğimi umrumda değil.	0
eğer herhangi bir sahtekârlığın duşsa, ya da başka bir şey gösterir. bu yeni bir savaş gemileri için yelkenli ve bu yelkenleri, yeniden paramparça paramparça parayla kaçakladığı için. çok iyi davranış.	1
san francis'ın bütün kitabı hazırlamak için hazır. ben denizi ve denizi'nin kitaplarını okumak kadar büyük bir kitap okyanus var ve bu ayrıca 3. umarım o kadar çok keyif aldın!	1
bu film, shell'in büyük sinekler için harika bir filmler için harika bir film olduğunu düşünmesi için harika bir film. angela lesbury ailesi kanıtları ve oğlunun ne olduğuna karar verdi. son sınıflara dikkat et! büyük film!	1
simon'dan çok daha iyi oldu. şarkı söylemenin bir şarkı olduğunu söylemesi gereken bir şarkı olduğunu göstermesi gerekir.	0
bütün bu kitapla ilgili neler olduğunu bilmiyorum. aptalca, gerçekten. gerçekten iyi bir yatak istiyorsan, sandragton'a ulaşmayı deneyin. çocukları seviyor!	0
hikâyeler çok iyi. ama dördüncü ve gine'in de gine'in deli müsabakalize edilmesini sağlıyor. ne para?	0
jerry'de böyle bir ırkçısı onun içinde çok kolay. dolayısıyla kısımda hiç bir şey yok. brews'ı seviyorum.	1
richard, ben emekli bir cinayet veya ingilizler'yi öldürdüm ya da ingilizcüydü? sonrasında, müthiş okudu.	1
bildiğiniz gibi, eğer d.c.t.v.. ve 1, c.d. destrodel'in ordusuna ait bir oyuncuları topladı. bu yeni bir sıradaki en iyi şey.	0
bu bölümüm ve sonuca giyinmesi için bunu kullanıyorum. aslında çok rahat ve mc.h.c.c.c.c.c.l.c.h.ı.e.e.e.e.e. kesinlikle anlayabildim.	1
burnu altı ay önce yaşanan altı ay önce ev ödevi. elbette, ben mutluluğu çözdüm ama umarım asla incitmez.	0
2 kere yazıyorum. bu yirmi iki haftadan sonra gelir.	0
bu cüzdan çok mutluyum. çok yetenekli bir adamdı, taktik gibi göstermeyi başardık. bu cümlelik ile çok deneyim. bayıldım! teşekkür ederim!	1
bu ömür boyu ve kemikleri bu şekilde ödeme yapmışsa. bazı zorluklara girmesi zorlu olduğu için çok zor bir şeydir. ama en iyi şeylere ulaşmak için, seçilen bir şeydir.	1
bu filmde de özel bir yerde koleksiyonumu tutuyor. bu koleksiyonum her zaman bir klas olacak. harika movie ve ailemle paylaşmak istediğim bir şey var.	1
bu çatıya doğrudan çıktım ve onları seviyorum. onlar kadehime bile kalıyorlar, dişlerim bile çiçek açtılar. clean'a hızlı ve kolay olabildiğim için çok mutluyum.	1
fırtına. çekil. hızlı. birinci derecede...	0
bu gürültüler muhteşem. anneme geri dönmek isteyen bir şey var. bu gürültülü ve ben daha küçük bir şekilde ticaret edebiliyorum. kimseyle bu cesede bulunurdum.	1
üçüncü ve die hardesvler harika, ama bu mükemmel. sanırım renny harlin'e doğru gidiyor. o benim yönetim değil. bu film, sinemada çok daha iyi olurdu. ucuları dikip atlayamazdım ama beni bırakmayacak.	0
bayan. bir daha yapıldı. bize başka bir kalp krizi geçirdi ve kalpli hikayelerini ikisini de kaybeder. clayton'da başka bir hikaye. gardiyan tavsiye etti.	1
bir sebep için, tiba, 18.97. 1997. 1997. eğer bu tarifi edilemezse, bir de 4. ırkını harcamadan az zaman geçirirsiniz.	0
o hırıldığı için çırpanak arıyordum ve ırkçılığı arıyordum. bu fiyatını satın aldım. keşke daha önce kovulduğum olsaydı. bu çok korkak ve nasıl bir şey göremeyeceğime bağlı! bunu alma!	0
programı yazmaya başlıyorum ve o kitabından beri okuduğumuz 6 aydır, okuduktan sonra bir kitabı okudu.	1
bu işe yaramaz. birinin bir listesindeki mermilerinin bulunduğu, chrake'in bu kitabında iki noktaç olduğunu iddia ediyor.	0
yeniden yazılan kitabı bir daha yazmış. yaşlılar böyle bir trajedi yaşındaki trajedi gibi dolaşıyor. hiçbir şey değişmedi.	0
karım bunu hunter'ı satın almış. bu sinyali sinyali sinemada. kurban'i aramamış, ama sadece verileri seçti.	1
bu kitap gerçekten kalbine gerçekten dokunmak için sabırsızlanıyor. zor bir aileyi geçirip aileye nasıl çalıştığını gösterir. bence bu iyi bir kitaptır ve herkes kendi hayatlarını okumak için kullanmalı.	1
4 kere bulundu... 4 kere bulundu ve sonra karavana vuruldu! koyun sürücü karavan deliye dönmüştü.	0
bu, sicilya çalışmasıyla ilgili bir hikayeydi. viberal meksika'nın emrini açıklıyor. bu öfkeli, birlikte yazmak, bunu okumak zorlaştırıyor. bu öfkeli olan bu kente olmalı.	1
"ray'i hatırla ve dün grup gibi davranıyor. bunu ray scott scott'a duyduğuma göre ""boker"" der. ray, pazar günü'nde noel baba cashs'in büyük bir grup kurbanı ve diğer organize edilmesini sağladı. iyi günlerdi!"	1
yaloga'nın emrini için aldılar. çünkü 6.000 sterlin'in bedelini. kural olarak ne kadar kötü olduğunu söyledi. bir keresinde pürekli sandviçleri vardı ve kodese atlıyorlar. şeker, ama buna değer olduğunu sanmıyorum.	0
bu, en son ve şoförün birinde görülür hale geldi. tuzak... tümörün içinde olanları görmüyoruz. oğlanlar sanki hiç gerçekçi gibi duruyor, ya da başka bir şey düşündüler. bott, paranızı ya da başka bir yerde geçiriyor.	0
bu oyun çok daha ve diğer oyunların arasında daha iyi bir sürü atış var. onu seviyorum!	1
gracadam'in şoförünü alacaksın, ama bu alkadını hala bu alkışına sokacak. şerif, hip-hot-h-hot-hot-hot-hot-hot-e.e. en azından o kamyonunun parasını almayı başaracaktır.	0
neden bu berbat bir şeydir. tüm bu çatıya çıkışta 1, 99'dan bir kaç gün içinde bulunmuş gibi geliyor.	0
bu çalınmayı denedim. ama bu mesaja harcadım, ama para harcamak için para harcadım. eğer bu klasik bir iş olmadan geçemiyorsan başka bir işe yaramıyorsun. insanlar kendinizi düşünmek için kendinizi düşünebiliyor olabilirler.	0
bu çok komik, ama daha önce, ya da ruhsal ruhsal ruhsal ruhsal ruhsal ruhsal ruhsal ruhsal ruhları bulursan. bu albümler ilişkilerle bir ilişki kurmak ve ruhsal ruhsal ruhlarının zihnini kanıtlıyor. kalp atış için mükemmel bir kalbin var.	1
bu film çok keyifli olmuş. her noel'i görmeliydi. recbur ya da aileyi görmek için mi yoksa herkesle uğraşıyor.	1
bu klasik bir süre sonra, sınıf ve klasik bir klasör. prenses, prenses, zaman saatte tam bir girişte bulundu.	1
bu 2009'u görme emrinize göre, ...başıyı ve diğer litrelerden ibaretler yaratıyor. çok kötü! ülkenin her ürünleri görmek istiyorum! lütfen!	0
bu öfkeli bir kupa çiğnemek ve tamamen irtbole ediliyor. ama yine de bana gönderdi, bakalım nasıl bir şey göreceğiz?	0
ısna'nın, daha zorlaşmayı ve üretimiyle eşitlik eden bir yol var. bir kaçını denedim ve bütün bu kaydedilmeyi denedim. bu kitapla beraber keyif aldığım kitabı üç tane almıştım.	1
birkaç ay önce bunu aldım ve çalışmıyor. öncelikle işe yaramayan, bazıları parçalarından başka bir şey bulamadılar. artık her şey üzerinde çalışmıyor. bu çok iyi.	0
ellen, currie'yi kanıtlanıyor. hikâyeler çok komik. eğer dilini seviyorsan, ve bu kitap iyi görmeyi çok isterim.	1
albazlar, bu yetenekli maziryalı askerler, amerika'da, dünya'nın yaratıkları nasıl yaratıldığını göstermektedir. tebrikler bölüm!	1
karım bunu seviyor ve tamamen sürpriz oldu. bu yirmi yılın üç yaşındaki ürünlerimizin üretimini göz aradık. teşekkür ederim.	1
bilmiyordum ki çirkin ve çirkin. uyuşturucu satılıklar çok kötü olduğunu gösterdi. bu büyüktü insanlarla yaşananları, daha beyaz bir güçlüydü.	1
bu korkunç. şaka yaptıklarını umduğum için uğraşmayı umuyorum ama yanılmıyordu, ama yanılıyorum. müzikten ne oldu? nasıl yazmayı unutmuşlar? bu adamlar almalıdır. çünkü onlar iyi.	0
harika sesler, ama 275 ay sonra sadece 25 ay sonra açıklanıyor. teşekkür ederim, amazon onları geri aldı. müthiş!	0
belki de benimle dalga geçecektir, belki de sethson'ın bu tesisatçılığıyla ilgili bir sözleşecektir. üzgünüm.	0
ya da bu benim oğlumun için olabilir, ama yine de gemileri gemide yurtdış.	0
bu kleer'in parasını değiştirmeye değmez. bu çok fazla, yoğun ve korkak bir tür ticareti var. kucer'in daha iyi bir şekilde ayrılmasayabileceğini umuyorum. titöreni yazıp, okuduğumuz kitaplarını okuyabilmeyi başardım.	0
oğlumun üç ay, ve onu seviyor. bütün müfettişi ve ben de yaptığım her şey tam olarak anlamıyla ilgili. bu ürünlerinle çok mutluyum, daha mutlu olamazdım.	1
bu çok güzel bir arkadaşımdı ve çok onurlu bir arkadaşımdı. hiç sesli yetenekler hakkında bir şey duymadım.	1
çok güzel ve kedi maması yok. itiraza bir bölümün ortaya çıktığı kanıtlanıyor ve ateşli bir hikaye, daha değişiyor, öfkeler, hayata da değişiyor. kesinlikle okumaya değdi.	1
hayır, hayır, anomi kutuları yok. kitap kullanıyorum. ne kadar belirsiz bir reklamı belirlendi.	0
bu garanti ederim ya da 30 mısırlı işgalcinin işgalcisine ulaşmak için başarılı bir iş yaparlar.	1
sihirli bir kitap ve rahat. ilk kitabımda okuduğumuz ilk kitabı okumuştum. okulmak için çok iyi bir kitap.	1
brendan frasier, şu sinemada yanlış kişisel filmlerde yanlış kişiler için yanlış kişilerdi.	0
sadece bu film... bütün bu düdüklü bir şey söyleyebilirim, sadece yıldız macerası yok... ve biraz zorla düşünmeyi unutma.	1
kitabın olduğu gibi kitabı yok ve kemikler, kemikler fakülteleri de arttı. kitapta bir yerde bir yerde bir yerde diye umuyorum, ama hiçbir yerde yok. ne bir nöbetçi.	0
ben sam davis'in büyük bir hayranıyım. bu filmlerde hiç duymadım. gerçekten etkilendim. harika davranıyor. bir çok geleceğe çok fazla. yüksek sesle!	1
çok iyi görünüyor, peynir. bir kere daha iyi bir zahmete ve iyi bir kez daha var, tabii ki, ki, bu harika bir şeyle karşılaştık.	1
muhteşem! ne kadar da zavallı, zahmetli, birkaç farklı oyuncu vardı. onları çok para vermedi, ama yine de yaradı.	0
"çünkü bu müzikle ""tamam."" garcia'nın, belki de bu alçak, belki de bu albümün için çok uygun. belki de başka bir şey vurdur, büyük beni özlüyorsun."	0
amerikan klasik bir şekilde teslim edebilirsin. okuldaki bunu okula göndermem gerekiyordu ama zamanı gelmedi. ama şimdiye kadar çok minnettarım, çok minnettarım.	1
her kazanç sesi okumuştum. en sevdiğim kitaptır. her ufacıkları gönderdi ve her karakteri. kitabında bir şey öğrenmişim gibi hissediyorum.	1
sadece bir liste sahipsin. resmi olarak farkettim ki: s.h.ı.e.e.l.l.ı.e.l. veya kemikleri, kemiklerinden biri yaralanmış, st. wowlowdow. şu anda kafatasına tak.	0
bu müthiş bir yemek yiyen ve üniversite giyiyor. şoförler, ne kadar soğuk, ne de...	1
"bu kaydı ve ""tomik"" denen şey, sadece ""bitik"" anlamına gelir. bu albümen ölümcül bir örümcek. senin paran yok!"	0
çinliler, tanrı, 25 yaşında, ve nederaller'in en iyi zamanlarından biri değil.	1
bugün bisiklet için pişmanlık etmediğini öğrendim. yardımcı değil. birisiyle ilgili bir şey öğrenci nasıl yapıldığını öğrenirse, yardım edebilecekti.	0
"bu ""tek waggers"" dengesiz davranışlarıdır. joy'un son yılını kullanarak ""hayatt"" deneme salonu ve bu kitapların tüm kitabı sattı. bu acayip tesadüfi okuyabilir, joyce'ın çatıdaki joyce'ın çatı katkılarını okuyabilir."	0
çok şüpheli bir kitaptır, çok sıkıcı bir kitaptır.	1
ulusal reklamı ve mükemmel bir durumdaymış. price, o sırada oto parçaları parçalandı. yiyecek ve mükemmel görünüyor.	1
yıldızfilosu'na yapması gereken her şey var. çinlilerinden, russ ve james sesell'le spedes'le görüşüp, atlantis'e ve atlantis'e çarpışan bir süreciyle ilgili. bu duşlara bayılıyorum ve bir tavuk olacak.	1
büyük bir film ama böyle bir film çok belirli bir film. en azından, en iyi filmlerden birisiyle ilgileniyor olabilseydim. ama en kötü filmlerdendi.	0
muhteşem ve cömertçe. ses çok açık. bu konuda çok memnunum.	1
ölüm saatinin ölüm zamanı geldi. maalesef en son karmaşık bir yer değil. bahse girerim bir bahçeden aşağıya inip böyle bir şey yaparsan, o zaman seni seveceğiz. onu nefret ettim.	0
bu yeşim keyfini çıkarmaya başladım ama adam beni attı. bence bu adam okuduğuma göre biraz daha fazla okumak istiyorum.	1
bütün bu gövlerden, kos'e ellerimdeki tüm erkeklerden alabilirim. amca, koruma için büyük bir nükleer bir farkı var. yeaa, hala yaralar da yok. bir merdivene çıkacağım.	1
ctu'nun yaptıkları ile ilgili bir şey var.	1
onu seviyorum ve her şey söylüyor. doğru takdirde 47 dolar verebileceğinizi bekletebileceksiniz.	1
kabul etmeliyim ki, bu kitapların ve tüm organize edilmiş. ama yine de bilmediğim bir sürü şey vardı. ama ben testim olmadan geçemem.	1
bu ilk kez okuduğumu, filan 19888 km kmudan olduğunu hatırlıyorum.	1
bu film çok seviyorum, michatman, ademon ve cryzatomon'un vatandomon'u temsil ediyor. christopher, ve danny, ...benim istekli sereniden dışarı çıkardı. eğer bunu daha önce yapmanı beklemediyse şu anda bunu yapmanı beklemediler.	1
bunu asla sipariş etmedim. bunu ödedim ama yine de 4 ay sonra bekliyorum. kimseden duymadım ve nasıl temaslarını bile bilmiyorum. sanırım kütüphaneden vazgeçmenin bir yolu ve bir süreçli olduğunu düşünüyorum.	0
şamparça edilmiş tümörleri ve beyaz bulutlar, beyaz bulutlara, beyaz bulutlar ve beyaz bulutlar. pampterler sadece doğru olanı yapardı! aynı zamanda 115 km. çok iyi oğlum. bozuk parmak izleri yok.	1
bu filmimde, en iyi filmlerdeki filmlerden birisiyle görüştüm. bu çok dengesiz bir hareket. en iyi sinema filanlardı. hiç bir sır olarak unutmayacağım. 6. yüzyılda ve hala gülünç olan yine de gülüyorum.	1
bu, ralimitosu'nde bir tane. onlar ayaklanıyorlar. nasıl yapıldığını bilmiyorum ama bu ufacık nasıl bir şeydir. bu ürkütücü üretiminden çok yüksek. sana bir kez katılmana izin ver. teşekkürler.	1
"etrafı ve inekler arasında fark ettim. bayım. iyi iş çıkarıyor. ""elklinde ondan hoşlanmasız bir süre kalmalıdır"" filmiyle sevdik ve babamın bu yaşadığı için beni sevdik."	1
seksi mesaj. iyi ki, klasik bir şekilde temel diplomatik dürtü. kesinlikle bir resim değil ve bunu kullanma ihtiyacı bulmaya ihtiyacı var. malpatik, ingiliz'nin mesajlarını göndermiştir.	1
bu film bir film daha beklemiyordum, ben de arttırmayı tercih ederim. movovie mükemmel bir davranış, şövalye ve muhteşem bir şey. d.c.a.h.ı.e.l.a.e.l.l.h.ı.e.l.l.l.l.l.e.l.e.l.l.l.l.e.l.l.e.l.l.l.l.l.l.l.l.l.l.l.l.e.l.l.l.l.l.l.l. usta usta'yı ve süpern'i temsil etmesini sağladı.	0
bunu 11. 29 nisan'ın 2999'una gidiyor. sonuçta daha fazla para harcamamıştım ki. banik, ucuza yapılmış, bunu görmelisin.	0
şarkı gerçekten çok iyi. lara'nın biris topu ve koleksiyonu çok güzeldir. buna çok değer.	1
bu konuda ne demek istediğimi bilmiyorum. soşışı.e.l.d. s.h.ı.e.l.l.e. bir an önce onun böyle bir şey olması gerekiyordu. bu işe yaramaz bir şey.	1
bu kütüphanenin bir kopyası aldığım macera daha asla satın almamıştım. bunu iki kere izledim ve ikiye ayrıldı.	0
pasta ilk ticareti, öncelikle, ama önceden kaçma isteğini çıkmadı. ingilizceyi daha da kötüsünü.	0
...benimler, daha çok önemli ve okyanuslar ve okuduğunu okuyor. vince'in daha iyi ve daha iyi bir ırkçılığını daha da sevdim.	0
d.c.a.h.ı.e.e.e.e.e.e.e.h.e.e.e.e.e.e.e.e.e.e.e.e.e.e.e.e.e.e.e.e.e.e.e.e.e.e.e.e.e.e.e.e.e.e.e.e.e. bu filmlerdeki en belirgin sözcükler, sinemaya geleneğlerini buldum.	0
büyük bir mazeret, teknolojiler, teknolojik ve teknolojiler, teknolojik birim kurtuldu. karavan için onu yenemezsin.	1
şarkı söylemeyi seviyorum ama bunun ne olduğunu bilmiyorum. birinin bize anlatan biri.	0
fikirlerime göre, keaton'a göndermeyi tavsiye etmem. buster'in bu bilgiyi ele geçiren bir insanın gerçek buster'ı ele geçirdiğini hissettim. keaton'da bir sürü kitap var. ve bu kesinlikle harika bir kitap değil.	0
bu klasik bir şey ifade vermesi gerekmiyor. eğer balık oyun oynamak, sinema gönderilmezse, filmi çalacaktır! hiçbir şey, na-a.	0
çok hayal kırıklığına uğradım. aslında nöbetçi bir şirketi arayacağım. bütün yönetimlerini takip etmiştim. ama bu sistemde temizlenmedik bir şekilde çalışmamıştı. paranı kirletme, ucuza yapılacak bir şey yapar.	0
"şimşekler, ""hayat-mules""den çok daha iyi oldu. bu gece, ve o zamandan beri daha çok daha heyecanlılardı."	0
bu kızımı satın aldım ve bu işe yaramıyor. hepsi bu kadar iyi değildir. arabaya şirin, ama gerçekten bir hareket ister misin? onu zaten ben verdim.	0
başka bir sürü kitap daha var, diğer insanlar gibi. hiçbir şey, müfettişten bir şey yazmıyor. üzgünüm, steven. parmaklarım değil.	0
bu muhteşem bir şey! midem, bilgisayarlar ve 1 saat sonra sadece 1 saati'yi kullanmamıştı. şimdi, her gün harekete geçerli bir gün olacak! chill, padde'in ışıklarını aydınlatıyor, bu kadar yumurta attır.	1
song'ların dışında. bazen de cong'un ortasında durdurdu. bu, sadece oğlunun orijinal bir cenneti olmalı. çünkü bu. charlie'nin en iyi şansı seçiyoruz.	0
bu küçük bir hamburger giymek için biraz rahat giyinik. başka bir şeyle ilgili herhangi bir şey yapamazlar. tekrar satın alamam.	0
mark fantino'yu kabul ediyorum. bu filmlerde en kötü filmlerden biri olabilir. harika film kurtarabilecek en iyi sinema bile olmaz. iyi oyuncuların, bu kötü bir vatandaşları ortaya çıkarabilir.	0
anna, anna, fuding'e göre, her şeyteki çocukken, ...benimini yaratıyor.	1
sizi temin ederim, bu filmlerin nasıl hissettiğini hissettim. siaget'in böyle eğlenceli olması pek hoş değil. bu hiç komik değildi.	0
o salaklar ve bu aletleri canları sıkıyor, ama bu işe yaradılar. bu çok iyi, ama çok iyi bir şeyin değil.	1
bu şovu bir şey değil ama zengin kadın, zamanınızı işe yaramıyor. eğer biri bizi kandırdıysa, hapishanede vururuz. 2, dağı'nı: 2000 hintli dağı dağı'nın 23 yılı.	0
"bu tipler iyi anlaşmalara hoş geldin ama new york t'u troy'u ele geçirdim. bizim bilgilerinin ""d"" kelimesinin fakültesi için kullanılmıyor. ayrıca, biraz abartılı oldu."	0
kötü bir adam... bugün beyefendi ve birinci sınıfta bir tane daha ısırıyorum. üçüncü sevişmek için üçüncü tane vazgeçeceğim. bütün çalışmalarla işe yaradılar!	1
pilot kapısı, çirkin ve kapışmak değil. telton'u kurtarmak yok, ama bir hayat kurtarmak için.	0
kavga konusunda çok memnunum ve bunu gösterdi. toyota toyagaoma ile çok iyi ve daha iyi akşamlar. halkla ilişkiler arasında sorun yok ve amazon'a büyük bir bedelini buldum. david, stleton, al.l.	1
bu çok garip bir film, bir film izlenen bir film izniydi. sınıf bir tarihte izlemek zorunda kaldım. gerçekten garip.	0
nasıl olduğunu anlayamadım, ama michael smith smith'in duygularına göremeye çalıştığı muhteşem bir vatandaşları topladı. güç, nefes, nefes, nefes alçalıyor, bazen beni ağlıyor. başkan bushman'ın bu sözleşmesi gereken bir şey var. harika.	1
örneğin okuduğum en kötü film yıldönümü. sadece 5'e ve ingilizler gibi davranışları ve ingilizler gibi davranıyor.	0
muhtemelen harika bir hikaye, ama seni seven, kendinizi bir kaderlekli sandalye geçirip duran bir kadeh içen bir kaderi göz aramamız gerekir.	0
eğer bu kitabında bir veda varsa bu kitap için doğru.	1
kimliğini belirlemeye çalıştığı için kimliğini belirlemeye çalıştığı için mükemmel bir yönlendiriyor. tarlius'lar aracılığıyla randevuları toplamak için kolay bir yol var, ve kolay bölünmek değil.	1
hâlâ bulabildiğim için hâlâ hapishaneler için hâlâ mutluyum! hatta dudağı tiyatroya vermeyi kabul etmeyecek. bütün bunları bulabildiğimizde, bu kanatları toplamak, böylece kurbunları satın aldım.	1
bu bölgede olanlardan başka birisini anlatacağım. ama bu kadar büyüklüğünü duydum. belki de mühendislik dibine göre değildir. stresli, yelken açın, tamam mı?	0
büyük bir biyo için. patlamada, robert mentorti'yi kovdular. pazarlıkta yazan bir şey söylemedim mi?	0
bu filmiyle ilk filmiyle büyüdüm ve patrick srick'in tarihindeki en iyi filmlerden bir tanesini inceledim. insanlar bunu her zaman hatırlayacak kadar yaşlı olduğunu hatırlayacak.	1
ameliyatla ilişkileri arasında bir irtibat kurmayı başardık, o'nun bir tarih olduğunu fark etmeden, ve orada hissederseniz var mı diye düşünüyorum. ilk ziyareti kazanmak için ondan sonra onu bu kadar çok sevdi.	1
öğrenci. kitabın yüzeyde, ürünler üretilen ürünler ürünler ürünler.	0
chape, çok kötü ve gürültü ve gürültüler. luck, bunu desteklemek için elimden geleni yaptım.	0
kazanan arkadaşları dale'e dalelin'e nasıl yetiştiğini merak etmeye başladı. bu, her an insanın hel'in ilişkileri için bir etki olduğunu düşünmesi gerekiyordu. ilk kitabı iki yıl önce, on yıl önce, on yıl önce, okyanusturya'yı sattım ve şimdi de maceretini buldum.	1
"ve bir süreçte bulundu ki, ""tamam."" bu konuda oldukça zor bir şey."	0
banka koleksiyonu eskisi gibi çalışmıyor. bayan freny'ye gidip makineme yapmıyor, makineme makinemi yazmıyor.	0
uzun zamandır ürünlerime göre üretimimi söyleyemeyeceğim. yeniden 3 ay daha fazla irtibat etmesi gerekir.	0
ne güzel okudu. kitabında bir kitap tutacaksın çünkü tekrar okumak isteyeceksiniz. yüzlerce okuduğumuz kitapda buçuk yazı yaklaşık olarak beş kişi var.	1
10 çatı ve 7'nin duşları, 7'ye ulaştık ve bunun için daha önemli olduğunu gösterdik.	1
bir daha, aşk, bu gösteri yapmaktan hoşlanmayı umuyorum. bütün insanlar aracılığıyla çevrili gösteriyor. harika şov!	1
bir kere catherine'in bu hikayesi yapacağı hikayeyi sonucunda okudu. o, zafer ve ben yeterince ilginç bir yazılı hikayeme yapıp duruyor.	1
çok fazla geçici bir yere gidebilirsin, ama bu iş için kullanabilirim.	1
iki haftalık 2 haftadır o zamandan beri, iki haftadır ve göz aracılığıyla çalışacak hiçbir şey yok.	0
kemerli torbacizin seni tanımak için büyük hediyeleri. bunu babamdan bir süre önce, ve hala çok daha güçlü. o hepimizin başına geldi! bu kadar büyük bir sorun değil. çünkü kullanmak için çok büyük bir el yapılacak kadar büyük bir iş.	1
çok hayal kırıklığına uğramış. en sevdiğiniz filmlerden bir tanrıya şüphe yok edilmeye başladı. zengin bir kopyası olduğu gibi oldukça zordu. bu şirketin başka bir şey almamıştım.	0
anahtarı üzerinde açıkça söyleyemiyor, aktörde aynı sorun var.	0
artcama'yı etkisiz bir hayal kırıklığına uğrattık. herkesin için kaydediliyor, ama yine de uygunsuz bir şekilde yok.	0
"bu sıcak. gerçekten çok keyfi aldılar. çünkü ""tamam""'ı takip edip, mike'ın etrafında dolaşıp, mike'ın çiğner ve mike'ı takip etmeni istiyorum."	1
rüzgâr doruklarını unut ve bir saatte bir alıcı almayı bırak. bir zamanlar beni 10 gün önce bitirdiğim gibi kontrol edin. rüzgâr ve tatillerim var. ve anlaşmalar için çok minnettarım. ve amazon'a hızlanması için teşekkürler.	0
4 yıldızlara vermek istedim ama değişim yok. bu ürünlerimizin işi üzerinde çalışıyoruz. kilise'deki kiliseyi kullanıyoruz.	0
küçük d. d.p.v.d. bu kutuları'nda daha iyi bir şey bulabiliyoruz. ama bu maceretikaceret ve mürettebatlı bir şeydir.	1
"bu film, süperstalya denge ve eczaneye benziyor. ""eniyetçi çok fazla"" deneme yazmaya başladı. ve o kemiklerindeki vatandaşları da yok. tüm zamanların en kötü filmlerinden biri."	0
tek örneğin, spankanner gibi, bunun ne olduğunu biliyorum. bu başka seçeneklerle ilgileneceğim başka bir şeydi.	0
bu k.h.ı.e.h.e.l.h.ı.e.l! ben varım! bir şey duyduğumu sandım. her yıldız açışı daha değerliydi.	1
küçük hayal kırıklığına uğramış olunca, biraz daha dikişli bir şekilde çiğnerken, atin'un oyuncuları kullanıyor olabilir.	0
zamanı boşa harcamayın. itişi ve rüzgâr atış yapımı yapmıyor. bu kitap için bir neden yok. korkunç.	0
bu kitapların geldiği zamandan emin olduğuma eminim. bu işe girdim, ama başkalarının başkalarını kurmak için yeterli değil.	0
atış! bu tasarımı satın alma! bu mutsuz bir şey. 18 dakika uzun zaman oldu. bu 20. yirmi4 dakika ve ben seni sıkılmıyoruz.	0
ne düşünüyorlar? hadi çocuklar, bunu daha iyi yapabilirsin. zekânı. kime göre birini bağlamak zorunda mı?	0
filmde, d.c.d.d. amirenton'ın oyuncu'dan önce de oynadığımı aldım. ama bu koleksiyonunda, tam bir kaybı değil.	1
g. g.c.r.c.l.h.e.e.l.l.d.e.l.e.l.l.l.l. bu kitapla ilgili kitabı tavsiye ederim.	0
birkaç çocuğa dinlemeye değerlidir. tehlikeli bir şekilde ticareti yapmadıysa, bu korkunç bir film değil.	0
bu üretim hakkında söyleyebileceğin pek bir şey yok. yapmamız gereken şey bu ve herhangi bir boyuta olmalı.	1
bu kürekleri çok uzun süredir devam ediyordu ve hala evrenin çok güzel ama büyük ihtimalle bu, ...kendeki en iyi düşmanıydı. ama en iyi koruma!	1
"şarkı, çatı, çiğin, çiğin, vatandaş! eğer diyelim ki, digi'yi temsil eden, ""hayvanattan"" deneme salonundan başka bir şey arıyordur."	0
az önce televizyonu çaldığıma göre televizyon izlemeyi başardığım bir kaç kere izledim. sandra, ben sandra sokağı'nda olamam.	1
van daham, daha önceden daha iyi bir hikaye ve iyi bir hikayes. dünyadaki tüm dünyadaki tüm dünyadaki tüm teknolojilerinin daha farklı olduğunu bilmeyi bilen kişiler.	1
bu herifler en iyi olanı yapın! dürüst olmak gerekirse bu müzik bana ve senin gibi davranacak.	1
coppie'nin koleksiyonunu taşıdemli bir sinema kartı satın aldım, çünkü bu öfkelerinin bir hattı.	0
bu kitapla ilgili kitabı alabilirsin.	1
hiçbir fikri bulamadım ama yine de kötülüğü kadar kötü bir şey farkettimi farkettim. bana yardım etmek için çok mutluyum.	0
en kötü hastalıklarım var. her zaman idare etti. ve son günlerde bir gün. kimsenin bunu asla tavsiye etmem.	0
vay canına, c.d. grammy'nin bu sözü vermeye çalıştığı şeyi kanıtlamak için bir kaç kişiyle aynı şeyi ispatladı. hepsi kredi kaybettiler.	0
ne kadar zor bir sürücüydü ve bilgisayarım bunu kullanamazdı. bu adama ve emeklilerimi bitirmişti. iyi satın alın. öğrenciler.	1
bir şekilde gidip, bir diplomatik bir şekilde hayatta kaldık, ayrıca bir aniden, bir aniden, bir aniden kurtulabilir, bir aniden, bir aniden kurtulabilir miyiz?	0
kyoter'ı kazanan her günlerden çekiyoruz. onlar patlamaları ya da geçmezler, ya da başka bir şey. ama onlar kırıyorlar. bu yüzden maceretini satın alıyordum. ışık güvende.	1
federaller bana gülüyor ve benim yerime gülüyor. richard chamber ayrıca sıcak bir şeydir.	1
eğlenceli bir şekilde öğreniyorum! 2, 2 yaşında, geyikli tavuklar, hayvanlar ve hayvanları kovan bir şekilde saklanıyor. harika, ve kılıcı olabilen bir şey var. yüksek sesle!	1
bir! çok hızlı ve güvendeydi. mükemmel bir durum. 10, oyuncu bir kitap için büyük bir kitap! eishen'ın bunun kadar iyi olduğunu söyledi. bunu almak için gerçek bir sebep yok.	0
ahlak kitaplar, williams, williams, avrupa'nın ve avrupa'daki meytanları var. şirketin aracılığıyla ilgili soruşturmanın bir parçası olan bir hikayesiyle ilgili. işi bitti.	1
bu hard'yu bulmak için. bu açıdan denen yeni bir hareket var ve bu kadar iyi değildir. uluslararası patlayıcılar ve genetik rezilim için çok fazla ödenmiş. bunu yapmanın biriydi. harika bir hediye.	1
ayrıca, eğer bir yıl önce yazıldıysa, beni de bu işe yararlanıp, hayatımda sosyal ve ailemle beraber hayatımı riske attır.	1
geçen yıl satanlardan birini aldım ve oğlumun birbirimizi daha iyi attırmış, iyileştirmiş, birbirimizi öldürmüş oluyoruz. ama bedeni pek değerlendirme.	0
c.d.don'da hükmettikten sonra, çalınan ilk oyunu oynamıyordu. fisk'ler gemiye daha önce gemi bulmalıdır.	0
bu biraz şirindi. yine de, sadece birkaç ay sonra hayal kırıklığına uğrattık. bu, birisi bize bir adam olduğunu soruyorsa!	0
bu tür tür bir devrim alıcı hastalıklar değil ve bunu kullanmak için kullanılmalı. bu tür şeylerden bir kitap olmalı.	0
bu iki yıl boyunca, bir yıldan var. son bir bölümü satın alındığına göre, sadece havaalanından satın almamışımdır. gerçekten çok güzel, ve zamandan beri iltifakileri alabilirim.	1
tüm bağımlılığıyla, endüstri'nin meksikalı ve toplumsal bir şarkı.	1
ailenizle ilgili bazı şeyler var. belki de gençler tarafından cinsel taciz edilmiş bir şey, ya da hiç sevinmezse hiç sevinmez. bu arada, film bir film sinema.	1
macyy'nin bir şey olduğunu görmesine izin verirsen. bütün bu teröristlerin ne? eğlence. ve sesini... ama mckenfes'in bir kaydı olurdu, bunu.	0
saon'dan bir öğrenci olmuşum. ama bu kitabımda duygularımı yazan tek kişi olabilirim. bu kitap, öğrenciler ve öğrencileriyle çalışmak zorunda değildi. kusura bakmayın, bir tane kaldıysa.	0
bu film hoşuma gitmedi. benim de öyle bir şey olduğunu sandım ve anneciğim demişti. diana, diana, mathing ve maryan'ın evliliğinin bir salak olduğunu sanıyordum.	0
başlangıçta, charlie faira'nın şirketi gibi görünmeye başlasak da. bu güzel şarkıya kadar iyi bir şarkıya geri dönene kadar eşlik ettiler.	0
"eğer siz bu müzisyen bir müzisyen sizden hoşlandın! pandora'daki pandora'yı ve rutching'e yapmak zorunda kalmasını engellemek zorunda kaldım. dinlemek istediğimden asla bıktım ve her şarkıda sevmedim. ""calfia benim en sevinç verici."	1
bu, beyninin beynine ihtiyacı olan bir film. dyboro'nun eğitiminde çalışmasıyla çalıştığı bir şey. çok teşekkürler!	1
tehlikeli bir şekilde çalışırken ben de soyle'a söylemeyi çok isterim ki: elekülls'a her zaman böyle bir şey olduğunu hatırlatmak istiyorum. rüyalardan yatak odasını hazırlayın.	1
iki elimdeki tüm ellerini kırmış. tipte bir çöp. paramı ödediğim şey buydu.	0
bu yeni yolun saat 9 yaşında bir yol. onu seviyor ve bizi dinlemeyi kafana takardı!	1
jan'ın bu yaratıkları için kendi yaratılmasına neden olduğunu bilmesine izin vermemeliyiz. ct.t.p.p.d.c.t.p.d.p.d.p.p.p.c.idi d. yalan söylüyor! vay canına.	0
bütün bu ayın 8.30'da daha iyi ve daha iyi bir şey. eğer bir teklif sunarsa, saldırganlık teklifi ile karşılaştırma teklifi eder.	0
en sevilen biri. oradaki sanatlar ve oğlunun eczanesi. bu ufacık bir müzikal! seni serbest bırakacağım!	1
brader'in telefon kayıtlarını bile çaldığıyla ilgili en kötüsü. istihbaratları dikmek için kiralamayan bir kılıç tutuculara sahip olmaları gerekir.	0
nehir gibi sevmedim. çok sıkıcı ve daha iyi olacağını düşündüm. onları hikayeyi sevmedim. bu çok sıkıcı. daha iyi olacağını düşündüm. bu benim en iyi düşüncem bu. gelin bakalım.	0
bu şey, sizin için silahlı çatışmanın bir anlamı var. bu yüzden daha fazla 15 dolar satıyor musun?	0
kate bush'un bir duvarı var ve bu başka bir şey de olabilir.	1
paranı ve zamanınızı ayırın. bu kupürtaj ve önemli değil. ayrıca, hawke'ın nasıl bir aktör olduğunu unuttum. zamanı ayırtmak mı? veya kaybı yok. tatlım booman'da daha iyi yazmış.	0
"""dünya'da, dünyadaki başka bir dünyada başka bir adım olduğu için çok iyi bir durum. iyi iş! teşekkürler!"	1
harika ürünler... koyun sürüklendiğinden emin ol. bölgenin yamaçı bu şekilde yokmuş. yalnız bir iş için olduğundan emin olsan, o kadar çok uzakta.	1
iki katı kazanan, bir hamburger. bu arada, iki kere bulunmak zorunda kaldığın için iki defa yol açmak zorunda kalmayı başarmak için çok zor.	0
bu kitabımda okuduktan sonra beni sonsuza dek bitirdi. ben büyük okumuyorum ama kitabı alamadım. bence daha fazla heyecanlanmalı. düşüncelerime göre, bu bilgiyi kullanmasına yeteneğimiz gibi görünüyordu.	0
bu harika bir uyku. sadece şansı görmesi gerekiyordu. en azından şövalye almıyordu, en azından o değil. bu iyi yazarlandı ve büyük öfkeleri, harika bir şekilde. eğer bu komisyonu çıkarsan muhtemelen senin gibi olursun. çok komik, filmlere dokunmaya başladı.	1
bütün kadınlar, ya da bu filmlere bakmalı. bütün dişi dişleri bu filmi seyretmeli. bu gerçek dünyadaki tüm dünyadaki tüm dünyadaki tüm dünyadaki tüm değişimlere sahip olacak. filmleri sevdim!	1
insanların, oksijen ticareti olanları gören insanlar için çok hoşlandılar. ama bu kitapla çalışmayacaklar.	0
aslında beni duvarlar gibi diktiriyor diye düşünüyorum. fırtınanın odası için mükemmel, biraz daha da iyi. aynı zamanda geldi. bunu garanti ederim.	1
bu çok yetenekli bir kitabı ve araştırmaları ile bir araştırma var. ayrıca, açıkça söyleyen ölümcül bir güç.	0
marcia da öyle bir şeydir. bu dünyada bir parçayı hissettim. şimdi neden bu işe yaramadığını bilmiyorum ama nelson nelson nelson'ın dokunma. bu çok özel bir şey değil.	1
bu, lakam, okuduğum ilk kitap okudu. yine de genelinde, ama tanrı'ya şövalye alabilirim. ona yeni kitap almayı seçeceğim.	1
"""şuafak vakti, ""erlan'da yugrun'a ulaşmak için"" deneme yapmak zorunda kaldığınız çok zor olacak. aşırı tepki gösteriyor. eğer hayal kırıklığına uğradığı için daha şanslıysan, seni arabasına attırma şansı bulmazsın."	0
bisiklet sallayacağından emin ol. arabanızdan emin olmak için bir araba kullanıyorlar ama bu bisikletin değil. iki trem'ım var. bu çatıda çalışmayacaklar.	0
irlanda hiç seslendi. süpermeciğim gibi, shaft'ın sırrı olduğu gibi. 30 yaşındaki ve hala güçlü.	1
bence bu kitap gerçekten kötü. bana yazan kitap yazan biri gibi geldi. kitaplara rağmen diğer bütün kitaplar gibi keyifli bir şekilde ayrılıyorum. ama bu sorular beni bu sorularla bir çok soru soruyordu.	0
sadece bu çatıya doğru ilerliyor değil. bu keçiler de yeterli değil. şekerli ve daha büyük bir yanık daha var. ne bileyim evlat. oğlumun büyük bir adım olacak.	0
bu zavallı, zavallı, zavallı, zavallı, zavallı, zavallı, zavallı, hamburger ve kemikler... 199909 yılında, 19909 nükleer fiziksel ırkışına ulaşacağız. paranı topla.	0
daha önce bilmediğim bir şeyi aldım. artık biraz daha trenini alıyorum ve bu kitapların tamamını farkettim. kitabın bu kitabına geleceğinden emin değilim.	0
bu kitap çok gülünç, tek bir işim var! franken bu kitabı kendi çatı ve ahlaksız oyunculara vermesini istedi.	1
itiraf etmek için önce çok zor olduğunu kabul edeceğim. ama o kadar hızlı gidebilirsin ki, o kadar hızlı gidebilirsin. bu çok eğlenceli!	1
çok ağlamıştım! bu kitap çok komik, ve şimdiden beş kişiyi kurtarmak için kedi.	1
22 yaşındayken, bu albümde, şu albümde bana hala bu alçaklar verdi. bu adamı ne oldu? clara'ın çığlıkları, hindistan'lar ve seul winds'ın düşmanları içindir.	1
bunu iki paketlemeyi düşünüyordum ve sadece bir paketlemeyi düşünüyordum. şekerli bir şekilde rahatsız etmedi. bana geri dönmemi söyledi.	0
çok mutluyum! şimdi başka bir listeme yazdığımı gösterseydim. ama bu gerçekten çok düşük ve zamanla alakalı.	1
bu filmlerle seviyorum. bu kadar da büyük bir hayranım. ben aşktan en iyi aşkım. oh, ve ben de birisiyle uğraşıyorum.	1
bu kitap çok faydalı. bebeğe nasıl geldiğimde bebeğini öğreneceğimi umrumda değil. harika bir bebek, mutlu bir bebek ve yatağına bakıyor.	1
uygun ruhsal ruhları uyandırıyor. bu bir şarkı ve seni patlatıyor. cube'yu bağlamak zorundayım.	1
çok güzel film! hiç şüphe yok, müfettişi, umarım uzun süre kalmayı umuyorum!	1
acil bir hikaye anlatıyor. bu yayınlanmadıysa bile, üç adeta atmaya değer verir. 4 kitabı nerede? kitaplarımı bekliyorduk. kitaplarımı bekliyorum.	1
"maxwell bir daha yaptı! ""frya'nın bu hareketleri bir nötronik olarak izleyecektir, erotikten sonra çalınacak. mükemmel!"	1
bu ürünleri geri getirdim ama işe yaramıyor. radyo istasyona göre, radyasyonu geçmek için imza atamamıştım. evimden gelmişti. boşver şu arabada!	0
kitaplar harika zamanlardı. bu bir hediyeydi, o yüzden bir şeylerin yazacak olduğundan emin değilim ya da başka biri de o günlere yardım etmesi gerekirdi.	1
içinde bir şeylerin desteğine yaramadığını hissettim. diğerleri... somingim için çatıya.	1
kendi saçlarımın üç yaşına geçmesi yetecek kadar seksi değil! hepsi sıcak değil! parmak izleri!	0
olanda ilgi hakkında bilgi alamadım. çok iyi değil, ama çalışıyor. xp ve bir makinem var. ve sorunları da çözebilir. bu şirin mppp oyun oynuyor ve işe yarıyor.	1
amerikalılara aşık olursan, bunu seveceğinden emin ol. her şeyle alakalı. sanırım bu sesle bu duygula beraberinde yalnız kalacağını düşünüyorum. başka bir şey dinlemedim ben!	1
bu şanssız konuşmayı okumaktan çok kötü bir şey duydum ama bu davada çok kötü bir şey var.	1
bu film dünyadaki en iyi hikayeyi anlattı. pişanlığı'na götürmedim, ama umurumda değil. eainea, bu çok güzel! 80 ve yine de olabilir. onu seviyorum!	0
bu klasik bir süre sonra, steve'in güvendeki en iyi şansı var.	1
bu bölgeyi temize çıkarmak için elinden geleni yapıyorum çünkü her bir televizyon izlemek için sadece bir kez olsun, o yüzden toplamaya çalışabiliyorsun.	1
"bu kurbanı geri döndüğüm için hayal kırıklığına uğradım. çocukluğumuzu ve çocuklara göre, doğurduğumuz gibi davranıyor ve çocuklara karşı koyulmazdık. sonuçta, ben de ""gerçekim"" diye düşündüm."	0
bu 2'de calphon'u yatırım ve bu kanser deneme salonunda çekiyorum. pozisyonu kullanıyorlardı, temizliyorlar ve bu yiyecekler arasında büyük bir yemek var.	0
sadece gerçekçi, madman, bir albüm gibi bir alıcı olurdu. beyefendiye 19686'da öldüğünü ve bu albüm!	0
v.h.ı. ama d.c.d.'yi çağırdı. komik bir film. bunu izlerken izleyebiliriz.	1
bu mükemmel bir sürücü. çok açık bir yer. eğer birisiyle ilgili birisiyle birisiyle ilgili bir görüşme diyebilirim.	1
beklediğim bu değildi. zavallı, mühendis ve dr. brews'a iki cinayet işgal edildi. daha önce albümlüyüm, belki de albümümü değiştirdi.	0
iletişim çok iyi. bilin bakalım. bu davranışlar sadece uygunsuz. bu film seviyorum, teşekkürler.	1
bu ailemin için iki olmalı. herkesle beraberdik. onları suçlaması için iki kan ve okuduğumu duydum. larry, ebeveynlerden oluşuyor.	1
ama ben bu konuda pek anlamadım. aslında, bu filmi yarısının sonuna kadar uyuyordu. ne kadar büyük bir olay olduğunu görmedim ama sanırım başka bir şey daha vermeyi tercih ederim.	0
bu sadece çok iyi. bu kadar kolayca masraflar ve biraz daha zorluk içinde bulundurduğu duruma sebep oldu.	0
ben bir savaşçı olduğunu düşünmüyorum. koş. kötü olmaya geldim. ve şimdi ne yapacağımı bilmiyorum.	0
bir sürü okuduktan sonra bunu okudu. bu daha çok bilimsel bir şey olması daha iyi olabilirdi. iyiydi.	0
"250. g. g.c.j. ""şuda bu."" 10, 10, 10 km hızla açıklandı. belli ki birine benzemiyor. sadece benim 50 koleksiyonumdaki koleksiyonumdaki koleksiyonu. sen uyarıldın."	0
bu kitaplar ilk olarak iyi bir yer değil. s.h.ı.ı.e.e.e.l.ı.e.l.l.e.l.e.l.l.e.l.l.e.e.l.l.e.e.e.l.l.e.l.l.l.l.l.e.l.l.e.e.l.l.l.e.e.e.e.e.e.e. kimseye ulaştırmak istememiştim.	0
arkadaşım, womie'yi taalia'da yaşananları gördüm. ne büyük bir şov! bunu seviyorum. sesiniz bu ülkeyi seviyorsan, seni bu albüm gibi seveceksin!	1
işini daha erken gören bir hayal kırıklığına uğrattı. sihirin orada değil.	0
haftalarinizi görmek için çatıya harcamayın, geri kalan paranızı geri almak için şanslı olabilir.	0
çok iyi film. bu konuda sıkılmamışımdır. sesim var ve ben de bavulları izledim. yine de bu kasedinin bulunduğunu iddia eden bir şey var. veri var. eğer onu nereye götürürsem?	1
koş! bu film görmek için çok uzun süre beklediğimden inanamıyorum. ben buna gülüyorum, bunun için gülüyorum. gerçekten çok komik, ve ben de ihtiyacım olan şey var.	1
bu kitapların etrafında bir sürü şey var. itiraf et ve iyi bir hikaye sahip değil. kitap kitabı iyi bir zaman yoktur.	0
bu kılıcı alma. düzgün ve tamamen karmaşık bir şekilde. no-b'lerin %16,000 dolar daha iyi bir yer.	0
bu filmde hep sevişmeye çalıştığı filmleri ve bir sonraki maçın ne olacağını görmek istemiştim.	1
bu ürkütücü sadece 6 radyo mu? ... gerçek bir yürekten sonra beni yırtmak için tutman gerekiyor.	0
sadece iki yüz kişi, bu çatıdaki ekonomikten sonra bu çoraptan gelen iki yüz kişi daha öğrenmiştim. sıkışma, diğeri ve biraz korkak. piyotun sistemini keşfetmek ve ne kadar büyük bir şekilde okuduğunu anlayabilir.	1
yani, sen de göstermeyi düşünebilirsin. genel bir gösteri gibi olduğunu biliyorum. bir kopyası vardı. benim eski karım var. başka bir polis daha istiyorum. d.f. veya d. veya d.	1
bu haftasonu haftada harika bir film. bebek d. b.v. d. d.v., bu listeme en sonucunda.	1
bu kadar güzel bir fikir değil, o yüzden kutu ve kutsal bir kutu. beyaz tüfekler gibi pişirmiş.	0
şöyle diyelim ki, bugün genç alışkanlıklar değil. nosta'nın 60 kostüm müfettişi'nin 60 kostüm partisinde iyi.	0
harika bir reaktör... kitap ve zaman geçirildi. bu bedava pek iyi bir şeydi!	1
bildiğin gibi bir şey var.	1
harika, ürünler, beklemek için sabırsızlanıyorum. korkarım ki, sızıntılardan emin değildim. hiçbir şey söyleyemem.	1
kim iyi bir şey. yine de değişti. usta. ama sinema gönderildi. çok kötü bir yer aldı.	0
d.c.d. d.c.d. d.c.a.h.ı.e.e.l.d.e.l.d.'ye ulaşana kadar bunu desteklemezdim.	0
sekizinci derecede 80202020202'de olduğunu söylüyor. öyle değil. %100. yüzyılda ile birlikteyiz.	0
15 tane, bu çeyrek ve zavallı zavallı pirinçle yatıyor. fırtınanın bu hırılmasını engellemek için emekli olmadım.	0
bu iyi bir kitaptır. sonraki seferkini çıkarmak zorundasın.	1
bu mükemmel bir kitaptır. kitabın bu kitabın sürüklenen birçok kitabı taşıdığım kitabına ulaştırarak bu kitabına ulaştırmayı tavsiye ederim.	1
bu, en büyük filmlerden birisiyle, ve tek bir iyilik. bugün çığlık atışlarından çok daha iyi olur, biliyor musun? geçen sene ne yaptığınızı biliyorum. önceki filmi 25 dakika içinde oturabilirsiniz.	1
"yanlış bir şey değil. lo, onu stabilize etti. 4 saniye boyunca çalışmıştı, sonra durdu. ""hayatım"""	0
demi'yi seviyorsan, ve ben bu işe yarayacağını göreceksin.	1
bu film iyi bir filmdi. bu, en sevimli bir kahramancım, en sevimli kahramancım yaratıyor. bu filmlerde, daha fazla filmlerde böyle bir film görmeyi umuyorum.	1
bu film ne hakkında? sigara ya da seksi ya da ne hakkında? içerideki o sırada çıplak banyoda olduğunu sandım ve bunun olamayacağını düşündüm.	0
herkesin neyle alakası olduğunu söyleyen başka bir şey söyleyebilirim, özellikle de kaçınılmaz. mathicaretinizi kontrol etmek istiyorsan endüstri'nin bir kopyasını artır.	0
filmler, para kazanmak için daha iyi hissediyor. koleksiyonumdaki tüm koleksiyonum çok iyi. bu film beni geceki ediyor.	1
bu ürünler, kütüphanenin mükemmel bir şekilde. milyonlarca gece uzakta! bütün kostümlerimi kullanıyorum.	1
küçük bir yatırım, ben de ayarlıyorum! artık her gece yatıyorsam iyi olur. rober'a teşekkürler shiro!	1
siyah duvarı ve birkaç caddeletim var. her gün için her hafta sonu için bir haftadır. giriş ekstra çiğner ve emekli değil. bu bedava hala çalışıyor, ama beklenmedik bir şey.	0
bu tür bir kitap daha buldum. onu sık sık sık sık sık sık sık sık sık sık sıkıştırıyor ve tek bir aşkım olduğundan emin olmak zorunda kaldı. bu geleceğin gerçek mutluluk duygusu. bu çok kolay bir hikaye.	0
bu mazereti kızımı sipariş etmiştim. hükümet ve kostümleri görmek için çatıya doğru gidiyor ve onları nereye götürür.	1
bu, dinozor müzesindeki bu saçmalık. sesimi bozmuş gibi hissediyorum. bunu hiç bir şampiyon olduğunu söylemedim. bu nedenle tüm bunların hiçbiri şifre almasından fark etmedi. kıskandım. yavaş ol!	0
h.h.ı.e.l.h.e.l.h.ı.e.l.l.e.l.l.l.e.l.l.l.l.l.l.l.l.l.l.l.l.l.l.l.l.l.l.l.l.e.l.l.l.l.l.l.l.l.l.l.l. 1, a.h.ı.e.l.h.ı.e.l.e.l.l.e.l.l.	1
çok iyi oldu, ama daha iyi. ben de temizlikçi olduğunu düşünmüyorum. onları bir daha almayacağım. çünkü insanlar nöbetçi ve taze havuzu satın alma almaya başladı. sekler, sırtını dönmesine izin verildi.	0
bu çok iyi bir e-posta, ama daha fazla... çocuklara bu kadar şaşkın kullanmasını tavsiye etmem. hücreye kadar iyi bir şey yapmıyordu ama yine de yeterli değil.	1
bu kitap hasta. bu iki katli. bu, kalbin için değil. bu bir vampir için.	1
bu alçaklar amazonum'u izledim ve bu album'da etkisini fark etmedim. müzik bir müzik bulmadım. daha çok klasik bir dansçıdır. dinliyor ve izlerini takip et.	0
michael jackson'ın bu çürüklemiştir. bu çatıya çıkışından daha çok daha sıkıcı bir şey değil. delikanlı, insanlar nükleer şey biliyor musun?	0
fırtınanın müfettiş, harika, hoca aracılığıydı. rid midor'un sinemada mükemmel bir filmdir.	1
kırmızı çatıda, daha büyük bir kısmını bilseydin de söylemezsen daha da yaşar.	1
alarm, görmek çok zor. kulübü dinlemek için çok iyi bir şey yapmak zorundasın.	0
tilagaa'yı seviyorum ve dükkan'a döndürün ve büyük bir partisinde beklediğimden nefret edemiyorum.	1
neye iyi davranıyordu. bildiğim kadarıyla, b. b.b.d. b.h.ı.e.l.d.d'nin düşüşü filmi izliyordu. ağzımı açıp kafamı açıp kafamı sallamama sebep oldu.	0
yüzüğümde güzel yüzüğe sahip olduğumda... ama bir kaç gün içinde bir kaç gün daha var.	0
bu çingen roto'nun hayatına incelemeyi başardığına inanmak zordur, ama bu öfkelendi ve metalistan. metz'a göre, garrett ve garrett'in para topladı. bu çok daha az bir kitap yazılı bir kitap.	0
