idx	text	gold	pred	correct
0	ürünün aynı gün kargoya verilmesi iyi, ayrıca ürün cok guzel ve kullanıslı ozellikle geceleri cok guzel aynadan sonsuz yansıma yapabiliyor.	1	1	1
1	ancak son 1 ay içinde aldığım 4 adet üründe sıkıntı çıktı.taban ve parmak uçlarında aşırı yıpranma oluştu.bu ürüne duyduğum güven azaldı.	0	0	1
2	"ürünü alacak olan arkadaşlar tereddüt etmesinler. ürünle beraber, televizyon ile aparatı birbirine monte edebileceğiniz iki tip vida çıkıyor. benim 40"" samsung led tvme vidalar uydu. ayrıca yanında küçücük bir su terazisi de mevcut ve iş görüyor. ama şunu hatırlatıyım, televizyonunuzu duvara tablo gibi asıyorsunuz. keşke biraz aşağı, yukarı, sağa, sola döndürebilseydik."	1	0	0
3	i̇stediğim kalitede çıkmadı.	0	0	1
4	ertesi gün geldi üründe çok başarılı ve kullanışlı yorumlara bakarak aldım tavsiye ederim	1	1	1
5	uzun zamandır ismini duyduğum ancak okuma fırsatı bulamadığım bir kitaptı. oldukça sürükleyici, bir solukta okuyup uzun süre etkisinde kalacağınız türden. siparişimde 2 gün içerisinde elime ulaştı. teşekkürler hepsi burada	1	1	1
6	dolap geldiğinde 2 pet şişe koydum ve kendimce denediğimi sandım. mayıs sonuydu ve oda sıcaklığında denedim. su çok soğuk olmasa da içilebilir soğukluktaydı. sonra haziranda kampta doldurunca sular sıcak kaldı. acaba fanın altında olursa soğur mu diye sebzelerle suyun yerini değiştirdim. yine aynı. yarısını boşalttım yine soğutmadı... boş yere fan sesini çektik. amacıma ulaşamadım. kampa gidene kadar iade süresi de geçmiş oldu. paramız boşa gitti. :(	0	0	1
7	sağlam bir ütü düşürdüm fln bir şey olmadı. ütülemede sıkıntısı yok. tavsiye edilir	1	1	1
8	simdiye kadar diger markalarin l carnitin lerini kullandim bunun kadar kotu bi tat gormedim sanki zehir. alacak arkadaslarin bunu bilerek almalarini soylemek istedim.	0	0	1
9	cost efektif bir telefon. çift ön kamerası mükemmel selfiler çekiyor. antutu puanı da gayet iyi.	1	1	1
10	ürünü aldım ve memnun kalmadım. % 50 şarj altından telefon aniden kapanıyor , bataryayı çıkarıp takmadan da açılmıyor. bataryayı çıkarıp taktıktan sonra da batarya kaldığı pil seviyesinden devam ediyor.	0	1	0
11	çok açık ve samimiyetle belirtmek isterim ki şimdiye kadar kullandığımız en başarılı el blender seti. başka markalar ile patinaj çekmeye gerek yok, evde ne var ne yoksa kesip, doğrayıp çırpmak istiyorsunuz.	1	1	1
12	kitap çok sürükleyici ve mükemmel. herkese tavsiye ederim.kitap çok kısa sürede elime ulaştı. herkesin kütüphanesinde bulundurması gereken eserlerden bir tanesi. kitabı bitirdim şimdi yazarın ikinci kitabını sipariş verdim.gelmesini sabırsızlıkla bekliyorum.teşekkürler hepsiburada.com	1	1	1
13	kullandığım süre bir yılı geçti. pilleri çok zayıf. dördüncü tıraş genelde yarıda kalıyor. şarjın azaldığını anlayamadan  bitiyor. diğer özellikleri iyi. bir önceki braun şarjı ve tasarımı ile çok daha iyidi.sonuç olarak tatmin edici bir ürün değil.	0	0	1
14	büyük mıknatısın yapışkanı yok telefona yapıştıramadık	0	1	0
15	maalesef kamerayı korumuyor. kamera maalesef kılıftan daha dışarıda. ayrıca güç ve ses düğmelerine denk gelen yerlerini iyi yapmamışlar, dolayısıyla yanlışlıkla güç düğmesine basılıyor sürekli.	0	0	1
16	telefonda yanma problemi var uzun süre video oyun vs kaldırmıyor ısınmasını takip edin alacaksanız,fiyatin düşmesi bu yüzden	0	1	0
17	yazlık fiatına göre iyi bi ürün...	0	0	1
18	gerçekten işe yarar bir ürün, kumaş kesimleri için kullanıyoruz. çizim yaptıktan sonra kesme işlemini yapıp ütüyü değdirdiğinizde çizgiler siliniyor. hepsiburada.com bugüne kadar aldığım hiçbir üründe beni yanıltmadığı gibi bu üründe de yanıltmadı.	1	1	1
19	kitap tek kelimeyle şahane. tarifler muhteşem. içeriği, anlatım, yazılar, tarifler, resimler, baskı, cilt çok iyi.	1	1	1
20	sitedeki yorumları okuyarak bu ürünü tercih ettim. kokusu iyi ancak parfümü sürdükten 5 dakika sonra hiçbir etkisi kalmıyor. kalıcı koku arayanlar için tavsiye edemem.	0	0	1
21	kanal geçişleri çok hızlı. hd yayınlar fabrika ayarlarında başlarda yer alıyor.	1	1	1
22	daha önceden makinesini almıştım kokularınız güzel be kalıcı hızlıda geldi teşekkür	1	1	1
23	ürün güzel tavsiye ederim ayrıca kargo oldukça hızlı bir şekilde elime ulaştı teşekkür ederim	1	1	1
24	ürün fiyatına göre çok çok iyi bir ürün turkuaz oda rengi ile ayrıca çok güzel durdu kalite bakımından 10 üzerinden 9 bence çok güzel alınabilir	1	1	1
25	ürünü aldım kargo vs herşey iyi ama kesinlikle tavsiye etmiyorum saçlarım çok sert olmamasına rağmen makina öyle zorlaniyorki iyi degil	0	0	1
26	ürün tedarik süresinden sonra 24 saatten daha az bir sürede elime geçti. bu açığı bu hız ile kapatan ve bana bu hizmetleri ile ilk kez yorum yaptıran hepsiburadaya teşekkürler.	1	1	1
27	beğendiğim...	0	1	0
28	ürünü arkadaşımın aracı için sipariş ettim. uyguladık ama sonuç resimlerdeki gibi asla olmadı. i̇şe yaramadı.	0	0	1
29	ücret/performans oranı bence orta seviye.	0	1	0
30	gübre elime ulaştı ama nemli geldi kiloda da ağır geliyor tabi uygulama sonucuna bakacaz nasıl etki ediyor bakalim. daha fazla beklemesi lazim nemli olmaması lazımdı	0	1	0
31	yorumun farkedilmesi için en düşük notu verdim. almadan önce burdaki tüm yorumları okudum. sadece 1 yorum olumsuzdu. evet yüzünüzün bazı kısımlarına jiletten daha iyi traş olmuş hissi veriyor. bu konuda hakkını yemeyelim yanakları tertemiz yapıyor. ama boyunaltı benim gibi karışık çıkanlar için yetersiz. özellikle haftasonu sonrası traşta naparsanız yapın boyunaltındaki kılları bırakıyor. jilet ile üzerinden geçmeniz lazım. kuru veya köpükle de denedim aynı sonuç.	0	0	1
32	telefon ateş gibi ısınıyor. note4 ün çok çok gerisinde kalmış bir telefon	0	0	1
33	beklediğim gibi değil, çok basit olmuş. daha iyi olabilirdi.	0	0	1
34	görüntü gerçekten güzel, malzemesi de iyi ve estetik	1	1	1
35	ürünü aldım ve çöpe attım. ne uzun ne kısa tüyleri, ne ıslak ne kuru hiçbir şekilde alamıyor. çok kötü bir ürün.	0	0	1
36	ürünü almadan önce braun es2 den herhangi bir farkı var mı diye kuşkuluyduk. oysaki ürünün daha birçok artısı varmış. boyalı saçları hakikaten daha parlak ve daha canlı gösteriyor. kullanımı çok kolay. tabi saçınız boyalı olmasa bile ürünü kullanabilirsiniz. boyalı olmayan saçlardada etki aynı daha parlak. yıpratmıyor.	1	1	1
37	arkadaşlar merakla beklediğim ürün 1 gün sonra elime ulaştı. ürün bu fiyata gerçekten mükemmel bulunmaz bir fiyat benim görüşüm.çok eğlenceli üzerine üflediğinizde yanıyor aynı şekilde kapanıyor. üzerinde el şaklattığınızda ise aynı işlemler gerçekleşiyor. ayrıca ürüne bir temas olduğunda aynı işlemleri gerçekleştiriyor. arkadaşlar bence denemelisiniz ben memnun kaldım. hepsiburada.com a teşekkürler üstün kalite ucuz fiyat desteğine devam etmeleri dileklerim ile.	1	1	1
38	bu fiyata kaliteli bir batarya tavsiye ederim	1	1	1
39	aylik paketteki bezler (veya kampanyali olanlar böyle) cok ince. gündüzleri degil ama geceleri sızdırıyor. memnun kalmadik primadan, haftada bir kez kesin gece sızdırıyor, sanırım emicilik az veya çocuk fazla idrar yapıyor olabilir (!!!)	0	0	1
40	para tuzağı bir işe yaradığı yok	0	0	1
41	çok kullanışlı. harika bir ürün	1	1	1
42	hizmetleriniz için teşekkür başka bi üründe görüşmek üzere...	0	1	0
43	ürünü ocak ayının 5 inde aldım aradan iki ay geçti ve samsung s5 telefonumu toplamda 2,5 kere bile zor şarj eder durumda. şarj olduğunda 4 ışığı birden yanıyor ancak kısa bir süre sonra üç ışığa ve ardından 1 ışığa iniyor. üründen hiç memnun değilim.	0	0	1
44	öncelikle bana ulaşması çok çabuk oldu. kitaplığınızda olması gereken bir kitap. fiyatı da çok uygun. üstelik üç kitap seçince bir de kitap hediye aldım.	1	1	1
45	full hd uydu alıcılı usb led yazınca sankı uydusu icindeymiş gibi anlaşıyor oysa uydusu harici var ve kumandada kanal ayarları zor	0	1	0
46	makine elime ulaşır ulaşmaz hemen kullandım motoru gayet güçlü ama torna vida uçları yumuşak malzemeden yapılmış. fiyatına göre iyi sayılır..	0	0	1
47	çok kaliteli olduğunu söyleyemem. fiyatına göre sanki bir tık aşağıda.	0	1	0
48	fiyatıyla doğru orantılı bir ürün. benim beklentilerimi karşıladı.	0	1	0
49	hepsiburadadan aldık çok memnun kaldık herkese teşekkür ederim.tavsiye ederiz	1	1	1
50	tek yaşayanlar evi çok kirlenmeyenler için iyi bir araç. yorumlardaki gibi çok sesli bir araç değil normal bi makine ne kadar çıkarıyorsa o kadar ses cıkarıyor.	1	0	0
51	prize taktığımda iyi olduğunu düşündüm ancak kullanımda üzerindeki delikler gereken yere gelmediğini gördüm. dönmesi için torna vida yardımı ile her seferinde delikleri bulmaya çalışıyorsunuz.	0	1	0
52	ürünü eşim için aldım, pilates topu ve minderi ile birlikte gayet kullanışlı ve hızlı bir şekilde elime ulaştı. fiyatı da emsallerine göre uygun, tavsiye edilir...	1	1	1
53	ürün inanılmaz kokuyor	0	1	0
54	çok kalitesiz ve gazını almanız lazim ürün vasat malzemeden ve çok küçük kullaadım daha gaz alacağım ama çok gerekli degil ama alacaklar gözönünde bulundursun ucuz bi ürün ama işe yarar mı	0	0	1
55	fiyatının hakkını veriyor alıp beğenmeyenler daha yüksek fiyatlara bakabilir	1	1	1
56	teriyer öpegim rüzgar birçok mamayı begenmedigi halde bu mamayı çıtıt,çıtır yiyor sevdigiiçin eminim çok güzel açıkcası köpegim her mamayı yemedigiiçin şüpelerim vardı ama güzelki oglum yiyiyor	1	1	1
57	ürünü almadan önce açıkcası tereddüt etmiştim,çünkü daha önce puzzle merakım yoktu.fakat kullanmaya baslayınca farkettım kı gercekten güzel ve kullanıslı bır ürün.	1	1	1
58	hepsiburada en ideal site.	1	1	1
59	spigen kalitesi diye almayı düşünüyorsunuz ama yanılmayın. ekran koruyucu olarak edge kenarlara tam olarak yapışmıyor ve bir müddet geçince tam yapışmadığı için jelatin içten tozlanmaya başlıyor.tozlar yapışıyor. ayrıca kılıf da kullanmak istiyorsanız olay tam işkenceye dönüşüyor çünkü kılıf takarken kenarlardan zaten tam olarak  yapışmamış jelatini kaldırıyor. sonra baloncuklarla ve kenarlarla tekrar tekrar uğraşıyorsunuz. almanızı tavsiye etmem. olur da alırsanız dokunmatik yönden  şikayet yok.	0	0	1
60	ürünü elime ulaşalı yaklaşık 15 gün oldu ürün ekran kamera anlamında oldukça iddalı donmada yaşamadım şimdiye kadar ama android sürümü 5.1 ile geliyor ama isterseniz casper oba dan 6.1 e yükselte biliyorsunuz ben yükseltim ama ilk yükselttiğimde ürün şarz almamaya başladı sonra kendi kendine kapanmaya başladı zamanla bu sorunlar kendiliğinden çözüldü ama güncelleme yapmayın bence	1	1	1
61	aldım uyguladım ama çok bariz bir fark olmuyor. bence hiç gerek yok, üstelik ısrarla silmeye devam ederseniz daha da çiziyor. olmadı farı değiştirdim zaten.	0	0	1
62	boyutları küçük tam istediğim gibi biraz el beceriniz varsa bir çok cisim yapabilirsiniz.beş yaşından büyük çocuklar için ideal bence eglenceli vakit geçirebilirseniz tabi çocuklarla ilgilenmeyi seviyosanız	1	1	1
63	duvarda değişik bir ortam oluştu.kolay ve ucuz bir güzellik.ben memnunum.	1	1	1
64	teşekkür ederi̇m	1	1	1
65	harika benim prenses bayılıyor zaten paketin hışırtısına koşuyor zaten pedigreenin kalitesi tartışılmaz çok iyi bir ödül maması kesinlikle tavsiye ederim.	1	1	1
66	görüntü kalitesi iyi değil. 2 hdmi girişi var ama içerisinden kablo çıkmıyor.	0	0	1
67	12 li palette hem highlighter hem bronzer olarak kullanabilecegim urunler var.  pigmentesyonu orta basarili ancqk gayet guzel is goruyor nude makyajlarda..	1	1	1
68	500ml sıvı arap sabunu	0	0	1
69	ürün yeni elime geçti çok harika fiyatı da çok uygun boş zamanlarımda kullanıyorum kesinlikle tavsiye ederim bu fiyata böyle bir ürün baska yerde yok	1	1	1
70	hızlı gonderim için tesekkur edıyorum	1	1	1
71	yorumlarını yazan arkadaşlar ilklere gösterilecek kadar kalıcı değil yazın kullanılabilecek hafif bir parfüm, parfüm alacak olursam bundan sonra bu siteyi tercih ederim,başka alışverişlerimde hızlı ve güvenli alışverişle karşılaştım,teşekkürler hepsi burada com.	0	1	0
72	çok begendim.ebat olarak iyiki bunu almışım.tek kelimeyle kalite.camıda çok kalın.	1	1	1
73	urun ve gonderim gayet basarili tesekkurler	1	1	1
74	bir jilet gibi değil. biraz uğraştırıcı	0	0	1
75	ürün ortalama bir ürün. yani emniyet kemeri geçiş yerleri yok. bana gönderilen kutuda ama var gibi gösterilmişti. i̇pleri ince ve hemen kopabilir.	0	0	1
76	yeni bir ütü almadan önce epeyce araştırma yaptım. sonuçta bu ütüye karar verdim. şimdi doğru karar verdiğimi görüyorum. 2 aydır kullanıyorum gayet memnunum. fiyat kalite dengesine göre 10 numara bir ürün. herkese tavsiye edilir...	1	1	1
77	aldıktan 8 ay sonra yatılmaz bir hale geldi.yer yatağı daha rahattır o derece.	0	0	1
78	sipariş 1 haftada elime ulaştı.gayet uzun bir süre.oyunu daha deneme fırsatım olmadı ama en azından bir hasar yoktu.yinede bir hafta çok uzun bir süre	0	0	1
79	bu fiyata gerçekten iyi ürün kaçırmayın	1	1	1
80	yorumlara güvenerek aldığım parfüm umduğum gibi değilmiş ilk defa kullandım hoşuma gitmedi  eski parfüme devam teşekkürler hepsi burada ailesine kolay ve hızlı hizmetten dolayı	0	1	0
81	beşiğin monteleme yerleri düzgün yapılmamış ve kurulum aşamasında oldukça uğraştırıyor. bebeğimiz için geçici bir süreliğine kullanmak üzere aldık ama memnun kalmadık tavsiye etmiyoruz	0	0	1
82	normalde termin süresine birhafta varken ürün elime ulaştı henüs içeriğine bakamadım.h b teşekkürler.	1	0	0
83	satıcısı hepsiburarada.com olandan aldım. siyah deri renk merak edenler için telefon orjinal tr şarj aleti ve 3000mah batarya ile geliyor. kutu içeriği eksiksiz kapalı kutu olarak teslim aldım.tavsiye ederim şimdilik bir sorunu yok.	1	1	1
84	ürün cok iyi tavsiye ederim mukemmel ses kalitesi var şarjincok uzun gidiyoruz hizli kargo icinde hepsi buradaya tesekkur ederim	1	1	1
85	şuan kullandığım kadarıyla memnunum görünüş olarakta şık	1	1	1
86	ancak çoğunlukla plastik malzeme. i̇lk kullanımda plastik kokusu oldu biraz, ikinci kullanımda geçti.	1	0	0
87	renk olarak istanbul desenli tercih etmeyin ön tarafı sadece desenli yan arka düz beyaz elbise kılıfı kalitesinde bir kumaş düşünün kumaş ta denmez işte ve alttan kumaşı sabitlemek için birşey yapılabilirdi, biraz zorlayınca yırtılcak gibi oldu bu fiyata fazla da iyi bişey beklemeyin zaten bekar için iş görebilir sadece..	0	0	1
88	o kadar emeğime üzüldüm..:(	0	0	1
89	mobil1 bence piyasadaki en iyi yağlardan biri sürekli kullanıyorum ve gayet memnunum	1	1	1
90	ürün kısa sürede elimize ulaştı.fiyat-performans kalitesi iyi,üçgen başlığının dönerli olması oldukça kullanışlı.hepsi burada ekibine teşekkürler.	1	1	1
91	yorumları okuyarak aldım	1	1	1
92	telefondan bağımsız olarak kullanılamıyor, çünkü o modeli türkiye'de satmayacaklarmış..:(	0	0	1
93	ben de silikon oldugunu düşünerek almıştım fakat silikon değil. diğer çocuklarım koparacak diye sürekli yukarıda bir yere kaldırmam gerekiyor.	0	0	1
94	ulasım ürün paket mükemmel	1	1	1
95	artıları ise: çekim gücü muazzam, halıyı bile yutacakmış gibi geliyor, üçgen başlığı sayesinde köşe bucak daha rahat temizleniyor, tasarımı ve rengi şık, kablosu oldukça uzun ve aynı zamanda parçalarına ayrılıp el süpürgesi olarak kullanılabiliyor.	1	0	0
96	fiyat olarak marka olarak gayet iyi. fakat biraz kaba bir görüntüsü var. böyle bir ürün hafif olsun sürekli elimizin altında kullanılsın diye alınır. ama bu biraz bu amacın dışında kalıyor. emiş	0	1	0
97	süper yalnız seyahat kutusu 1 kişi için	1	1	1
98	eşimin şiddetli boyun ağrısı vardı ve haliyle uykusuzluk problemi yaşıyordu.sipariş verdikten bir sonra ürün elimize geçti ve tek kelime ile süper ötesi tavsiye ederim	1	1	1
99	tabi hemen hepsi buradaya bir msj ve iki gün sonra paspaslar da kargoda ve yine tşkler hepsi burada	1	1	1
100	köşeleri düşmeye karşı korumuyor ürünü düşürmemek lazım.	0	0	1
101	bazi arkadaslar yazmis kucuk falan diyede tam kestiremedim aldim ama baya baya kucuk.biraz daha buyuk olsaydi iyiydi ama bu boyutuyla cok kotu.zincir baya cansiz.h.b tskler.urunun aciklamalarina boyutlarinida yazarsaniz insanlar ona gore alir.	0	0	1
102	2. malzeme kaliteli.	0	0	1
103	5-şarj süresi güzel uzun süre gidiyor çok konuşanlar için ideal :)	1	1	1
104	açıkçası ürünü gördüğüm de epey şaşırdım ben büyük komidin çekmecesi kadar bi çekmece bekliyordum bu çekmeceler iki karış boyunda çıktı ivir zivir koymak için kullanılabilir ama çorap koymak için bile yeterli değil.kalitesi güzel ama ufak birsey istiyorsaniz alin .	0	0	1
105	kömürün üzerine döktüm. yakmadı, ateşi söndürdü!	0	0	1
106	ben, eşime daha önceki arçelik blender takımından çok memnun olduğundan yine arçelik aldım.eski ürününe göre daha gürültülü ve doğrayıcı haznesinde soğan falan doğranmıyor cama yapışıp kalıyor	0	1	0
107	resimde gözüktüğü kadar büyük değil yarısı büyüklüğünde kumaşıda biraz ince gibi.	0	0	1
108	"ürünün montajı kolay ancak televizyon büyük ise çok performanslı değil. bende 47"" lg led var. tv'yi öne getirmek istediğimde aparat öne yatıyor. çok memnun değilim. hatta tv ne zaman düşecek diye düşünmeye başladım bu nedenle değiştirmeyi planlıyorum."	0	0	1
109	buradaki yorumlara dayanarak aldım, fiyatı itibariyle zaten çok bir beklentim yoktu ama bu kadar mı kötü olur. deriye yazık etmişler... yani hiç mi ele geçirince kıvrılmaz, kütük gibi. ben direk çöpe attım, siparişin yanında başka şeyler vardı, onların hatırına göndermedim.	0	0	1
110	daha gelmedi ama hep almak zorunda oldugumdan biliyorum. yeni kartuşla 1 sf yazdırın toner azaldı mesajı başlıyor, ve kısa sürede bitiyor. böyle yazıcı görmedim. bir tonerin yüzlerce sayfa bastığı yazıcılar var kullandım.	0	0	1
111	siparişi verdim, özelliklerini uzun süre araştırdım kullanan arkadaşlara sordum sabırsızlıkla bekliyorum. yanında samsung bluetoth kulaklık ve kılıfını da sipariş ettim.	1	0	0
112	2. wd hdd im. öncekini alalı neredeyse 10 sene oldu bir gün tık demeden çalıştı. veri transfer hızı da oldukça başarılı. boyut ve ağırlıkta gömlek cebinde taşınabilicek kadar uygun...	1	1	1
113	daha once baska markalar almıştım ama memnun kalmadım. bu ürün kesinlikle fiyat ve kullanım açısından iyi. yanlış tartmıyor ve çok şık. aldığımdan beri sorunsuz kullanıyorum.	1	1	1
114	öncelikle; bu ürünün şişsiz ve ısı ayarı olmayanı arkadaşımda var ve uzun süre kullandım.	0	0	1
115	ürün ilk yeni alındığı zamanlar sıkıntısız çalışıyor. i̇şinizi görür. ancak ileriki zamanlarda isterseniz sabaha kadar pillerini şarj edin iki dakika kullanımdan sonra fıs. aniden bitiyor. piller ölüyor sanırım . bu fiyatın iki katına daha kullanımlı ya da elektrikli vidalamaları tercih etmeniz daha karınıza olacaktır. zira ben öyle yaptım.	0	0	1
116	ürün çok şık çok kullanışlı çam oluşu hem sağlıklı hemde estetik, suyun kaynamasını ve çayın demini görüyorsunuz gerçekten çok şirin sevimli kullanışlı tuşları dokunmatik, estetik ön planda valla herkese tavsiye ederim gönül rahatlığıyla kendime almıştım anneme de almayı düşünüyorum...	1	1	1
117	ben aldim memnun kalmadım çok basıt ve sert  almayın bence pişman olursunuz hiç kulanışlı deyıl	0	0	1
118	- tuşlar oldukça sesli. bir tuşu spamlediğinizde oldukça rahatsız edici olabiliyor. ofis kullanımı için kesinlikle tavsiye etmiyorum. hızlı klavye kullananlar özellikle kulaklıkla çalışmalı. klavyeye sessiz diyenleri anlamak çok zor. daha eksi var ama karakter sınırı yetmiyor. kelimeleri kısaltarak kaliteyi düşürmek istemiyorum.	0	0	1
119	kordonun gergin olması iyi. malzeme kalitesi de iyi. ancak üzerinde herhangi bir marka yazmaması ve orjinali gibi klipsli olmaması kötü. yine de bu fiyata işinizi tam anlamı ile görüyor.	1	0	0
120	şarj gerçekten çok hızlı batarya oldukça dayanıklı teslimat biraz uzun sürdü cumartesi sipariş verdim cuma elime ulaştı. ekran karikatür telefon biraz ağır gibi kaliteyi hissettiriyor. sorunsuz ve hızlı çalışıyor takılma donma yok herkese tavsiye ederim.	1	1	1
121	alacak olanlara tavsiye ederim	1	1	1
122	oldukça küçük ve işlevsel üzerinizde taşımak için ideal siyah renk olması hayal kırıklığı	1	1	1
123	ürün şarji konum kapal işik orta sevi̇yede ve saat her zamana açik ayari kapali i̇ken 1 gün dayanmiyor.	0	0	1
124	bu markayı seviyorum bugüne kadar kullandığım her ürününden de beğendim bu hariç yani fiyatı ucuz değil ortalama bir ürün için ama performansı kötü bilek koyma yeri sürekli çıkıyor oyunun tam ortasında olunca da sinir bozucu oluyor en çok bu nedenle kötü puan verdim ve tavsiye etmem...	0	0	1
125	almadan önce tedirgindim yorumları okuyunca meraklanıp aldım iyi ki aldım çok memnunum evin her yerinde çekiyor artık birde hepsiburada güvencesi var tabiv	1	1	1
126	doktorumun tavsiyesiyle kullandım ama faydasını görmedim.sütü arttıran en önemli unsur,mutluluk ve annenin bebeği emzirdiği sırada  kurulan bağ,pozitif enerji.ayrıca bol sıvı.tadı güzel ama.bol sıvı tüketirken bunu meyveli çay niyetine içebilirsiniz.	0	0	1
127	kesinlikle bir işe yaramadı paraniza yazık etmeyin , bunlar sağlık ürünü olarak geçtiği için içerisinde reçete adına bir şey yok bence boş bir ürün	0	0	1
128	fiyat performans telofonu ses tatminkar kamera güzel kasma donma yok ısınma yok iyi telofon	1	1	1
129	ürün o kadar çok ses çıkartıyor ki ürünü denemekten bile vaz geçtim  böcekler ve sineklerin üzerinde etkisini bilmem ama insanlar üzerinde çok etkili rahatsız edici bir ses çıkartıyor	0	0	1
130	ve kullanışlı. hassa ölçüyor.yanılma payı az. balıkta , bağda,  bahçede her yerde kullanıyoruz.resimlerde arka aydınlatma var, ama bana gelenin aydınlatması yok.ağırlık  sabitlenince bip sesi gelmesi gerekiyor , o da yok.ama sorun değil.	1	0	0
131	ürünü kaynar su ile.test ettim . kaynamış suyu gece 12 de içine koyup odanın bir kenarına bıraktım  , tam 12 saat sonra açtığımda su elimi yakıyor vaziyette idi .	1	0	0
132	umarım siz değerli kullanıcılara yol gösterici ve yardımcı olur.	0	1	0
133	arkadaşlar ben aldım hiç güzel değil . kenarının plastiği ayağını sıkıyor geri verdim ve profesyonel busso aldım	0	0	1
134	yemin kuşu konuşturduğu filan yok, ama yem olarak kötü değil..	0	0	1
135	kitabı ilk sipariş ettiğimde ne olduğuna bakmamıştım tam olaraka ama kitabı ben okumadım sanki o beni okudu tercüman oldu içime keşfime şimdi neden yaptım yerine nasıl düzeltirim nasıl nefsimi kemirip bitiririm diye düşünüyorum tüm bunları biliyordum ama ilk defa hissettim beni allah ımıza rahman ve rahim olan birimize yaklaştırdı çok mutlu huzurluyum çok teşekkür deerim liütfen herkes okusun ve kendini bulsun habil mi kabil mi cennetmi cehennem mi? soru ortada ama cevap içlerde bırakın çıksın direnmeyin düzeltin sevgilerle şahanesin la...	1	1	1
136	analog olarak dijitaller kadar olmasa da dolu boş yarım pil olarak bir fikir veriyor.	1	0	0
137	ben uygun fiyata aldım hemen de geldi 10 yıldır buradan alışveriş yapıyorum,hiçbir sıkıntım olmadı ürün kullanımı rahat ben rüzgarlı havalarda kullanıyorum o halde bile sesi net.	1	1	1
138	kedim resmen nefes almadan yedi. diğer mamalarda olan kemik parçaları içinde olmadığı için benim ufaklık paket bitene kadar nefes almadı resmen:)	1	0	0
139	çalışma süresi, su kapasitesi ve kullanım kolaylığı mevcut.ancak bana hiç sessiz gelmedi.zırıltı şeklinde çalışma sesi ve oldukça sık aralıklarla su boşalma sesi mevcut.sanırım henüz bunların sıfırlandığı bir sistem üretilmedi.çalışır durumda iken gece lambası düğmesine basmadan bile oldukça aydınlık veren mavi ışığı mevcut yine de fiyatına göre oldukça iyi bir ürün.	1	0	0
140	ürün elime geçer geçmez montajını yaptım. çok basit. kitapçıkta resimli de anlatılmakta zaten. 3.5 yaşındaki oğlumla biniyoruz. acayip keyif alıyor. bu arada bisiklet kaskımızı da takıyoruz muhakkak. keşke yaz başında alsaydım diyorum... siz de geç kalmadan alın.	1	1	1
141	stabil değil, sürekli telefonla bağlantıyı kaybediyor. sadece saat olarak kullanılabilir.	0	0	1
142	beklentimi karşılar.güzel fena deil.hızlı kargo içinde teşekkürler çok çabuk elime ulaştı.	1	1	1
143	ürünü alıp 2 hafta kadar kullandım. ürün güzel çıkarıyor fakat gözleri yakıyor. gözlerime aşırı hassasiyet verdi. i̇çindeki paraben çok yoğun bu yüzden gözleri kızartıyor. aynı ürünü arkadaşım da aldı aynı etkileri yaşadı.kesinlikle tavsiye etmiyorum param çöpe gitti	0	0	1
144	gönderi hızlı ve sorunsuz cihaz çok kullanışlı ve küçük olmasına karşın küçük ailelere yeticek boyutta :)	1	1	1
145	çok kötü bir ürün çok pişmanım aldığıma, kapağı zor oturuyor birden çalışmaya başlıyor, soğanı doğramıyor püre yapıyor çok az bastırsanız bile, içine sıvı birşey koyarsanız hemen taşıyor, kısaca çok kullanışsız...	0	0	1
146	beklediğim gibi çıkmadı. viraj dönerken yanlamasına koyduğum cep telefonum aradan kaydı ve düştü.  kendisi de torpido üstünde n kayıyor.	0	0	1
147	yıllardır bu ürünü kullanıyorum tavs ederim	1	1	1
148	çocuklara uygun bir kitap değil	0	0	1
149	topaklanmıyor ve taneler çok iri tavsiye etmem	0	0	1
150	ürünü çok beğendim.malzemesi çok güzel.kablosu da yeterince uzun.teşekkürler.	1	1	1
151	80x300 ebatında koridor için aldım. halının bir tarafından bakınca renkleri pastel gözüküyor ama diğer tarafa geçince kopkoyu bir görüntü var. neden böyle anlayamadım.  dokusu güzel ama koyu görünmesinden hoşlanmadım. yolluk olarak aldığınızda bütün halıyı kelebek kaplıyor, fotoğrafta göründüğü gibi kelebekler bir noktadan başlayıp çoğalmıyor :(	0	0	1
152	açıkçası ürünün kutusu beklediğimden küçük geldi, ancak vidalar dübeller kaliteli görünüyor matkap uçları ve vidalama uçları yerleşimi güzel, elinizin altında bulunmalı bence..	0	0	1
153	sadeçe sukadarını söylicem ürünü sipariş edip 2 gün içerisinde elime ulaşması, ulaşdığında da ürüne herhangibirşey olmaması ve siparişini verdiğim ürünün gelmesi çok güzel çünkü bunlar çok önemli.saygılarımla.	1	0	0
154	zidoo x9s kendine özgü bir yazılımı yok sıradan bir android 6.0 işletim sistemi var fotoğraf geçişleri çok yavaş birde müzik eklersen donup kalıyor.	0	0	1
155	ben bu ürünü yaylada kullandım.gayet kullanışlı bilene göre tabiki.yanlız dönüşleri biraz zor.birde civataları ne kadar sıktıysamda tabladakiler düştü.diğer çivatalar duruyor.	0	0	1
156	müzik dinlemek için alıyorsanız alın ama aynı zamanda konuşurum diyosanız boşa para vermeyin orjinal olmadığı için telefon tanımıyor telefonum 6s plus	0	0	1
157	çok sık kitap okurum, okuduğum kitaplar arasında ilk 5 içinde...	1	1	1
158	orijinal toneri de çok pahalı olduğu için dışardan doldurmak zorunda kalıyorum	0	1	0
159	resimde görünenin aynısıdır. ürün sağlam. askıların yerlerini sağa sola çekerek ayarlayabiliyorsunuz. bence kullanışlı ve kaliteli.	1	1	1
160	fiyatına göre güzel bir ürün ancak hepsiburada'nın süper hızlı aynı gün kargo yazmasına bakmayın. ürün 2 günde ancak teslim edildi kargoya ve bana üçüncü gün ulaştı. alacaksanız bunu göz önünde bulundurarak alınız.	0	0	1
161	ürünü yorumlara güvenerek aldım fakat bu kadar abartılmasına bir anlam veremedim bir gucci rush veya lancome hypnos degil iyi almayanlar iyi düşünsün...	0	0	1
162	3 ayda pili bozuldu şu na sıfır duracell pil takıyorum 2 haftaya pili bitiriyor. ayrıca hassas ayar yaparken sıkıntılı online fps oyunlarında uzaktaki kişilere nişan almakta zorlanırsınız günlük kullanım için yeterli, sesssiz çalışıyor, malzeme kalitesi de iyi, pil sorunu olmasa yine kullanırdım.	0	1	0
163	çok beğendim güzel bir ürün sıvı pompa ayarı ile ne kadar sıvının akacağını belirleme avantajı var mutfak,banyo her yerde rahatlıkla kullanılabilir.	1	1	1
164	hızlı kargo muhteşem gece sipariş verdim kahvaltı sonrası geldi	1	1	1
165	arada çekince bantları kopsa da genel olarak memnunum	1	0	0
166	sürekli alışveriş yapıyorum hepsi buradadan ürünlerim kısa zamanda ve temiz bir şekilde teslim edildi teşekkürler	1	1	1
167	10 numara bebek bezidir.	1	1	1
168	arkadaşlar note 3 daha iyi note 4 şebeke sorunu ciddi şekilde var bazen mesajlar geç geliyor birisi aradagında telefon kapali gösteriyor almayın paraniza yazık ben aldim pişman oldum note 3 daha iyi	0	0	1
169	herkese tavsıye ederım cok kısa zmanada guzel ısler basarıyor kı benım saclarım sekıl almaz.cok memenun kaldım herkese tavsıye edıyorum hıc dusunmeden sac duzlestırıcı alacaksanız bu urunu tercıh edın	1	1	1
170	mouse harika dicek başka bişey yok son derece kullanışlı pad i de güzel ikisi beraber çok iyi denk gelmiş herkese tavsiye ederim.	1	1	1
171	ürün çok basit, küçük, göründüğü gibi durmadı . kısacası, evet fiyat uygun ama o kadar ...	0	0	1
172	komşuma doğum günü hediyesi olarak aldım. fiyatı çok uygun. ayrıca muhteşem bir görüntüsü var.	1	1	1
173	finish zaten kalitesini kanıtlamış bir marka. başka yerlerde de bulabilirsiniz belki ama 3 kilo tuz bu fiyata çok iyi. tavsiye ederim. teşekkürler hepsi burada.	1	1	1
174	diğerlerine kıyasla fena değil gibi	0	0	1
175	zamaninda, beklendigi gibi urunumu aldim tesekkurler..	1	0	0
176	adore vlt-270 manager elite yönetici koltuğu	0	1	0
177	tam bir tasarım harikası... usb 3.0 olmadığı için hız olarak onlarla yarışamaz ancak şahane bir usb 2.0 flash bellek... sizden görüpte hediye etmenizi isteyecek çok kişi olacaktır emin olun :)	1	1	1
178	2 günde di̇ki̇şleri̇ açildi üst kisimdan zorlamaya bi̇le gerek kalmadi i̇ade etmek zorunda kaldim.	0	0	1
179	tam bir visco yatak olmadığını bilerek aldım,evimde gerçek visco yatağım var onun gibi kesinlikle değil, zaten orijinal visco yatakların fiyatı belli. kız arkadaşıma hediye olarak aldım bende yatıyorum gayet rahat fakat fazla kilolu kişilerin çok rahat edebileceğini düşünmüyorum. ben 73 kiloyum benim popo kısmım fazla çöküyor gibi sabah biraz bel ağrım oluyor. fakat kız arkadaşım çok çok memnun yattığı gibi uyuyor. bence yastığınızı daha yumuşak seçerseniz yatakla uyum sağlayabilir.genellemede bu fiyata gayet iyi bir yatak diyebilirim.	1	1	1
180	küçük olsa bile rahatlıkla birçok oyun yüklenebiliyor hafif ve küçük olduğu için rahatlıkla kullanılabiliyor.küçük çocuklar rahatlıkla kullanabilr.tavsi̇ye ederi̇m... teşekkürler hepsi̇burada.	1	1	1
181	bu deneyimlerim passat aracım için geçerlidir.	0	1	0
182	uzun süredir uygun fiyatlı oto koltuğu arıyorduk, yorumları okuyarak aldık. gerçekten çok kaliteli ve kullanışlı kesinlikle tavsiye edilir. çocuğumuz çok rahat bir şekilde oturuyor hatta ilk oturttuğumuzda hemen uyudu	1	1	1
183	en uygun fiyatlı 64 gb kartlardan. uhs-i desteği class 10... benim için yeterli yazma okuma kapasitesi var. kendi adaptörü ile 6 senelik bilgisayarımın sd kart girişine takarak test yaptığımda 18.8 mb/s yazma 53.8 mb/s okuma değerlerine eriştiğini gördüm. bence gayet makul.	1	1	1
184	kullanılmış ürün geldi yine....	0	1	0
185	ürünü hepsiburadadan almıştım uzun bir süredir kullanıyorum,, 4 programlı ama 4.programı dahi diğer makinalrın 2. programı kadar verimli değil,, bulaşıklarda leke kalıyor,, çok üğraşmama rağmen bulaşıklarda deterjan bırakmasını önleyemedim,, bu sağlıksız bir durum,, bence biraz fazla ödeyip farklı bir marka alın,, hem zaman hem sağlık satın almış olursunuz,,	0	1	0
186	süpürgeç daha iyi bir tercih olabilir.	1	0	0
187	bisiklet elime geleli 2 gün oldu. i̇çinden bakım ve montaj kuponları çıktı bu gayet güzeldi. ücret ödemeden montajı yapıldı gidon ve ön teker takılı değildi onlar takıldı. ürünün kalitesine gelince: 2 gündür baya bir yol yaptım ürün sandığımdan daha sağlam vites geçişleri çok kolay ve sorunsuz. bisiklet bende sağlamlık hissini ilk sürüşte vermeyi başardı. disk frenleri gayet başarılı. tek eksiği çelik kasa olması	1	1	1
188	ürünü aldığımın ertesi günü kullanmaya başladım. harika traş ediyor. sinek kaydı traş yapıyor diyebilirim. tahrişte etmiyor üstelik. tek handikapı yüksek fiyatı olabilir ama uzun yıllar kaliteli bir markayıda kullanmanın bir bedeli var elbette.	1	1	1
189	ben bu ürünüişyerimde kullanmak için bu siteden satın aldım ve çok memnunum. herkese tavsiye ederim. beklentilerimi karşıladı. resmindende görüldüğü gibi rahat ve kullanışlı bir koltuk. yükseklik ayarı yapılabilmesi de çok iyi.	1	1	1
190	şimdi sony kol aldım pcm için 2 tane rahatlığı anladım gerçeklten ellerı yormuyor vs vs...	0	1	0
191	fiyatı uygun, ancak sokakta verdiğim kedilerin çoğu yemedi, başkasının mamasına yöneldiler. ben de martı ve kargalara vermeye başladım, onlar severek yiyor:) bitince başka mama tercihim olacak..	0	1	0
192	ürün fiyat/performans cihazı. ürünün içini açtım. özelliklerde belirtilmeyen, içerisinde yer alan normal hard diske ek olarak m2 sata slotu da var. yani ekstradan 256gb bir ssd takabiliyorsunuz. 2 ram slotu var ve 2x4gb ram takılı. ram yükseltmek için mecburen 2x8gb alıp, mevcut olanları elden çıkarmanız gerekecek.	1	1	1
193	1 tanesi 400 kullanımlık yazıyor ama 50 kullanım olmadan bitti	0	0	1
194	aldığıma pişman oldum iade de edemedik monitörde renk kaybı sorunu var düz karşıdan bakıldığında bile renkleri net vermiyor oyun film resim olsun karanlık sahnelerinde renk beyaza dönüyor siyahı net vermiyor oyunlarda anlık renklerde canlılık olsada birden sahne değişimlerinde çamur gibi renge dönüyor yani göz zevki sıfır görüş açısı düşük zaten yanlardan bakıldığında ekran karanlık gözüküyor monitörün görüş açısı düşük olsa bile tam bi fiyasko hayal kırıklığı	0	0	1
195	öğütülen ürünler hazneden çıkıp kapakla hazne arasına kaçabiliyor.	0	0	1
196	kuşkularım vardı ama gayet güzel bir kılıf dow view özelliğide kullanılıyor satıcıya teşekkür ederim	1	1	1
197	en iyisi  3 gün çalıştı  hemen bozuldu	0	1	0
198	fiyatı iyi ama hızı çok iyi değil. ben arabanın teybine takacağım için en minik olanını istemiştim. bu açıdan çok güzel. mp3 çalarken kesilme falan yapmıyor. gayet güzel ve şık. ben tavsiye ederim. yoğun data kullanacak arkadaşlar hızına dikkat etsin. hızlı olsun isteyenler dikkatle yaklaşsın	0	1	0
199	üründen önce 1 paket aldım. sonra kullanışlı olduğunu görünce 3 paket daha sipariş verdim. kartvizitlerimi toparlamakta ve hızlı bir şekilde aradığım kartviziti bulmamda cok başarılı. herkeze tavsiye ederim.	1	1	1
200	hızlı teslimat için teşekkürler.şu an okuduğum bir kitap olduğundan henüz okuma fırsatım olmadı,okuyanlardan çok iyi yorumlar aldığım için satın aldım merakla okumayı bekliyorum.	1	1	1
201	jiletle traşa alışkın insan için zor,hoşuma gitmedi!	0	0	1
202	i̇lk defa si̇zden aldiğim bi̇r şeyi̇ çok beğenmedi̇m.özelli̇kle kulaklari ve bacaklari çok zayif.sol kulaği kargodan arkaya yatik çikti ve düzelmi̇yor,bacaklar o büyüklükte bi̇r pyuncak i̇çi̇n çok zayif.bayaği hayal kirikliğina uğradim.	0	0	1
203	ürün bir iki günde geldi. yalnız kapı kasanız 15-16 cm civarı olmalı ki mekanizma otursun. öbür türlü olmuyo.. benim hiç bir kapım o incelikte değil..	0	0	1
204	ben başka markalar da kullandım yuvarlak tepsi için arka tarafı şişirmişler  buda  arka yüzey de iç kazantek duvar olunca müthiş ısı kayıbı oluyor (bazı başka markalarda arkası çift kat )bence övüldüğü kadar yok	0	1	0
205	boyutu çok küçük beyler 37 36 35 olmuyor 34 cm zor oluyor	0	0	1
206	1 hafta içinde geldi ambalajlama çok iyi. yatak ve 2 yastık geldi. koku ben hissetmedim. rahatlık olarak çok hoşuma gitti güzel bir uyku deneyimi yaşattı. herkese tavsiye ederim. hepsiburada ya teşekkürler...	1	1	1
207	bu fiyata bu ürüne sahip olmak inanılmaz	1	1	1
208	fazlasıyla işini iyi yapıyor. tp link kalitesi ortada	1	1	1
209	eski jilet yöntemine dönüş kaçınılmaz.	0	0	1
210	armaninin her ürününde olduğu gibi bu ürünüde harika koku çok fresh bir koku ve kalıcılığı da gün boyunca üzerinizde oluyor zaten bir parfümden beklentiniz bu olmalı bence tabiki zevkler görecelidir, önce  bi deneme yapıp sonra kararınızı verin derim....	1	1	1
211	gönderim süresi çok uzun. hepsiburada, bu kargo işine bir çözüm üretmesi lazım. özellikle aynı gün kargo 1 haftada geliyor.	0	1	0
212	hepten kötü de değil bu fiyata ancak bu kadar	0	0	1
213	dışarıda içtiğiniz  basit makine kahvelerinden daha basit bir tadım sunuyor. ekonomik bir kahve kullanımı var ama her bardakta su tadı ağır basıyor. pratik , kullanımı kolay ancak istediğim tat değil. i̇ade ettim . bu arada iade sürecinde hiç sorun çıkarmayan ve hatta destek olan hepsiburada.com a teşekkürler ..	0	0	1
214	buradaki yorumlara dayanarak ürünü aldım.az kullanılması açısından uzun süre dayanıyo.ama o kadarda iddialı bi ürün değil. kapatıcı özelliği daha yüksek bi ürün seçsinler	0	0	1
215	ürün gerçekten çok iyi. i̇şimi gayet iyi görüyor.	1	1	1
216	süper vakit geçiriliyor. her bebek sahip olmalı	1	1	1
217	kahveyi yapmada  sıkıntı yok ama sonrasında sürekli ılık kahve içmek isteyenler alsın tamamiyle başarısız bir alet iade edeceğim fiyatına bakıp aldım siz almayın	0	0	1
218	öncelikle çok yavas dolduruyor. cep telefonumun şarj kablosuyla denediğimde ise çalışmadı pek tavsiye etmem	0	0	1
219	merhaba, ürünü yılbaşında bu fiyata aldım, fiyat gerçekten piyasanın altında. parfümde çok güzel kokusu en az 2 gün üzerinizde kalıyor. yalnız şunu belirtmeden gecemiyeceğim parfüm bana kapalı kutuda gelmedi kutu açıktı bu beni rahatsız etti... ama parfümü beğendiğim için sorun etmedim sizinde haberniz olsun. dikkat edin.	1	0	0
220	ürünü elime hızlı bir şekilde ulaştıran hepsi burada ailesine teşekkür ederim. ürün yetişkinler için biraz basit kalıyor şarjı çok az gidiyor. beklentisi yüksek olmayanlar için bu fiyata alınabilecek en iyi ürün...	0	1	0
221	masa cok ince ve utulerken hareket ediyor. tabii bu fiyata kalite normal. hafif olmasi ve emniyet kilidi olmasi guzel.	0	1	0
222	plastik takoz takviyesi yapılarak tv ye ancak montajinı yapabildi.	0	0	1
223	yumuşak ve sessiz. karda denemedim ama uzun araştırmalar sonucu aldım.  f/p en iyi si. karda 1 numaralı 4 mevsim lastiği. kuru ve ıslak zeminde goodyear vector4seasons hemen arkasında. daha 10 gün olduğu için sadece yumuşak, yol tutuşu ve sessizliği dikkatimi çekti	1	1	1
224	ince çizikleri yok ediyor ama uygulama şeklini ukumanız gerekir güneşin altında olması şart kalın çizikleri kapatmaya çılışıpta boşuna vakit harcamayın..	1	0	0
225	ayrıca yurtiçi kargoya da teşekkür, ilgilerinden dolayı.	1	1	1
226	ne kedim ne de sokak kedileri yedi.	0	0	1
227	sar değeri baya yüksek bir telefon fiyatı uygun özelliği iyi diye almayın sağlığınızdan olmayın	0	1	0
228	beğendik... 3 katlı oluşu güzel... köşeye tam oturuyor.	1	1	1
229	koltuk için fazla sert.	0	0	1
230	çok güzel tavsiye ederim.elden kaymıyor	1	1	1
231	kisa sürede eli̇me ulaşti sorun yok. teşekkürler hb.	0	1	0
232	4 adedine hesaplı bir fiyat. kaliteli ürün	1	1	1
233	azar azar sürün ve yayın yuvarlak hamlelerle ama mutlaka ince tabaka şeklinde olsun.	1	1	1
234	ürün diğer çaylara göre güzel ve kaliteli. hepsiburada'da ücretsiz kargo ve ekstra indirimle süper oldu. teşekkürler.....	1	1	1
235	yeterince iyi bulmadım,beklentimi karşılamadı daha iyi olabilirdi.	0	0	1
236	yorumlara bakarak bende sipariş verdim umarım beklentilerimi karşılar daha önce 3 tane fön makinesi yaktım:))bu markayı daha önce duymadım o yüzden umarım pişman olmam..2 gün sonra geldiğinde tekrar yorum yapacağım, herkese iyi alışverişler...	1	1	1
237	saatin kordonu ayarlanabilir değil. bu da onu kullanışlı yapmaktan uzak kalıyor. eğer bu modelden almak istiyorsanız kesinlikle ayarlanabilir kordonlu olanı alın.	0	0	1
238	2 yasinda ki kizim icin aldim cok begendi uzun sure kalkmadan oturdugu tek sabit yer oldu şuan icin tam boyuna ve yasina gore. aldigima deger bir urun oldu teşekkürler :))	1	0	0
239	kitaplara olan saygımdan dolayı zorlanarak ta olsa  bitirdiğim, ve kitap okumaktan soğutan bir kitap daha...	0	0	1
240	yağ akışının önlenmesi için gerekli önlem alınmamış	0	1	0
241	bu kali̇te bu fi̇yat bu i̇lgi̇ bu hi̇zmet anca böyle mükemmel olur	1	1	1
242	telefonumla gelen orjinal şarj aleti hızlı şarj yapıyor. yani telefonda bir sıkıntı yok.	0	1	0
243	özelliklerine ve elidor kalitesine güvenerek 3 tane aldım. ama şunu söyleyeyim sıradan şampuanlardan hiç bir farkı yok. bir mağazaya gidip en güzel kokan şampuanı almak daha mantıklı. saç dökülmesi olayı hikaye.	0	0	1
244	"ürün 1 günde elime ulaştı. ""spigen liquid crystal"" kılıf telefona tam olarak uyum sağlıyor. spigen kalitesi zaten tartışılmaz ancak s7 edge için kullanabileceğiniz en şık kılıflardan bir tanesi. ayrıca power ve ses tuşlarının uyumu mükemmel. ancak bu kılıfı kullandığınızda ekran koruma jelatini yani fullbody kullanamazsınız çünkü tam koruma sağladığı için ekran koruma jelatinini köşelerinden kaldırıyor."	1	1	1
245	beklentimi hiç mi hiç karşılamadı.alınmaması gereken bir ürün.	0	0	1
246	ters etki	0	1	0
247	fiyatı şu an piyasadaki muadillerine göre iyi.	1	1	1
248	çok kötü çünkü ürünü aldıktan yaklaşık bir ay sonra kargolandı ama fırçalar iyi	0	0	1
249	ürünü alırken minderli mi mindersiz mi alayım diye çok düşündüm.minderli aldım.beyaz minderli diyordu başlıkta ama, ürün görselde göründüğü renkte.metal kısmın kurulumu çok kolay, iki vidayla kuruluyor ve şık bir görüntüsü var. .ancak minderin içinde kırpık sünger kullanılmış ,bu da yer yer sert yükseltiler oluşturmuş.minderin dikiş kalitesini de beğenmedim.mindersiz olarak almanızı tavsiye ederim.sadece oturma amaçlı kullanacaksanız 70 cm.genişlik yeterli.kapalı balkonum için almıştım, çok şık oldu.	1	1	1
250	özellikle casio edu uygulaması ile hızlı bir şekilde sunum hazırlanabiliyor.	1	1	1
251	bu kadar küçük olmasını beklemiyordum.	0	0	1
252	-bence en büyük eksisi çıkardığı ses.o kadar fazla ses çıkıyor ki etrafı süpürürken cebimdeki telefonun sesini zor duydum. belki de ben çok alışık olmadığımdan bana fazla gelmiştir,kimbilir..	1	0	0
253	touch ped yaramaz imleç zor oynuyor yerinden. harflerin sagindaki karakterleri yazdiramadim ornegin @ karakterini yazdiramadim. bu fiyata yaramaz.	0	0	1
254	çünkü bu ürün hakkında bir fikir vermez. herkes için bu süreç değişkendir. ancak ürünü beğendim.kıllarının yumuşaklığı, fırçalarken diş etinde oluşan rahatlama beni memnun etti.en fazla üç ay kullanılmalı ve değiştirilmeli.	1	1	1
255	tuvalet geldi ama yavru kedim daha gelmedi bakalım görünce ne yapacak.	1	0	0
256	yemin ederim kolonya bile daha farkedilir ve daha kalıcı	0	0	1
257	kullanmaya başladım. amacına uygun ve yeterli. pahalı ürünlerin gördüğü ayni işi görüyor.	0	1	0
258	hizli kargo güzel ürün eğer si̇zde beni̇m gi̇bi̇ tek ki̇şi̇li̇k yatak kullaniyorsaniz ürün büyük geli̇yor ancak problem çikarmiyor. yatak üzeri̇nde aşiri bol durmuyor. kullanişli	1	0	0
259	fiyatına göre hoş bir parfüm .. memmun kaldım.. inş stajlarda kullanacağım	1	1	1
260	oysa spigen ne de kaliteli bir markadır	0	1	0
261	normal tel uzunluk: 4-14 mm, genişlik: 12 mm	1	1	1
262	bacak çalıştırma aparatı yere çok çinliler kendilerine göre yapmış herhalde :) onun dışında fena değil ..	0	0	1
263	3 seridir note kullanıyorum. pil ömrü, dayanıklılık ve kullanış olarak özellikle note 4'ün üzerine telefon kullanmadım.	1	1	1
264	önceden kullandığım ledler içerisinde en iyi aydınlatan diyebilirim. sağlam ve düzgün duruyor. tek handikapı beyaz olduğu için krom tarzı avizelerde çok hoş görünmüyor	1	1	1
265	ürün 2 gün içerisinde teslim oldu, fiyat performans açısından yeterli bir ürün. verdiğiniz ücretten fazlasını beklemeyin, kullanışlı ve bilekte şık duruyor.	1	1	1
266	ürün salonu bile açıldığı anda kırıyor tek eksik yanı ilk başta kulagınıza az gelen sesi gittikçe baş ağrısı yapıyor. tek eksisi ses..	0	1	0
267	başlarda çok memnundum.sonradan-uzun donemde bel ağrılarına neden oldu bende. beliniz -ağır kısımlarınız yatağa cöküyor.yan yatmaya veya yüzüstü yatmaya alşkınsanız cok rahatsız edici.	0	0	1
268	siparis elime cok kısa bir sure icinde ulastı acıkcası bunu beklemiyordum bayram diye 2 haftayı bulacagını dusunuyordum. eldiveni bir beden buyuk aldım iyi ki buyuk almısım parmaklarıma anca giriyor, yalnız bilek kısmı da bol geldi :) fiyatına göre ideal bir eldiven bence iş görür fakat yüksek beklentileriniz olmasın	0	1	0
269	ürünü hepsiburada.comdan aldım. kısa sürede elime ulaştı. makine çok kısa sürede ısınıyor ve oldukça güzel tost yapıyor. ayrıca plakalarının bulaşık makinesinde yıkanıyor olmasıda çok iyi bir özellik bence. almayı düşünenelere öneririrm. fiyatına göre çok başarılı bir ürün.	1	1	1
270	orjınal tlf.şarjı harika dayanıyor	1	1	1
271	bana kırmızı renk olanı geldi iyi memnunum kaliteli bi ürün.	1	1	1
272	performansı iyi değil, powerbank full iken telefonu yüzde15 sarj ettikten sonra 4.led hemen düşüyordu yani full şarj ile telefonu 2 kez bile sarj etmek zor gözüküyordu  ben de  iade ettim...	0	0	1
273	ürünü almadan önce su şişeleriyle çalışmayı denedim, ancak bu işi bir dambılla yapınca daha iyi olacağını düşündüm. şimdi iyi ki almışım diyorum.ürün köşegen olduğu için kayma derdi de yok. kullanmadan önce yıkamanızı tavsiye ederim.	1	0	0
274	eşim için aldım çok uzun zamandır karar vermek için zorlandığımız ama sonunda karar verdiğimiz telefon oldukça güzel  yeterli..tek sıkıntı şarz daha uzun sürebilse	1	1	1
275	ürünü 1 ay önce aldim hüç düşünmeyi̇n deri̇m fi̇yatida çok uydun hem izgara hem tost i̇yi̇ yapiliyor. plakalar çikarilabi̇li̇yor ve bulaşik maki̇nasinda yikamaya uygun tavsi̇ye ederi̇m.	1	1	1
276	daha önce başka siteden aldım altı aydır pirizde takılı bir etki göremedim etkisi azdır diye bir tane daha alıp deneyeceğim	0	0	1
277	ürün bugün elime geçti. i̇yi hoş emeğe saygı diyorumda kolye cıt kırılacak derecede küçük ve ince işlenmiş. saat hacıların getirdiği saat gibi ama gideri var. saatten midir bilmem ama elime geçen ürün fiyatını hiç karşılamıyor. ama yinede emeğe saygi teşekkürler	0	1	0
278	ürün kısa sürede elime ulaştı.. kullanımı rahat.. kurulumu kolay ve hafif... odanızda sevimli bir dekor tamamlayıcı cd ve kasetleriniz için ideal... çok hafif denge sorunu var duvara sabitleme istiyor.. ama herkesin memnun kalacağı bir ürün...	1	1	1
279	brabantia marka ütü masası için sipariş verdim. çok pişman oldum , hem kalitesiz hem de alt bağlamaları yok. görmeden almayın.	0	0	1
280	mükemmel bir cihaz. tam bir ay alınabilecek bu segmentteki tüm telefonları çok detaylı inceledim. bu paraya alınabilecek en iyi telefon. ses kalitesi ve volume çok yüksek. görüntü kalitesi zaten muhteşem netlikte. elinize alınca zaten klasik sony kalitesini hissettiriyor. gerçekten çok şık. cihaz çok hızlı seri çalışıyor. ısınma yok denecek kadar hafif. dokunmatiği çok yumuşak ve hassasiyeti çok güzel. kameraların netliğine diyecek birşey yok harika zaten sony kamera takarsa daha aşağı bişey beklenemezdi bravo. zifiri karanlıkta bile ön/arka çekimler sanki gündüz çekimi gibi o derece net ve detaylı. kesinlikle pişman olmazsınız. ayrıca 6.0'' piyasada zaten bununla yarışabilecek çok bir cihaz da yok en mantıklı seçenek budur. cihaz kvk ve sony türkiye garantili. şarjı her telefon gibi ilk günler az gidiyor sonraları açılıyor takılmayın. sadece kulaklığı sony'ye pek yakıştıramadım. böyle bir cihaza kulakiçi koyar insan.	1	1	1
281	mobilyalarıma uyacak bir ünite arıyordum. noella tam aradığım gibi bir ürün. çok beğendim ve bana hiçbir sorun çıkarmadı. bundan solayı üretici firmaya teşekkürlerimi sunarım.	1	1	1
282	tahmin ettiğimden fazla kolay çıktı. bundan dolayı çok tekrar gerekiyor. ama sapı falan gayet güzel. kolay taşınabilir, sürekli çıkarıp uğraş tarzı :)	0	1	0
283	harika  bir alışveriş oldu sagolun varolsun	1	1	1
284	eşim için almıştım fakat görünenden biraz büyük geldi, ben de babama hediye ettim ve daha küçüğünü aldım. termos olarak kullanılabilecek 1.6 litre hacme sahip gereğini yapacak bir ürün. cuma sipariş ettim cumartesi kargoya verildi ve pazartesi elime ulaştı. taşıması kolay, çantası da olsa güzel olurdu.	1	1	1
285	arkadaşlar ürünü almadan önce yorumları okudum. detaylı araştırma yapmaya da çalışıp öyle satın aldım. ürünün sarj süresi çok başarısız. bıcak motorunun çalışma performansı da ne yazık ki çok yetersiz. ürünü satın aldıktan 3 katı fiyatına bilindik bir markanın ürünüyle ilgilenmek zorunda kaldım. i̇ş hayatında kullanacak olan kişilerin kesinlikle işini görmeyecek bir ürün.	0	0	1
286	fiyatına göre fena değil ama smart özelligi iyi degil ayrica internete kablosuz bağlanmak íçín sonradan para ile alınan wifi veezy 200 adaptör hıcbir işe yaramıyor.kablosuz internete bağlanmak hayal.boşuna adaptöre 60tl verdim.internete kablolu bağlantıda sorun yok ama aşırı yavaş açiyor internet sitelerinin sayfalarini. sonuc smart özelligi icin alicaksaniz almayın.	0	0	1
287	gayet kullanışlı ve kalite hissiyatı yüksek bir ürün. fiyat olarakta en uygunlardan. tavsiye ederim	1	1	1
288	biraz ince daha kalın olabilirdi çünki kedi pisliğini ö	0	0	1
289	arkadaş bana gelen ürün mü farklı anlamadım hiç bir etkisi yok ister on dk ister yarım saat bekle. eskiden sıkınca hafif yanma olurdu ve az uyuşurdu. kesinlikle eskiden çok daha etkiliydi olması gerektiği gibi. şimdi sıkınca sarı bi köpükle sıvı istediğini yap fiyasko. eskiye dönün bırakın az yanma olsun.	0	0	1
290	ürünü yakın çevremde kullanıp memnun kalanların tavsiyesiyle 2 adet sipariş ettim, biri anneme biri bana. kişisel bakım için herkesin banyosunda mutlaka olması gereken, kullandıktan sonra topuklarınızdaki pürüzsüzlüğü görünce iyi hissedeceğiniz ve memnun kalacağınız bir ürün. tavsiye ederim.	1	1	1
291	beğenerek kullandığım ürünlerden biri. kargo bedava olması koşuluyla tam bir f/p ürünü.	1	1	1
292	bu fiyata ultra bir kalite beklemek anlamsız ancak kalitesi de fiyatının üstünde bir matkap. ev isleri icin mükemmel.	1	1	1
293	ürünü 2015 haziran ayında hepsiburada.comdan aldım; euro ve doların yükselmesine rağmen fiyatı yükselmemiş; yani şu anda fiyatı gayet uygun. en büyük zevklerimden biri kahve, ağzıma hazır kahve hatta kapsül kahve dahi koymam. bu tam otomatik makine ile günde en az 10 dk kazanıyorum; tatlar harika; cihaz fonksiyonel, cappucino ve espressonun köpüğü/kıvamı gayet iyi. periyodik olarak cihazın temizliğini yapmak gerekiyor; bunu cihaz kendisi hatırlatıyor; ilk temizlik için kimyasal cihazla birlikte geliyor; sonrasında da delonghi servislerinde çok rahat bulabiliyorsunuz. filtre kahve arayanları cafe lungo seçeneği tatmin edecektir.	1	1	1
294	bir sene olmadan iki govdeyi birbirine bağlayan kilit kırıldı surekli kullanımda olan bir parça ancak bu kadar kalitesiz yapılabilir,ikinci sene sap kısmı elimizde kaldı,çekim gucu bitti gibi bişey,sesi adeta bir aslan kükruyor,özetle 2 sene parcalarını bantlayarak bol gurultulu bir supurge kullanmak isterseniz tavsiye ederim,aynı işi gorecek çok daha ucuz supurgeler var.	0	0	1
295	önce ki bezim bitmemişti yeni gelen 2 kutu bezle karşılaştırdım	0	1	0
296	ürün kalite olarak vasat fazla beklentiniz olmasın. sensör yeterli amacı karşılıyor	0	0	1
297	ürün gerçekten sıcak tutuyor.4 adet aldım ailemdekiler de kullanıyor keşke daha fazla alsaymışım.sadece kötü yanı tüylenmeler oluyor o da çok önemli değil bence.	1	1	1
298	4 yaşindaki oluşuma aldım bügün teslim edildi ürün çok güzel kurması kolay saglam ve eğlenceli bende onunla birlikde oynuyorum teşekkürler hepsi burada ben bir anne olarak diyer ebebeyinlere tavsiye ederim	1	1	1
299	fiyatı uygun olduğu için tercih etmiştim ama kullanınca çok memnun kaldım. kullanışlı, rahat ve diğerlerinden işlevsel hiçbir farkı yok. kesinlikle alınabilir.	0	1	0
300	ürün resimdeki gibi düz desenli değil. direksiyonda fena durmadı. deri değil .elime yaklaşık bir haftada elime geçti muhtemelen muadil bir ürün geldi.	0	0	1
301	aldıktan 3 gün sonra çalışmamaya başladı. görüntüsü hoş ama hemen bozuldu, sarj etmiyor.	0	0	1
302	herşey çok güzel ve harika  teşekkürler..	1	1	1
303	suyu yumuşak gönderiyor. bakış açısı biraz dar. kalitesi güzel. fiyatına göre gayet alınailir. tavsiye ederim.	1	1	1
304	lg g4 bu yüksek özellikleri ile aşırı makul fiyata olan bir telefondur. ancak bootloop ve ghost screen gibi neredeyse tüm telefonlarda karşılaşılan kronik arızaları vardır. bu cihazı alırsanız bilin ki 2 yıl içerisinde kesinlikle servis ile muhatap olacaksınız. alacaksanız, bunu göze alıp alınız.	0	0	1
305	ürün gayet güzel ve kullanışlı.çocuğun hemen ilgisini çekiyor. peluşu dağılmıyor. yastık olması da ayrı bir güzel.	1	1	1
306	o kadar cilalı şampuan denedim böyle parlaklık vereni sonax ta gordun şampuan cilalı değil ama cilalı gibi parlıyor kesinlikle tavsiye ederim	1	1	1
307	ürün süper güzel almayı düşünen varsa hemen alın pahalı telefonların yaptığı herşeyi buda yapıyor çok hızlı	1	1	1
308	bu lastik arabayı 0 aldığımda üzerindeydi yaklaşık 50000 km bu lastikle geçti lastik çok sert bu yuzden 2. senesinde kılcal çatlaklar oluştu. gürültüsü fazla yol tutuşu fena değil yakıt tüketimi fazla ama lastik dayanıklı çukur bozuk yol demiyor. bu arada lastik fransız üretimiydi.	0	0	1
309	eğer kumaş kısımda yırtılma , açılma varsa hortum kullanılmaz hale geliyor.	0	0	1
310	güzel cit ses yok fiyat olarak cok uygun herkese tavsi̇ye ederi̇m memnun kalirsiniz bu fiyata hic biyerde bulamazsin	1	1	1
311	çok kaliteli etkileyici bir parfüm. şişesi de orjinal özelliği olan bir parfüm. kalıcılığı uzun süreli koyu kumral tende etkili olduğunu düşünüyorum...	1	1	1
312	yorumları okuyarak aldım ama bir tereddütüm vardı. çünkü petshopta daha basit ürünler daha pahalıya satılabiliyor. ürün ertesi gün elime geçti ve kullanmaya başladık. fiyat-kalite oranı çok iyi. plastiği oldukça sağlam, kaliteli duruyor. i̇çi gayet geniş ve derin. yavru kedim hiç yadırgamadan kullandı. sadece pembesinin gelmesini umuyorduk, satıcı firmaya da ulaşıp sormuştuk. şuan elimizde sadece pembe var, o gönderilecek denmişti. ama koyu sarı bir renk geldi. renk konusunda biraz hayal kırıklığımız oldu ama kedimiz için farkettiğini zannetmiyorum :) teşekkürler	1	1	1
313	çok güzel donuyor adeta taş kesiliyor ama yapıştırdığım yeri tutmadı anlamadım neyse aldık birkere teşekkürler hepsiburada...	0	1	0
314	erkek arkadaşım bunu bulamadığı için siyahını almıştı. markasının çok fazla reklamı yapılmadığı için ya da ben görmedim insanlar pek bilmiyor. ama şunu söyleyebilirm. erkek parfümleri arasında sıralamada ilklerde yerini alabilir.	1	1	1
315	artık çoğu evde çift cam var ancak bu ürün buna uygun nitelikte değil mıknatıs yeterli gelmiyor o yüzden sadece tek camlı pencereler için ideal	0	0	1
316	ürünü dün taktırdım çekim gücü iyi yalnız cam modülü özelliği var diye aldıgım kumandanın bu özelliği fiat palio 2007 aracımda çalışmadı ayrıca cam kaldırma modülü aldım.kumanda kalitesi fena değil sert plastikten yapılmış.kapi kartonlarinin çikarılmasına gerek kalmadan taktı usta hem cam modülünü hem kumandayı.	1	0	0
317	harika bir ürün şiddetle tavsiye ederim.dayanıklı yapısı kalitesinin en belirgin özelliği ayrıca, kullanıldığı yüzeylerde tam temizlik yapması inanılmaz,hem çok güzel hemde güzel bir hediye.	1	1	1
318	y.içi kargonun kibar personeli telefonla haber ederek sorunsuz şekilde teslim etti hepsiburadaya ve kargo şirketine teşekkür ederim	1	1	1
319	ürün 24 saat sonra elimde oldu. çok teşekkürler.	1	1	1
320	malzeme kalitesi is gorur duzeyde.oyle cok berbat degil superde degil.yanliz en buyuk sikintisi kapi menteselerinin dolap yan sutununa vidalanacak deliklerinin delinmemis olmasi.bu konuda yatkinliginiz yoksa kapaklari duzgun bir sekilde takmak konusunda sikinti yasarsiniz.	0	0	1
321	telefonun kendi̇ kulakliğini kullanabi̇li̇rler süper ses veri̇yor.	1	0	0
322	lami̇nat parke üstündeki̇ kirintiyi bi̇le çekmi̇yor.	0	0	1
323	2. i̇nce kalem pille paylaşan bir araç ne kadar randımanlı olabilir?	0	0	1
324	çeşitlik güzel, kutu güzel ve kullanışlı. duvara falan asma aparatı var. çift bölmeli ve bölmeler kapaklı falan.	0	1	0
325	evde 50 mbps internetim var ürünün özelliklerinde 150 mbps diyor ancak evde uyguladığım hız testinde 36 mbps olarak gözüküyor aynı bilgisayarın kendi wi-fi ını kullandığımda 50mbps görüyorum.ürünü alıcak arkadaslara duyrulur..(uyguladığım hız testi superonline in kendi hız testidir.)	0	1	0
326	-ürün tedirgin edecek derecede incelmiş. bence bu kadar incelik bir artı değil; eksi. belki hiçbir şey olmayacak ama cebimde kırılacak endişesiyle kılıfsız kullanamıyorum.	1	0	0
327	ürün elime ulaştı ve hızlı şarj özelliği yok ama fenada değil. note4 yaklaşık 1.45 dakikada fullendi .	0	0	1
328	islak ve jelli traş olan sert sakallı ama hassas ciltli arkadaşlar ürünü gözleri kapalı alabilirler. zor bölgelerde de benzer makinelere göre tatmin edici performans sağlıyor. özellikle ilk kullanımda bile ciltte herhangi tahriş yapmıyor. fiyat performans açısından ıslak traş olanlara kesinlikle tek geçecekleri ve almaları gereken bir makine.	1	1	1
329	bu makinayı başka bir yerden aldım.alet hakkında yapılan yorumlardan ben tamamen farklı yorum yapacağım.bu süpürgede en büyük eksiklik emme borusunun sert plastikten olması nedeniyle makinaya egemen olmak zorlaşıyor aletin çok hafif olması alet çoğu yerde havaya kalkıyor.yumuşak fırça kılları çok kısa ve çok seyrek işlevi tam yapmıyor.triactive parça zemine uyum sağlattırmada kişinin her seferinde eğilip eliyle ayarlaması lazım bu zaman ve yorgunluk getiriyor.halbuki ayağımızla bu ayarı rahatça yapabilmeliyiz.makinayı uzun yıllar kullanabilmeniz için ufak bir fikir ekleyeyim.aspiratörlerde kullanılan kağıt filtrelerden makinanın hava filtresi önüne ekleme yapabilirsiniz filtrenin temizlenmesinde kolaylık sağlar.kullandıgımız alet bizi yormamalı işlerimizi kolaylaştırmalı.bu aleti yapanlar bana göre hiç ev temizliği yapmamış ve hiç başka alet kullanmamış.bütün bunları elimde 8 makine olan ve temizliği iyi yapan biri olarak yazıyorum.karar sizin.	0	0	1
330	diğer markalar nasıldır bilmiyorum ama bu ilk tecrübem çok olumsuz tavsiye etmem	0	0	1
331	merhaba arkadaşlar.ben ürünü bir tanıdığıma hediye olarak aldım.nasıl kokusu bilmiyorum ve bu yönde yorum yazmam yalnış olacağı için tek bir kısmında değineceğim.umarım sahte değildir.	0	0	1
332	tamamıyle hatasız keskin oynar başlıklı ama yanında traş makinesi çıkmıyor onu beklemeyin ben onu da bekliyordum onu sonradan aldım tavsiye ederim	1	1	1
333	i̇grenç kötü bişe	0	0	1
334	resimlerde ahşap görünüyor fakat gönderilen ürün plastik.başlıkta bu belirtilmemiş.	0	0	1
335	tüm parçalarıyla elime ulaştı. çalışmasında herhangi bir sorun yaşamadım. umarım yaşamam da. pek deneyimlemedim	1	1	1
336	alınmamalı...	0	1	0
337	başlarda ağır bi koku ama sonrada sıradanlaşıyor. dikkat çekici değil ve etrafa yayılmıyor sadece üzerinde kalıcı . kış aylarında değişiklik amaçlı tercih edilebilir.	0	0	1
338	ürün anlatıldığı gibi 1 günde teslim edildi teşekkürler idia	1	1	1
339	mükemmel bir silgi tavsiye ederim	1	1	1
340	denemek amaci i̇le en küçük boyundan si̇pari̇ş verdi̇m. denedi̇kten hemen sonra 100 ml si̇pari̇şi̇ni̇de verdi̇m. gerçekten çok güzel ve de kalici bi̇r koku.	1	1	1
341	ürün naylon kumaş yazın kullanılmaz yakar terletir. yıkandığında renkleri soldu asla tavsiye etmem tekrar satın alacağım bir ürün değil.	0	0	1
342	hepsiburada kurumsallığı ve samsung sağlamlığına güvenerek aldım.1 hafta yorum okudum.keşke bu kadar beklemeseymişim diyorum.telefon içerdiği özellikleri nerdeyse karşılıyor hatta fazlası var.kamera normal.i̇nternet hızı yeterli.sabah sipariş verdim ertesi sabah elimdeydi.1 günde ulaştı. 2500-3000 tl lik telefonların yapıpta bu cihazın yapamadığı ne var çok merak ediyorum.estetikse estetik.sağlamlıksa sağlamlık.performansı gayet güzel takılma donma yok akıcı.32 gb ların renkleriyle uğraşmayın almışken 64 gb ı alın geçin.	1	1	1
343	1 aylık kullanım sonucunda ortasından koptu.	0	1	0
344	arkadaşa katılıyorum pcde oynanmaz kısmı hariç çünkü rts oyunlarını ps4 te oynayamıyorsunuz ama şuan son sistem bi bilgisayar toplasanız maksimum 2-3 yıl ömrü oluyor ve ilk gün kü performansı vermiyor ps4 4-5 yıllık bi ürün ve son sistem pcden çok daha ucuza mal oluyor oyun hastaları için gerçekten pc değilde ps4 daha mantıklı her açıdan	0	0	1
345	gayet düzenli bir makine kotlarda ve diğer kumaş türleirnde herhangi bir sorunu yok ilik açma felan gibi bütün özellikler çalışıyor. profesyonle makineler gibi bütün işleri ypabiliyor onun gibi yer kaplamıyor çok kullanışlı bir makine herkese tavsiye ediyorum .	1	1	1
346	ürün küçük ama güçlü, sakal kesme burun kili aldirma i̇çi̇n ayri motor kullanilsaydi çok daha i̇yi̇ olurdu.. saç kesme maki̇nesi̇ i̇yi̇ sakali denedi̇m ama saç gi̇bi̇ i̇yi̇ kesmi̇yor... bence amaciniz sadece saç kesi̇mi̇ i̇çi̇n i̇se sadece saç kesme maki̇nesi̇ almanizi tavsi̇ye edi̇yorum..	0	1	0
347	onnumara	1	0	0
348	sesi çıkışı gayet güzel ve net, fiyatıda gayet uygun, fm radyoya nasıl bağlanacağımı bulamadım sadece özelliği yok galiba..	1	0	0
349	kendime ve oğluma aldım sesi kesiyor fakat içinden ses geliyor yani görevini yapıyor 1 adet eksik çıktı ama mailim üzerine derhal gönderim yaptılar teşekkürler	0	0	1
350	talimatlarına uygun yapıştırdığım halde yapışkan yerleri tutmuyor ;kızım çekince bile düşüyor .üstelik dolaplarda yapışkanın izi kalıyor. lastik bağlasam daha iyiydi...	0	0	1
351	ben pembesini kullanıyorum su kaynatmaya başlarken çok sesli kullandıkca ses artttı 3 4ay içinde rengi lekelenip beyazlaşmasya başladı uzun süre kullanılmayacağa benziyor bir daha aynı ürünü alacağımı sanmıyorum	0	0	1
352	begendik güzelmiş	1	1	1
353	ütü resmen kırışıklık avcısı. kumaşın üzerinde öyle bir kayıyor ki üyü yapmak bile keyifli hale geliyor.	1	0	0
354	ürünün vidalar görünmesin diye verilen kapamaları uygun değil çok sırıtıyor. kurulum kıtapcıgı yeterli değil. menteşe yerleri açılmamış. beklentilerimin çok altında...	0	0	1
355	mp 3 dinlerken hoporlerin hepsinden ses gelmiyor 2 tanesinden cok düşük ses geliyor yapılabilecek her şeyi yaptım ama olmadı bunu çözebilen varmı acaba	0	0	1
356	kargo gayet hızlıydı. günümüzün olmazsa olmazlarına dönüşen acil kurtarması gibi bu powerbank :) teşekkür ederim.	1	1	1
357	-şarj olayı normal kullanımda 1,5 gün gidiyor.	1	0	0
358	kış lastiği olarak piyasanın en kalitelisi. yağmur ve kar performansı çok güzel. evimizin önünde altı buz ustu kar olunca tek çıkaibilen lastikbu. tamamen buz olan yolda çok aşırı güvenmeyin hiç bir kış lastiğine olduğu gibi. ona rağmen buzda ki performansı da diğer lastiklere göre daha iyi. ses az geliyor lastik gerçekten tam kıvamında yapılmış. ne çok aşırı yumuşak nede sert.	1	1	1
359	birkaç ürünle beraber hepsiburadadan sipariş verdim sürekli kullandığmız bir ürün, nıvea markası zaten belli, yılların markasından değişmeyen bir ürün, kaliteli kullanışlı	1	1	1
360	normal harddikle çok az bi fark var	0	0	1
361	yanları bıçakla kesilmiş gibi düz,kesilmiş de. başka yerden daha güzelini almıştım. biraz da elinize tuz geliyor.	0	1	0
362	asla fark falan da edilmiyor	0	0	1
363	ürün iyi ama doğru ürünü göndermeleri biraz zaman aldı???	0	0	1
364	alkol iceriyor bu yuzden agizda ozellile dilde fazlaca yanma yapiyor. fiyati piyasaya gore oldukca uygun, ozellikle sepet indirimleri ile birlikte..	0	1	0
365	aldım sorunluydu kendim tamir ettim ama buton çalışsada uzaktan algılamadı. fiyatı kadar bir ürün şans işi.	0	0	1
366	kutudan çıkartıp hemen kullanmaya başladım. sadece kanal sıralaması biraz alışkanlık gerektiriyor.	1	0	0
367	arkadaşlar 1-kargoya verilmesi 10 gün sürdü. 2-kargoda köşesi ezilmiş halde geldi. 3-eğer kapakları takarken vida deliklerine  uyarsanız kapağın biri aşağıda biri yukarıda oluyor. 4- yanında verilen spot ampül'ü aşırı ısınıyor ben iptal ettim.(tehlikeli) 5-olsun ben yinede almak istiyorum derseniz ki diğer dolaplara göre baya ucuz 6-bende marangozluk var diyorsanız alın .	0	0	1
368	harikanın ürün kesinlikle her evde kullanılması gereken bir cihaz	1	1	1
369	bu siparişteki tek iyi şey siparişin zamanında gelmesi idi.	0	0	1
370	mukemmel bı koku kesınlıkle alabılırısınız daha önce bu parfumu  denemeden almıstım şişe tasarımıda cok guzeel sık kalıcı ayrıca bu fıyata bulanmaz kalıtede	1	0	0
371	pratık ve kullanıslı kargo gonderım suresı cok ıyı urun sık ve kullanıslı almak ısteyenler gonul rahatlıgıyla alabılırler tavsıye ederım ketle nın kucugu kısacası...	1	1	1
372	aracıma yükledikten sonra hiçbirşey farketmedi.. birde 2000 km de bir sürekli kullanın diyorlar bence boşa para harcanıyor en güzeli kaliteli yakıt almak	0	0	1
373	çok şık. çok gösterişli. çok kullanışlı.	1	1	1
374	- hızlı şarj	1	1	1
375	fiyat kalite uyumu başarılı. düşünmeden alınır.	1	1	1
376	yaklaşık 2 aydır kullanıyorum tlf sosyal medyadayken donma yapiyor.çok ısınıyor ve şarzi çabuk bitiyor.	0	0	1
377	özetlemek gerekirse fiyatına göre çok daha kaliteli ve rahat bir koltuk.	1	1	1
378	1. malzeme kalitesi iyi kumas ve iscilik olarak bu fiyatta bir arabadan beklemeyeceginiz ortanin uzerinde bir kalitesi var. ayrica on bar ve ana govde profilleri de saglam ve dayanikli gorunuyor.	1	0	0
379	ürün gayat kaliteli duruyor, hemen kırılcak gibi durmuyor. plastiği sağlam ve kalın. fiyat/performans bakımından gayet iyi bir ürün.	1	1	1
380	fiyat uygunken almak lazım dedim ve aldım daha kullanmadım ama elbet bir gün lazım olur.	1	1	1
381	tek seferde tam şarj bile etmiyor. biraz daha fazla para ödeyip daha kaliteli bir urun almanızı tavsiye ederim. güç ve marka önemli	0	0	1
382	malzeme kalitesi markette satılan gibi değil. orta kısımlarında delikler var. çamaşır değiştirmek durumunda kalıyoruz.	0	0	1
383	fiyat olarak da hepsiburada en hesaplısıydı	1	1	1
384	oyunu aldığım aynı gün hızlı bir şekilde kargoya verildi.sorunsuz elime ulaştı.ürün açıklamasında yazılmamış ama merak edenler için söyleyim oyun 2.bölge.gönül rahatlığıyla alın oynayın.teşekkürler.	1	1	1
385	kargo hızlı geldi fakat kumaşı resimde görüldüğü gibi değil cok soluk renkli cubuklarda cok dayanıksız uzun ömür değil yani	0	0	1
386	çok memnun kalacağımı düşünerek aldım fakat eski makinemde braun idi çok memnundum değiştirme zamanım geldiği için değiştirdim. böyle olacağını bilsem değiştirmezdim. resmen tüyleri kıla çevirdi. daha sert çıkartmaya başladı. hiç memnun değilim.	0	0	1
387	arkadaşım kullanıyordu çok memnundu. bende satış elemanı olarak çalışıyorum. benim için büyük kolaylık telefonunu aç kapa derdinden kurtuldum ve güvenli sürüş keyfi.	1	1	1
388	ürün resimlerde görüldüğünün aksine çok ince, bir zar gibi. tamamen hayal kırıklığı yaşattı	0	0	1
389	ürünü  alalı 7 ay olacak ve aldığım için  memnunum bu fiyata ve kaliteli bir masaj aleti bulması çok zor ve  yorgunluğunuz 5 dakikada almakta masaj nyaptıktan sonra  kuş gibi oluyorsunuz :)	1	1	1
390	aynı sony ps3 gibi tam dizüstü bilgisayarlar için geliştirilmiş her türlü oyunu oynayabiliyorsunuz	1	1	1
391	ürün gayet güzel kullanışlı millet gönül rahatlığı ilen alın    :d  teşekkürler hepsiburada	1	1	1
392	ürünü fiyatına göre düşünerek aldım ama beklentimin çok altında çıktı birincisi boyutu küçük ikincisi ve en önemlisi plastik kalitesi çok berbat acaba bu ürünün plastik testi yapıldı mı yani çok kötü kokuyor soğutma kısmına geçersek sessiz değil ve soğutması orta halli stand olarak kullanabilirsiniz.	0	0	1
393	çok severek yemiyorlar	0	1	0
394	yalnızca temiz kullanacaklara önerebilirim. 1 yıldır kullanıyorum 16 gblık modelini şarj ünitesinde sıkıntı çıktı ve ekranda nemden dolayı sarı leke oluştu. çok hor kullandım ve telefon performans olarak demiyorum aksam olarak kötü.	0	1	0
395	bavulla çıktığım ilk seyahatte tekerleği kırıldı. ucuz plastikten üretilmiş bir ürün asla almayın yazık paranıza..	0	0	1
396	online alışveriş te ise hepsiburada	1	1	1
397	kesinlikle alan pişman olmaz. şimdi bu ürünün 20000 yada daha fazla mah. çıkarmasını bekliyorum.	1	0	0
398	koku ilk anda hoş ancak çok hafif. 10 - 15 dakika sonra hiçbir etkisi kalmıyor.	0	0	1
399	çok kaliteli değil. parasına göre belki iyi olabilir. benim ihtiyaçlarımı karşılayamayacağı için geri yolluyorum.	0	0	1
400	bir miktar sıcak tuttuğu doğrudur,ancak 3.güne kalmadan pamuklanmaya başladı,2 defa yıkandıktan sonra giyilebilmesi mümkün değil...uzak durun	0	0	1
401	hiç fotoğraftaki gibi değil çok kalitesiz ve basit duruyor . beklentimi karşılamadı .	0	0	1
402	arka stopun kelepçesi dağ bisikletime çok dar geldiği için takamadım..daha geniş yapılmalıydı..ön far kelepçesi oturuyor fakat çok gevşek ve en ufak titreşimde yerinden çıkıyor...sürüş esnasında düşme ihtimali çok yüksek	0	0	1
403	ufak ve şık bir tasarımı var, veri depolama açısından da fena değil, ancak veri aktarım hızı çokkkkkk yavaş, böyle olacağını bilseydim almazdım.	0	0	1
404	ancak urun hiç bir işe yaramadı.	0	0	1
405	çok hızlı geldi. çok teşekkür ederim...	1	1	1
406	birkaç yıl önce bu kapasiteleri almak bu fiyatlara hayaldi..gerçekten..kaliteli ve uygun fiyat...	1	1	1
407	ürünü bende eşimde kullandık.yatmadan 30 dakika evvel takılmasına dikkat ettik ama öyle aman aman bir faydasını hissedemedim.burnu iyi kavrıyor yapışma özelliği falan iyi ama horlamaya deva olmadı	0	0	1
408	tabak ihtiyacınız varsa düşünmeden alabilirsiniz	1	1	1
409	şiddetle tavsiye ediyorum çok güzel buldum. yazarın yüreğine sağlık bir solukta bitirdim.	1	1	1
410	üst katlarda oturup da cam silmekten korkanlar için kullanışlı, ancak çok büyük beklenti içinde olmayın :)	0	1	0
411	kalıcı olduğu kesin, biraz ağır ama 3-4 saat sonra daha hoş bir koku oluyor. eşim beğendi. gerisi önemli değil :)	0	0	1
412	gerçekten çok avantajlı hesaplı teşekkürler	1	1	1
413	ürün resimde göründüğü gibi değil küçük çiçekler yok resimde demir çubuklar üzerinde yapışık 2 adet çiçek görünüyor. üzerine sus konduğunda fena durmadı süsler bi parça şïk görünmesini sagladi	0	0	1
414	aldığıma çok pişman oldum. hiç kullanışlı bir ürün değil !	0	0	1
415	kurulumu cok kolay.neredeyse tek basima kurdum. sadece kosu bandini koliden cikarirken yardima ihtiyaciniz oluyor. malzemeler gayet kaliteli.balkonumun bir köşesi spor salonu gibi oldu. bisiklette kaliteli malzemeden yapilmis. özellikle calisan bayanlara tavsiye ederim.	1	1	1
416	kucuk tenekeler icin kulanisli degil, agzinin yukari degil tam tersi asagi dogru egimli olmasi lazim, bu sekilde doldurmak cok zor. oyle tak-cikar amacli kullanmaya elverisli degil, buyuk tenekelerde ve surekli takili kalacak sekilde kullanmaniz gerekiyor. cunku yikamaya kalkarsaniz icinde biriken yagdan dolayi zahmetli olabilir.	0	0	1
417	bu paraya bu kadar, şarjı hemen bitiyor, tam bir oyuncak....	0	0	1
418	3.5 yaşında ve 21 aylık iki çocuğum için 2-5 yaş olanını aldım. 21 aylık olan ancak taşlarıyla oynadı, resimlere baktı. 3.5 yaşında olana da aşırı aşırı kolay geldi, çok sıkıldı, anne bu çok basit dedi.yaş gruplaması doğru değil. 2-3 yaş arası deseler daha doğru olurmuş.	0	0	1
419	ilacı 3+2 kullanıyorum faydasını görüyorum ama kilo aldiriyor.	1	1	1
420	kalite ve uygun fiyat.	0	1	0
421	arkadaslar kesinlikle kalici falan değil esime aldım ilk kez hepsi buradan alisveris yapip hata ettim bildigim bir koku magazadan aliyordum fiyati uygun gorunce siteye yoneldim esim kullaniyor ama hic kalici ve kokusu yok degerlendirirseniz iyi olur	0	0	1
422	bu kitabı elime aldım okumaya basladım. ik sayfalar biraz sacma sonra surukledi cok guzel bir kitap siddetle tavsiye ederim. kitabı okurken hayal gucumu kullanarak olaylarıda yasıyor gibi hissedebiliyordum. cok guzel	1	1	1
423	i̇lk kullanımdan itibaren bariz bir şekilde hissedilen çok ağır bir kokusu var  kalıcılığına laf yok ama tabi neticede zevk meselesi...	0	0	1
424	i̇thalatçı garantili samsung note 5, ürün orijinal paketinde olarak gelmiştir. bir günlük kargo gecikmesi zaten kusur sayılmaz... açıkçası, fiyat, ürün ve hizmet olarak çok  memnunum...	1	1	1
425	gayet güzel bir ürün. 2 gün içerisinde teslimat yapıldı. teşekkürler	1	1	1
426	ürün çok başarılı kahveyi lezzetli ve kıvamında yapıyor hiç bir şey yapmanıza gerek yok fişe takın su tankında suyu eksik etmeyin kahve miktarını koyun ve sadece zilin sesini bekleyin işte o zaman lokum ile birlikte harika bir kahve sizi bekliyor güzel kaliteli kullanışlı bir ürün	1	1	1
427	eşime doğum günü hediyesi olarak almıştım.her açıdan çok kullanışlı bi ütü diyor eşim..çok beğendi.rengi de çok hoş ayrıca.	1	1	1
428	ürün fiyatına göre oldukça tatmin edici. ben ardiye odasında ayakkabılık olarak kullanmak için aldım, genişliği vs. gayet uygun. bu fiyata alınabilecek en iyi ürün. tavsiye ederim.	1	1	1
429	ürün çok şık, ön yıkama var, dıgıtal ekranı fonksiyonel, çamaşır giriş kapısı geniş, fiyatı ise bedavadan biraz pahalı, hiç düşünmeden alın derim.	1	1	1
430	tek başıma yaşamama rağmen çok çabuk doluyor haznesi ki temiz de bir evim var. her temizliken sonra sökmek zorundasınız hazneyi. sağdaki tozu alıp sola atmaktan başka işe yaramıyor. her temizlik yapışımda çileden çıkartıyor beni. almayın sakın.	0	0	1
431	lastikleri geçen hafta aldım. 1 hafta süre verdim. lastikçim çok beğendi. arabamda hep continental kullandım 2012 astra. çok yumuşak ve hızlı. v serisi olması çok güzel. hızlı ve sorunsuz gönderi için teşekkürler.	1	1	1
432	bu kitabı baya tavsiye okuyarak aldım. gerçekten piyasadaki kitapalrın çoğundan iyi. baskı kalitesi gerçekten çk iyi. türkçe açıklamalı olması ayrı bir güzel. . tavsiye edilir..	1	1	1
433	ürünü buradan sipariş verdim 4 gündür tedarik edilemiyor. tedarik sıkıntısı çekilen bi ürün. tavsiye etmiyorum. hepsiburada.com kesinlikle hızlı çalışmıyor. ürünler geç tedarik edilip geç elimize ulaşıyor..	0	0	1
434	üründen sipariş etmek istiyoruz fakat aklımıza takılan bir soru var. acaba alt modülün derinliği derken lavaboyla birlikte 52 cm, yoksa sadece dolabın derinliğimi 52 cm. eğer sadece dolabınsa lavabonun çıkıntısıyla birlikte derinlik kaç cm? şimdiden teşekkürler.	1	0	0
435	hb ya hızlı kargo için tşk.	1	1	1
436	her özelliği ile harika!!!	1	1	1
437	merhabalar,net ortamında birçok alışverişim oldu ama bu ürün merkezi bir yere 4 günde ulaştı.	0	1	0
438	lg tvlerin garantisi bitince arıza yapıyor, iki tane lg aldım. i̇kisinden de garanti bitti arıza yaptı.	0	1	0
439	çok kolay oluyor, alış. teşekkür ediyorum. hepsi bu kadar.	1	1	1
440	dış çekimlerde özellikle güneşli ortamlarda ekranda sadece kendi yansımanızı görüyorsunuz, çekeceklerinizi değil...	0	0	1
441	fiyatını hakkettiğini söyleyemem..beyaz leke bırakmasıda hoşuma gitmedi.	0	0	1
442	ürün kaliteli beğendim, 3 adet anahtar oluşu çok iyi. süratli gönderim yapıldı. almanızı tavsiye ederim. hayırlı işler diler teşekkür ederim.	1	1	1
443	sadece deriyi yumuşatıyor ama kir falan çıkardığı yok aynı zamanda çok çabuk bitiyor.alacak olan arkadaşlara tavsiye etmem.benim işimi görmedi.alacak arkadaşlara saygılar	0	0	1
444	sırt ustu ve yüz ustu yapılan hareketlerde hiç ağrı sızı olmuyor. tavsiye ederim	1	1	1
445	ürü i̇yi̇ ama bedeni̇ni̇ aliyorsun oluyor yikaninca çeki̇yor 2 beden büyük alin ben s aldim şi̇mdi̇ olmuyor	0	0	1
446	ürün ele uygun ancak iç kısmı çok kaygan. dambıl vs tutarlen bütün gücünüzle sıkmanız gerekli..	0	1	0
447	avent kalitesi tartisilmaz.su damlatmiyor ve uc kismi yumusak oldukca kullanisli	1	0	0
448	ürün fena değil	0	0	1
449	bu mouseyi kullanana kadar ben mouse kullanmamışım dedim adeta çekim gücü kesintiye ugramaması her ortam da çalışması çok harika teşekkürler hepsi burada:)	1	1	1
450	ürünün 30 ml lik olanından denemek için aldım güzel ve orjinal bir ürün hb.com güvenirliliğini tekrar konuşturdu bir kez daha teşekkürler ürüne gelince güzel bilindik klasik bir kokusu var denemek için alınabilir ama farklı olmak istiyorsanız tavsiye etmem kalıcılık güzel	0	1	0
451	urun gayet guzel isitiyor 2. kademede kullaniyorum bu ayda istanbulda gayet iyi 2kademe. yanliz yaninda verilen hortum biraz daha uzun olabilirdi ve dus basligi dandik duruyor bunlarin haricinde urun gayet basarili	1	1	1
452	henüz kullanmadım sedece çalışıp çalışmadığına baktım arkadaş bu ürünün tanıtan videolarda niye sesi duyulmuyor. bu kadar sesli çalıştığını tahmin etmemiştim. ama işe yarıycak gibi...	0	0	1
453	ürün elime geçmeden önce bu kadar kaliteli olacağını ummuyordum.evde ve plates salonunda kullanım için aldım.özellikle kalınlığı çok iyi.tavsiye ederim.	1	1	1
454	ürün beklediğimden daha kaliteli geldi. tek sıkıntısı oyun oynadiğında ısınıyor. onun dısında performans müthiş ayni paraya alabileceğin telefonların cok üstünde daha yeni kullaniciyim umarim herhangi bir sorun cikarmaz. kargo 1 günde gelmeside cok güzel	1	1	1
455	eğer kesme derinlikleri sizin işinizi görüyorsa çok iyi bir alet. i̇ndirimden almıştım. tavsiye ederim.	1	1	1
456	baska turlu birikim yapılamaz. hıc degılse borcunu biliyorsun	0	1	0
457	ürün elime bugün ulaştı. küçük fakat 1400 watt olması çok iyi.oğlum için almıştım. çantasına da girer. gerek elime çabuk ulaşması ve kargo bilgilerini sürekli takip edebildiğim için h.b.ya çok teşekkürler.	1	1	1
458	ürün beklediğimden de muhteşem çıktı ve belirtilen süreden önce elime ulaştı hem firmaya hemde hepsiburada ya çok teşekkür ederim	1	1	1
459	2. kumaşı yağmura dayanıklı değil. yağmur için ekstra bir kılıf verilebilir.	0	0	1
460	sıkıcıydı okuduğum an geri bıraktım.	0	0	1
461	. benm gibi kırsal kesimlerde yaşıyorsayız veya alt katlarda ikamet ediyorsanız kesinlikya tercih edlmemeli.	0	0	1
462	arkadaslar urun albenisi ismi hos ama resme bakip aldanmayin degim, ayni urunun baska modeline goz atmaniz faydali olabilir, ben bundan aldim begenmedim iade etmeyecegim fiyati fazla degil	0	0	1
463	kesinlikle daha fazla ücreti hak eden çok kaliteli bir mouse.hiç şüphe etmeden alın derim	1	1	1
464	aldığım 10 inç bilgisayar yanında 15.6 inçlik bu ürün ücretsiz geldi. kesip kesip yapıştırayım mı, ne yani? ürün kalitesi kesinlikle parasına değmez. i̇çinden çıkan 3 ürünün 2'sini çöpe attım; klavye koruyucuyu da eski bilgisayarımın klavyesinin üzerine örttüm. bilgisayar koruyucu çok güçlü yapışıyor; geri çıkarmak isterken bilgisayara zarar verebilir. sonuç: ücretsiz geliyorsa bir bakın, deneyin falan ama kesinlikle para vermeyin.	0	0	1
465	çin iphone'u diyenlere 4c iphone'un yanından geçemez derim.	0	1	0
466	ön koltuklarda olanlar normal. ama onlarda inip biberkwn kayıyor. lastik dikmek lazim	0	0	1
467	plank, şınav gibi ayaktan güç alınan hareketlerde mat çok esniyor hatta kayıyor hareketi tamamlamanıza olanak sağlamıyor sadece sırt üstü hareketlerde iyi yoga için ideal değil sakatlanabilirsiniz	0	0	1
468	cihazda yüksek voltaj ve yüksek akım koruması olması gerekirken ne yazık ki yok. her an yapabileceğiniz gibi herhangi bir usb ye takma isteği aleti bozabilir. ipad sarj aletiyle usb üzerinden 5v ve 2.4a i bağladığınız anda alet bozuluyor (normalde 5v ve 2a olması gerekir yazıyor). i̇çindeki piller sağlam kaldı mı bilmiyorum ama 0.4 amper fark yüzünden aletin bozulması çok kötü, en az 2-3 tane farklı pil denedim aynı ipad şarj aletinde hiçbirinde sorun oluşmadı.	0	0	1
469	tasarım olarak harika ama görüşmelerde sürekli kesinti oluyor müzik hiç dinleyemiyorum aldığıma pişman oldum tavsiye etmem.	0	0	1
470	buradaki yorumları dikkate alarak aldığım kitap bana büyük hayal kırıklığı yaşattı.çeviri başarısız.duygu yoğunluğu hiç yok.burada yazılan yorumlara pek aldanmayın.hikaye çok durağan seyrediyor,zorla bitirdim.dilim yandı bundan böyle bestseller alırken daha detaylı araştırma yapmam gerektiğini anladım.kitap bittiğinde boşa zaman harcadığınızı siz de anlayacaksınız..	0	0	1
471	saçlarım uzun ve kalın telli çok araştırdım ve yorumlara bakarak bu ürüne kara verdim ama memnun kalmadım        .belki ince telli saçlara iyi olur bilemem. saçıma uyguladıktan  2 saat sonra bozuluyor ve elektrikleniyor.	0	1	0
472	öncelikle bu sandalyeyi alan kişilerin yaptığı yorumların çoğu kurulumuyla ilgili. kurulumu çok kolaymış. arkadaş uçak mı yapıyosun araba mı kuruyosun. altı üstü 5 parçalık bir sandalye kuruyosun. ürün çok şık görünüyor. yorumlarda denildiği gibi süngeri yok denecek kadar az değil. gayet güzel yumuşak bir sünger. yalnız plastik aksamı biraz zayıf. tekerleğini yerine geçirirken hafif ayrılma oldu tekerlek geçen haznede. bunun dışında yaylanma mekanizması çok esnek değil sadece görüntüsü var yayın. tavsiye ederim. fiyatı mükemmel.	0	0	1
473	seti aldım kullanıyorum, özellikle fırını tek kelime ile harika.çok memnunum.israrla tavsiye edilir..teşekkürler hepsiburadaya	1	1	1
474	kaliteli bir ürün yeni denedim mükemmel.çift emniyetli oluşu çok iyi.yalnız yağı fazla harcıyor.umarım üretici firma buna bir çözüm bulur.kesinlikle tavsiye ederim.	1	1	1
475	metal şişerme ucu çok zayıf.hemen eğrilip kırıldı. paraya kıyıp daha kaliteli bir ürün alın derim...	0	0	1
476	opel astra aracımda olmadı.havalandırma ızgarasına tutturdum ve telefonu taktım.i̇lk tümsekte telefonla birlikte düştü.tutucu kısmın daha uzun olması gerekiyordu.çok kısa kalmış bu şekilde.	0	0	1
477	hiç beğenmedim kullanışsız beklediğimden yavaş şarj oluyor. külüstür bişeymiş. sürekli donuyor.tuşlara zor basılıyor.önceki telefonum bozulduğu için böyle idare edecek bişey alıyım dedim pişman oldum	0	0	1
478	hepsiburada.com'a teşekkür ediyorum. hem ürünü hızlı gönderdikleri için hem de çok hızlı bir şekilde ürünü iade aldıkları için. xiaomi markasına çok fazla güveniyorum. yorumlarda da basslarla ilgili problemleri okumuştum ama beklentilerin çok yüksek olduğunu düşünmüştüm. alır almaz test ettim. maalesef xiaomi kalitesinin çok altında kalan bir ürün olduğunu gördüm. ürün plastiği kalitesiz. bass hiç yok. volume fena değil.	0	0	1
479	tan kıvamında balıklar ve ızgaralar yapıyoruz	1	1	1
480	ürün tanıtıldığı özelliklerde malzeme kalitesi çok iyi aldığıma çok memnun oldum,indirimli olması da ayrıca cabası.	1	1	1
481	süper bir ürün herkese tavsiye ederim ilk bir kaç gün gerek sünger kokusu gerekse alışamadım diye karamsarlık etsekte hem eşim hem de ben bu fiyata bu ürünü kaçırmadığımız için memnunuz..	1	1	1
482	süper hızlı gonderi olmasına güvenip doğum günü hediyesi olarak almıştım, günler sonra elime ulaştı. kargo fiyasko ama urun kullanisli	0	1	0
483	göründügü kadar kaliteli degil kauçuk gibide degil sert plastik	0	0	1
484	ürün basit olsada seyahatler için kullanışlı, ama renk seçeneği olmaması çok kötü	1	0	0
485	çok güzel bir takım . daha önce çok meşhur bir firmanın takımını kullandım bu kadar memnun değildim . rondo kısmında ki bıçak çok iyi doğruyor . yüksek voltta çalışıyor . biraz gürültücü ama olsun . performansının yanında sesi hiç birşey ... fiyat çok iyi ... memnun kalırsınız .	1	1	1
486	daha 1 yılı doldurmadan tekerlek bozuldu tavsiye etmiyorum	0	0	1
487	urun 80 dense degıl sungerden anlayan bırı olarak yuöusak bır sunger 60 dense ayarında ayrıca ıcınden cıkan yastıklar sısmedı yatak 25 cm cıvarında sıstı ve vıskon kısmı 7 cm cıvarı tavsıye edılmez	0	0	1
488	aldığınız bu ürün vakumlu olması çok iyi ama üzerindeki paslanmaz parlak sac vakum kapağını sıkarken elinizi kesiyor jilet gibi sac kalınlığı çok az buna çok gikkat edilmeli yoksa parmağınızı kesebilirsiniz ben kestim şahsen. bu ürünün sac olmayan mıdelini almanızı tavsiye ederim.	0	0	1
489	ürün geldi ve şok içindeyim woman değilde man olmalıydı bence erkek parfümüyle aynı,hiç beğenmedim.	0	0	1
490	urun gayet basarili ve malzeme kalitesi cok iyi, sensor oldukca hassas calisiyor cekinmeden alabilirsiniz tek dezavantaj fiyatinin biraz daha uygun olmasi gerekirdi.	1	1	1
491	desenler hiç belli olmuyor. düz siyaha yakın koyu yeşil gibi gözüküyor. i̇çi tamamen açık gri renkte , keşke içi de koyu bi renk olsaydı çünkü başınıza taktığınızda uçları içten dışa doğru kıvrılmış büzüşmüş bi halde duruyor ve düzelmiyor bu sebeple o gri renk çok kötü gözüküyor.ayrıca uçlarından ufak püsküller halinde dökülüyor.	0	0	1
492	ürün bugün elime ulaştı bir sıkıntısı yok gayet iyi lazeri çok kısık olmasıda pilin geç bitmesi için çok iyi öneririm.siteye çok tşkler	1	1	1
493	fiyat daha iyi olabilirdi...	0	1	0
494	fiyatına göre iyi. ama öyle aman aman bakım yapıp nemlendirmesini beklemeyin. dudakta fazla durmuyor kolayca silinebilir. günlük kullanım için zaten soguk havalarda dudaklarınızı koruması acısından iyi.	0	1	0
495	abartılı yorumlara inanmayın. ben baya indirimle aldım; şu anki fiyatına değer mi bilmem ama orta kalitede, ayağı sıcak tutmaya çalışan bir ürün.	0	0	1
496	kitap kurtlarına ısrarla tavsiye ediyorum.	1	1	1
497	ben bu kokuyu daha önce hiç üstümde denemeden, yorumlara bakarak aldım.	0	0	1
498	3) tam olarak tek dolumda 4 kez lg g4 stylus (3000 mah),           3 kez de iphone 6s (kaç mah) bilniyorum)'i tam olarak şarj etti	1	1	1
499	yavru kediler için güzel bir oyuncak.. ancak içerisindeki fare benim kedime 15 dakika dayanabildi.. eğer yetişkin bir kediniz varsa ömrü çok uzun olmayabilir..	0	0	1
500	bir çok farklı ürün denedim, hatta diğer büyük markanın muadil ürününü sırf karşılaştırmak için aldım okey zero piyasadaki en kaliteli en ince en yokmuş gibi ürün	1	1	1
501	güzel bi saat. fiyatı da fena diil. pusulası için aldım denizcilik sektöründeyim.rüzgar yönünü ölçmek, sıcaklık değerlerini almak için gayet kullanışlı ve pratik. ancak sıcaklığı ölçerken kolunuzdan çıkartmanız ortam sıcaklığını en doğru şekilde ölçmek için ideal yöntem. tek olumsuz yönü ışığı az süre yanıyor ancak çok önemli diil saatin kaç olduğunu görmek bana yetiyor.. :)	0	1	0
502	gelen ürünler çok kötü çıktı.	0	0	1
503	ben eski mousemla halıda kullanamıyordum.	1	0	0
504	ürün harika. i̇ki gündür kullanıyorum. doğru tercih yaptığıma inanıyorum. zamanında gönderdiği için hepsiburada.coma teşekkür ediyorum.	1	1	1
505	inverter 12000 btu ve işyerinin lambalarını çok rahat çalıştırıyor klimanız inverter değilse 9000 btu klimayı çalıştırır ayrıca aldıktan sonra öğrendim dünyanın en büyük jeneratör fabrikasını açmış çin de şaka değil gerçek türk firması bravo gurur duydum keşke çinde ki şartlar türkiyede olsa da bu fabrikalar ülkemizde üretim yapsa	1	1	1
506	huzli kargo icin teşekkürler hb. urun gayet iyi kullanimi kolay... hiz ayarlamanin tek tus ile idare edilmesi gayet iyi. tek sıkıntısı karistirici parcanin cok yumusak telden olusmasi.. iyi muhafaza ederseniz sıkıntı yok. sıçratma yapmiyor  parcalayici.  braun tek kelimeyle iyi marka tavsiye ediyorum...	1	1	1
507	aldım ve memnun kalmadım hiç almıyo	0	0	1
508	çok kullanişli güzel bi̇r ürün düşünüp de karar veremeyenlere tavsi̇ye ederi̇m.uzun bi̇r araştirma sonucunda bu ürünü almaya karar verdi̇m,kullanmaya başladiğimda da yanilmadiğimi ve i̇sabetli̇ bi̇r karar verdi̇ği̇mi̇ anladim.	1	1	1
509	siparişin üzerinden 24 saat geçmeden ürün elime ulaştı. sürekli kullandığım, kaliteli bir ürün. evde öğrencilerim için kartlar hazırlıyorum ve olmazsa olmazım. bu ürünü daha uygun fiyata da başka bir yerde bulamazsınız. çok teşekkürler.	1	1	1
510	tlf içerik olarak iyi eksik olan tek şey normal aramada görüntülü aramanın olmaması ve yanları etrafında ki çerçevesi hep kalkıyor  artık sinirlerimi bozuyor	0	0	1
511	görsel-deki̇  canli kirmizi i̇le bi̇ze gelen kirmizi arasinda  dağlar kadar  fark var . sanki̇ 3 yil güneşte beklemi̇ş rengi̇ solmuş gi̇bi̇ sönük donuk bi̇r renk geldi̇..	0	1	0
512	şarzı 1.5 gün gidiyor diyenlere aldanıp bu telefonu aldım. güç tasarruf modu aktif olmasına rağmen yarım günde eriyip bitiyor. şarzın uzun gitmesi için denemediğim maymunluk kalmadı. batary save doctor tarzı çeşitli uygulamalar yükledim pek işe yaramadı. aslında bu tarz applerin kendilerinin işe yaramadığını farkettim. aradığım özellik sony experia lardaki stamina tarzı bir özellikti. bekleme modunda wireless , mobil data gibi servisleri otomatik kapatıp pil tasarrufu sağlaması.	0	0	1
513	ürün çok güzel  fiyatı çok uygun kaliteli malzeme ve hızlı kargo için teşekkürler	1	1	1
514	termal özelliklerin tamamı var. yumuşak, sıcak, dayanıklı. outdoor, kamp için ideal.	1	1	1
515	yaklaşık 5 aydır bu fırçayı kullanıyorum, diş fırçalamayı çok seviyorum bu ürünle daha da sevmeye başladım, 2 dakikanın nasıl geçtiğini anlamıyorsun, kesinlikle kaçırılmamalı, dişlerine önem veren herkesin tercihi olmalı.	1	1	1
516	daha önce remigton pg400 kullanmıştım. ona göre malzeme kalitesi bıçak kalitesi şarj süresi gerçekten kötü. şarjda iken kesim yapmıyor. dolmasını beklemeniz gerekiyor. paranıza kıyın daha iyi birsey alin.	0	0	1
517	ürünü dün aldım kamera sony gibi bir markaya yakışmamış başka iyidir.kamera için alan sakın almasın.	0	0	1
518	kendinizi yormadan süper temizliyor. diğer makinemize göre sesi oldukça az çıkıyor. temizliği de zor değil. alacak olanlara tavsiye ederim boşuna çok para vermeyin.	1	0	0
519	kusursuz bir sekilde calisiyor. birebir orjinal	1	0	0
520	fiyatida kalitesi de oldukça iyi ..tavsiye ediyorum..	1	1	1
521	ürünü  sipariş ettim kısa bir süre içinde elime ulaştı ama ürünü  açtım bezi ile sildim tam deniyorum ürün s7 egde ile uyumlu değil küçük geldi şimdi ben bunu ne yapicam	0	0	1
522	öncelikle mikroskop plastik aksamdan yapılmıs hafif kucuk bir mikroskop. ancak buyutme secenekleri , gosterme kalitesi gayet güzel. ayrıca hicbir urunde bu kadar cok ek parca yok. ilk etapta inceleyebileceginiz cok fazla hazır ornekleri var. cocukların hem ilgisini cekecek hemde birseyler ögretecek cok guzel bir aygıt. alacaksanız bundan alın derim tavsiye ederim.	1	0	0
523	gelir gelmez bavulu ölçmeye kalktım 15 kg da kırıldı. 'ucuz etin yahnisi pahalı olur' atasözünü gene hatırladık.	0	1	0
524	bu telefonu yaklaşık olarak 35 gün önce aldım.şık gibi duruyor fakat karşı tarafa ses bazen gidiyor,bazen gitmiyor problem yaşatıyor.	0	0	1
525	ürün,her ne kadar tüm musluk başlarına uygundur desede,hiçte öyle değil.bütün musluklarda denedim olmuyor,olmuyor,olmuyor.sadece banyo telefonunun ucuna takılabiliyor.keşke açıklamasında olduğu gibi bütün musluklsra olsaydı.olsada olur olmasada bir ürün.hiç olmasa iki adet kartuşla teselli olduk.aldığım diğer ürün aç kapa perlatörü harikaydı.bütün musluklara uyumlu.açıkçası hayal kırıklığı.	0	1	0
526	gene yapıştırma sorunu gene, bir müddet sonra çıkıyor bir anlamı kalmıyor.	0	1	0
527	pahali bi̇r traş kolonyasi bana göre parfüm deği̇l bu paraya yazik bana hi̇tap etmedi̇	0	0	1
528	makina işlev olarak sıkıntısız arkadaşlar ama 2 sorunu var benim gördüğüm; ses ve süre. programlar çok uzun sürüyor ve çalışırken db yüksek. kurutmada evden roket kaldırılıyor sandık :) bi de çok sarsıntısı var uzun vadede kazana zarar verir mi görücez.	0	1	0
529	hizlı ve kaliteli ürün. fiyat performans açısından iyi sayılır teşekkürler.	1	1	1
530	fakat telefon gibi konuşabiliyormuyum? hafıza kartı yeri varmı yani açıkçası telefon gibi mi? ne olur cevap yazın çünkü bende alıcam...	1	0	0
531	fiyatına göre memnun kalacağımız bir ürün. malzemesinin fazla kaliteli olduğu söylenemez. kullanıma engel olmayacak kadar kum dökme sorunu var.  ben memnunum	1	1	1
532	ben bu ürünü merakla aldım.fakat umduğum gibi çıkmadı.bir kere lastikler çok dar. rahat hareket yapamıyorsunuz ve hareketi yaparken kıvrılıp durduğu için hiç rahat pilates yapamıyorsunuz.daha çok eliniz acıyor onu sıkıp tutmaktan.ben memnun kalmadım.tavsiye etmiyorum.	0	0	1
533	karton üzerine mantar desenli kağıt	0	0	1
534	ürün anlatildiği gi̇bi̇ deği̇l motoru resmen süngerle en ufak ayrintisina kadar si̇li̇nce temi̇zli̇yor ara ve dar yerleri̇ temi̇zlemi̇yor 3 dk deği̇l 1 saat bi̇le beklesen fuzuli̇ motora sikinca ki̇r aktiğini henuz görmedi̇m	0	0	1
535	ürün 3 gün içerisinde elime ulaştı ürün gerçekten çok başarılı bu ürünü almayı düşünenler direk alsınlar derim parasının hakkını veriyor mouse tıklama ayarı eli terletmeyen bir tasarıma sahip klavye üstündeki w,a,s,d tuşlarıda farklı malzemeden yapılmış klavyenin bileği yormaması için ek parçası bulunuyor iki vida ile bu parça geliyor ister vidalayın isterseniz vidalamayın size kalmış klavye ve mouse aydınlatmaları göz alıyor :d baya fena makine	1	0	0
536	ürün ilk başta oyuncak gibi gelse de performansı ve hafifliğiyle diğer bir çok markanın önüne geçiyor.	1	1	1
537	sehpalar alcak kullanisinda biraz sıkıntı var  kurulumu kolay, görünüş güzel ancak sunta çok sağlam değil fiyati uygun hepsi burada tsk	0	0	1
538	telefonu xperia nın telefonlarından sandım aynısını yapmışlar:))	0	0	1
539	ses kalitesi ve şarj süresi gayet iyi. fiyata göre çok güzel bir ürün.	1	1	1
540	üründe görüntülü görüşme yok. ayrıca kendinde bulunan herhangi bir dosyalama sistemi yok. google playden dosyalama sistemi indirilmiş.fiyatına göre idare eder.	0	0	1
541	hepsi burada dükkan alışverişleri çok iyi. fakat diğer dükkanlar biraz sıkıntılı. ürünü hepsi buradanın kendi mağazasında almak daha mantıklı. muntazam hizmet veriyorlar. teşekkürler..	1	1	1
542	ürün gerçekten çok güzel 5 dk da tüm saçımı düzleştirebiliyorum. kesinlikle tavsiye ederim.öğleden sonra almama rağmen aynı günde ürünü teslim aldım, teşekkürler.	1	1	1
543	kolay uygulanıyor. baya bi kalın çiziklerden korur güzel bir ürün.	1	1	1
544	ürün çok güzel ve kaliteli hepsiburada ya teşekkürler ilgi ve hızlı kargo için	1	1	1
545	üründe dikiş kalitesi yok.ama diğer işlemler için hb alışveriş merkezine çok teşekkür ediyorum	0	1	0
546	bütçeniz varsa kaliteli bişey alın derim. aparatlari kalitesiz pek dayanıklı değil. alalı 1 hafta filan oldu bugün motorun mandren kilidi bozuldu. çünkü plastikten yapılmış. düşünün plastik kilide basiyorsunuz anahtarla mandreni sıkıyorsunuz o kilit ne kadar dayanabilir ki.	0	0	1
547	2-3 günde geliyor.fiyat olarak çok uygun.	1	1	1
548	9 litre kapasite ve 1400 devir lg kalitesi ile birleşince ortaya çıkan sonuç sessiz ve pırıl pırıl mis kokulu çamaşırlar. eşim çok memnun kaldı.	1	1	1
549	cuma günü siparişini verdim cumartesi elime ulaştı. 2006 yılında aynı koltuktan hepsi buradadan almıştım, iş yerimde çocuklarım üstünde hoplaya zıplaya 5 senenin sonunda kolunu kırdılar. tek kol bulamayacağımı düşündüğüm için aynı koltuktan 5 sene sonunda yine sipariş verdim ve az evvelde monte ettim ve bu yazıyı bu koltuğa oturarak yazdım, 2. kez kullanıyorum tavsiye ederim.	1	1	1
550	traş losyonları parfümlerin korkulu rüyası oldu bu parfümde ilk sıktığında öyle kokuyor eşim de sevmedi aynısını dedi pişman oldum aldığıma	0	0	1
551	bu siteden şuana kadar aldığım en kalitesiz ve en gereksiz ürün, boşa kendinizi yormayın hiç bir işe yaramıyor ve resimdeki gibi bir üründe gelmiyor aşırı kötü bir ürün geldi.	0	0	1
552	ürün çocuklara göre ancak bize gelen top tam yuvarlak değil sanki hafif elips gibi, bu da göze hoş gelmiyor.	0	1	0
553	yazarken koyu renkleri sevenler için güzel bir kalem.ince uçlu kalemler gibi degil ayrıca silik de yazmıyor. ben aldım fiyatı da gerçekten uygun.	1	1	1
554	ama bosaltması biraz tozutuyor ortalıgı.torbayı alıp cope atmaya alısan bırı icin ilk basta zor gelebilir hazneyı cıkarıp ıcını bosaltmak. hazneyı bosaltma sonrası yıkayıp takarsanız pırıl pırıl olur. yıkamazsanı kırlı kalıyor hazne ıcı cama yapısan tozlar kalıyor zamanla alısırsınız.	0	0	1
555	saat kadranı beklediğimden büyük geldi. fakat genel olarak erkek saatleri bu boylarda. kordon gerçek deri görüntüsünden ziyade suni deri gibi görünüyor. günlük kullanım için ideal bir saat.	1	1	1
556	ben aldım kullanıyorum, 1 yılı geçti. lavabosu gayet geniş, kurulumu kolay. kalitesi de gayet yeterli. kesinlikle tavsiye ederim.aynası vs. boyutları yeterli.	1	1	1
557	fiyat uygun kaliteli bence alınabilir	1	1	1
558	urun okadar kotu. hic begnmedim. simdi kedim oyuncak gibi kullaniyor. acmak zor. hep tuvalet kagit gibi duruyor. ve cok kotu kimyasal ile kokuyotdu. 24 saat balkonda havalandirdim. yane bu urun pulates icin degil.	0	0	1
559	ürünü 30.08.2016 tarihinde saat 13:04 sipariş ettim. 01.09.2016 öğle sıralarında elime ulaştı. yani siparişimin 2.gününde ürün elime ulaşmış ve kullanmaktaydım. ''süper hizli'' gönderi gerçekten öyleydi.	1	0	0
560	yeni aldım ürünü  görünürde hiç sıkıntı yok.. ne kadar dayanıklı onu şuan bilemem. tavsiye edebilirim fiyatına göre çok uygun bir alet vesselam.......	0	0	1
561	tavsye ederım	1	1	1
562	kullanımı rahat olsa da hafıza sorunu telefonu geride bırakıyor istediğin uygulamayı rahatlıkla yükleyemiyorsun 8 gb çok az şarj da yetmiyor günde 2 defa şarja katıyorum. aldıktan bi süre sonra pişman ettirecek bir telefon.	0	1	0
563	telefonumu 2buçuk kere şarj ediyor	0	1	0
564	ürün güzel kullanişli fakat çift camda bi işe yaramıyor artik günümüz şartlarini düşünürsek tek cam nadirdir sanirim. yinede teşekkürler hepsiburada	0	1	0
565	eleştrip hatalı oldugunu söyleyenler olmuş. ben normal bir kullanıcı olarak bir sıkıntı görmedim üründe. 2 tane aldım ikisi de normal.	1	0	0
566	ürün orijinal ve kaliteli, fiyat uygun. tek sorun hediye çantanın gönderilmemesi oldu.	1	1	1
567	ürün kalitesi ve gönderimi iyi ancak merkezi uydu sistemine bağladım sinyal artacağı yerde dahada düştü. kullananlar nasıl yaptı bilmiyorum ama işe yaramadı.	0	0	1
568	hızlı kargo,güzel tasarım ,leziz çaylar çok memnun kaldık	1	1	1
569	benim kedimde işe yaramadı.	0	0	1
570	tek eksi̇ği̇ samsunga vi̇da uyumu onuda 2tl 4 vi̇da pul i̇le çözüme kavuşturdum	1	0	0
571	ürünü kızımız için 8 aydır aralıksız kullanıyoruz. kızımızda memnun bizde... zaten bu üründen daha iyisi yok..hepsiburada avantajıyla almak tabiki daha güzel! pişiksiz günler.....	1	1	1
572	harika bir ürün . orijinal kutusunda ve hiç el değmemiş olarak aldım çok teşekkürler.	1	1	1
573	tablo çok güzel ve canlı renkleri var eve hoş bir nava kattı almayı düşünüyorsanız tavsiye ederim	1	1	1
574	tek anten,i̇ki tv;  tv lerin ikisi birden açılınca, bazı kanallar çıkmıyor,tv nin birtanesi kapalı olursa verimli çalışıyor,takdir alacaklara.	0	0	1
575	henuz dengede duramayan yada yeni yeni ayaklananlar icin arka tekerlekleri kilitlerseniz cok rahat surebilir.	1	0	0
576	içinden bir tane lastik çıktı	0	0	1
577	bundan daha i̇yi̇si̇ olamaz.mükemmel,özelli̇kle bayanlar i̇çi̇n	1	1	1
578	kaliteli ve ucuz pişman olmazsınız	1	1	1
579	dezavantajlari	1	0	0
580	arkadaşlar,ürünü 1 yıl önce hepsiburadan indirimli haliyle almıştım ,1 yıldır hiç sorunsuz kullanıyorum,çayın tadı gerçekten çok güzel bence,pilastik olanlara göre farkı var,çokta estetik,hoş bir görüntüsü var,ışıkları güzel görünüyor,ben çok titiz bir  araştırma yaptıktan sonra  bu ürüne karar vermiştim,kesinlikle tavsiye ediyorum.	1	1	1
581	yerde ne kadar saç teli, toz varsa hepsini elektrik süpürgesi gibi topluyor. temizlik için zamanınız kısıtlıysa ideal bir seçim.	1	1	1
582	eşim için aldım çok memnun kaldı.hepsi burada'ya ve mağazaya teşekkürler.	1	1	1
583	ürünü kullanmaya bilirseniz çok güzel.boyaya başlamadan önce kapı pencere pervazları çıkıyorsa çıkartın çıkmıyorsa bir güzel bantlayın aynı şekilde yeri de bantlayın.(ben bantlamadım, sadece gazete ve hısır örtü serdim)çünkü motoru çalışırken çıkan rüzgar gazeteleri ve hışır örtüyü havalandırıyor sonuçta da her yer boya oluyor.i̇kinci bir uyarımda boyamak istemediğiniz yüzeylerin yakınını fırça yada rulo ile geçin böylece püskürtme esnasında oralar temiz kalır.başka bir uyarımda ben su bazlı plastik kullandım hava da çok sıcak oldugundan çabuk kabuklanma oldu boyayı inceltince hemen kullanın yada ilerki aşamalarda süzgeç kullanarak süzün yoksa tıkanma oluyor.tıkanınca çabuk temizleniyor ama bir sürü uğraşıyorsunuz ayrıca boyamaktan zevk almıyorsunuz.tavan boyarmı diye terettüt edenler için tutma açısını yakalarsanız tavanı da rahat boyarsınız.sonuç olarak boyadıktan sonra temizlikle de uğraşmak istemiyorsanız çok titiz bir şekilde bantlama yapın.hışır örtülerde çok kullanışlı iki tanesi koca bir salonu eşyaları ile birlikte örtebiliyor. tabancanın sesi çok fazla bir kötü özellik olarak sonrasında o na da alışıyorsunuz.evinin boyayacak arkadaşlara şimdi den kolay gelsin.	0	0	1
584	sağlam ve dayanıklı yapıdadır.	0	0	1
585	olumlu kısımları: öncelikle çocukları eğlendiriyor. montajı basit. farklı bir ortam sağlıyor.	0	1	0
586	harıka gercekden sonderece kalıtelı koltuk ve tavan dosemesınde kullandım  sızı hıc yormuyor kulanımı cok sabıt  kopuk ıyıce sıkın kırı dısarı cıkarıyor bezle sılın yeter  ovalama yok  gozlerım kamasıyor bu urunu gorunce	1	0	0
587	tavsiye ederim gayet güzel bir ürün	1	1	1
588	eski ttnetden aldığım modem bozulunca daha iyi olur umuduyla aldım,eski modemi mumla arıyorum	0	0	1
589	çok kötü ve güçsüz	0	0	1
590	birazdahs uygun olabilirdi fiyati ama herseyiyle uygundur	1	1	1
591	üründe görsel acıdan tek fotoğraf var ve ürün nubuk (süet) deri 42 için kalıp biraz büyük kalın kışlık çorap ile tam olacaktır ben begenmedim mo markasına dan daha iyi işler beklerdim bekledigim gibi değildi ürün.	0	1	0
592	oğlum için aldım.tam bir oyun tutkunudur.ürünün gayet güzel ve başarılı olduğunu söyledi.aldığımıza asla pişman değil...	1	1	1
593	gayet memnun kaldım, hem ürün teslimatı iyi hem de ürün kaliteli	1	1	1
594	bu ürünü yaklaşık 6 ay önce kızıma aldım, hala ilk günkü gibi sapasağlam hatta bu ürünü yıkamam gerekti  el fırcası ile bahçede yıkayıp güneşte kurutmama rağmen hiçbir şey olmadı, değişik yatma pozisyonları olması çok güzel, kemer kilitleme noktasına varana kadar bence kaliteli bu fiyata bu ürün almaya değer.	1	1	1
595	"yazım hatalarını mazur görüyorum.bazı yazılarda silinme var hiç okunmuyor bunuda mazur görüyorum fakat kitapta bazı krokiler verilmiş yerler var. ""aşağıdaki krokide görebilirsiniz"" şeklinde bir cümle kullanmış yazar ve altta yarım sayfa boşluk var o boşlukta bir tırnağın yarısı kadar bir şekil. holmes gibi büyüteçle bakıldığında ancak anlaşılabiliyor. bu gibi sorunlar bu 5 kitaplık setin hemen hemen hepsinde var. bence bu basım hatasından da öte bir defo."	0	0	1
596	daha evvel de almıştım çok güzel maskara, uygun fiyat hızlı kargo, teşekkür ederim	1	1	1
597	iyiki almışım dediğim bir samsung daha..  note 2 kullanıcısıyım 2 sorunum vardı ki biri prizsiz ortamda şarj sıkıntısı diğeride çabuk bozulan kulaklıklar..  önceliğim şarj sorunu oldu samsung 11300 mah taşınabilir şarj cihazı aldım gerçekten kurtarıcı bi cihaz.. yolda sinemada vs.. şarjım bitti sorunu bitti	1	1	1
598	cok fazla birsey beklemeyin, kayiş ve ozellikle ekran cozunurlugu cok kotu. ben ilkokula giden yegenime hediye olarak verecegim.	0	0	1
599	bu ürünü kızıma aldım kendisi öğrencidir. sadece iki gün sonra fişe takılıyken bozulduğunu söyledi. şahsen üzüldüm. böyle bir ihtimal olduğunu bilesiniz diye yazıyorum.	0	0	1
600	kullanirken kendi kendine gevsiyor bir kitleme mekanizmasi olmasi lazim cocugum sirt ustu dustu ayagini kiriyorsu azdaha. cocuk 25 kg di  güvenli  degil	0	0	1
601	çok gürültülü çalışıyor	0	0	1
602	daha önce kullanmıştım böyle sorun yaşamamıştım,her kullandığım bez sızdırdı pişman oldum bir daha almayı düşünmüyorum.	0	1	0
603	logitech bu işi biliyor... hepsiburada ya hızlı kargo için teşekkürler..	1	1	1
604	banyo tuvalet lavabo gibi yerler için ideal çok güzel aydınlatıyor sakın 3watlığını almayın	1	1	1
605	kendi mutfak dolaplarımı toplarken kullandım,ağaç,mdf,sunta hepsini zorlanmadan rahtlıkla kesebiliyor.bence bu fiyata bu ürün mükemmel	1	1	1
606	gerçekten etkili iyi hissttiriyopr beni ve antremandan sırılsıklam çıkıyorum sürekli kullanıma uygun kaliteli bir carnitine	1	1	1
607	bana gelen ürün 832 mhz işlemcili android 2.3.6 versiyonu oldu ayrıca bir de ekstra kapakla geldi, beğendim güzel telefon beklentileri yeterince karşılıyor.	1	1	1
608	ürün normal fiyatına göre değil. i̇ndirimli fiyatı için idare eder. kesim açısı ayarsız. gönderilen bıçaklar sadece kandırmaca, kalitesiz. amatörler için yeterli olur. alacak arkadaşlar bunlara dikkat etsin. hepsiburada.com ürünün açıklarını birazcık kapatıyor. hizmet bakımından.	0	0	1
609	hızlı kargo çok memnun kaldım ve ürün gerçekten çok iyi herkese tavsiye ederim teşekkürler	1	1	1
610	eğer kalıcı ve kaliteli bir parfüm arıyorsanız tam da beklentileriniz karşılayabilecek bir ürün. eşime almıştım. çok beğendi ve bundan sonra artık devamlı kullanabilirim diyerek çok beğendiğini ifade etti.	1	1	1
611	beyaz arabalarda pek etkili degil	0	0	1
612	ürün teslim aldıktan sonra yıkayıp kullanalım dedik. 30 derecede orta uzunlukta programda yıkandı. sıkmada katlandığı yerlerden beyaz çizgiler şeklinde boyası akmış. hiç kimseye tavsiye etmem	0	0	1
613	bebeğim doğduğundan beri sebamed ürünlerini kullanıyorum çok memnunum. sebamed bebek kremi sayesinde pişik sorunumuz hiç olmadı. tüm annelere tavsiye ederim.	1	1	1
614	telefon harika gün boyu kullandım saat 24:00 da şarj hala 88 göateriyordu biraz ısınıyor ancak çabuk geçiyor.ben harika bir telefon.	1	1	1
615	orta boy fiyatına göre kaliteli bir ürün.	1	1	1
616	ürün üretilme amacını yerine getiriyor. mantar pano içinde olmazsa olmaz. ama renk dağılımı homojen değil. sarı renk çok az. renk renk kutulanıp satılırsa daha uygun olur kanımca.	1	0	0
617	titreşim özelliği çok güzel. şarjı gerçekten çok güzel.uyku takibi çok işe yarıyor. düşünmeden alın bence	1	1	1
618	çok teşekkür ederim resimdekinden daha güzel çok beğendim eşime evllilik yıl dönümü hediyesi iyiki aldım :-)	0	1	0
619	kulakları çok sıkıyor, yarım saatten fazla takamıyorum.	0	0	1
620	yıllardır kullandığım bir parfüm. her mevsim , her ortamda rahatlıkla kullanılabilecek , insanı asla rahatsız etmeyen ama aynı zamanda da son derece etkili bir koku..tüm beylere tavsiye ederim	1	1	1
621	siperişimi yaklaşık 10 gün sonra aldım ama kesinlikle çok memnunum ürün kesinlikle istediğim gibi her hangü bir sıkıntı da yaşamadım fırsatlar kesinlikle kaçırılmaz.	1	1	1
622	urun tahmın ettıgım kadar buyuk degıl tostu kagıt gıbı ınce yapıo ama tostta hıc kızarma yok hamur gıbı oluyor urunu gerı ıyada edecegım	0	0	1
623	bu üründen daha önce almış kullanmış ve çok beğenmiştim. daha sonra bir tane daha sipariş verdim, gelen ürünün ilki ile hiç alakası yoktu, sıktığınız zaman kahverengi renkte sanki paslı gibi köpük şeklinde bir sıvı çıkıyordu, kokusu çok ağırdı ve tene değdiğinde yakıcıydı, son kullanma tarihini de kontrol ettim ama süresinin dolmasına yaklaşım 9 ay falan vardı, tabi ki kullanmadan direk çöpe attım. sanırım bu ürün bozuldu dedim ve daha sonra geçen hafta yine bir tane daha sipariş verdim, bu üründe ay şekilde çıktı. belirttiğim hususları ürünün üreticilerinin ve ürünü almayı düşünenlerin göz önünde bulundurmasını tavsiye ediyorum. hepsi burada ya da hızlı gönderim için teşekkür ediyorum...	0	0	1
624	orjinal ürüne benziyor.	1	1	1
625	ürün geldi şu anda sağlam bir sorun yok teşekkürler	1	1	1
626	ürün sorunsuz çalışıyor. kullanımı rahat. hepsiburadaya hızlı teslimat için teşekkür ediyorum.	1	1	1
627	çok beğendim. 5.paket almıştım. devamında yine buradan alacağım :)	1	1	1
628	benim şanssızlığım mı bilemiyorum. ama daha bir ay oldu kullanmaya başlayalı. üç ayrı yerden delindi. sürekli hava kaçıran bir delikle uğraşıyorum. ilk delindiğinde deliği kapattım ama ardından iki tane daha geldi. üstelik bunlar dış etkenlerle oluşmadı. tamamen malzemeden kaynaklanıyor. bence bir kez daha düşünün almak için...	0	0	1
629	ürün çok hızlı bir şekilde gönderildi. ayrıca ürün kullanımı çok rahat ve dik durmanızı sağlıyor bu yüzden bel ağrılarını azaltıyor.	1	1	1
630	renk seçeneği sunmuyorlar mavi ve sarı ışık geldi, yetersiz	0	1	0
631	gerçekten uygun fiyat ve hızlı kargo.. teşekkürler hepsiburada	1	1	1
632	bütün yoga/pilates minderleri böyle midir bilemiyorum ama bu biraz kötü kokuyor ve fazlaca kıl tüy topluyor etraftan. halıda yapmaktan iyidir diyenler için kullanışlı ama pilatesteki esneme hareketlerinde yüzüstü nefes almak işkenceye dönüşebiliyor.	0	0	1
633	ürün markasına diyecek yok. kokusu bir harika. bir de hepsi burada fiyatı eklenince. çok süper olmuş.	1	1	1
634	ürün ekranı güzel kaplıyor ama çok kalitesiz bir jelatine sahip kesinlikle fiyatını hak etmiyor.	0	0	1
635	ürün aşırı kalitesiz,geldiğinde pompası çalışmadığını farkettim içindeki mekanizmada sorun vardı.alacaklara tavsiye etmiyorum,paranızı çöpe atmayın.	0	0	1
636	ürün güzel paketlenmiş bir biçimde geldi.fiyat olarak da uygun.	1	1	1
637	uygun fiyata, çok da seçici olmayan kalabalık bir kedi güruhunun yiyeceği bir mama arıyorsanız, işinizi göreceğini düşünüyorum.	1	1	1
638	telefon güzel ve kullanışlı bir telefon. özellikleri oldukça iyi ancak hızlı şarj 30 dk. denmesine rağmen 2 saat alıyor. gelen çağrıyı da görmek için önce güç düğmesi sonra telefon ikonu sonra çağrıya dön ondan sonra gelen çağrıyı görebiliyorsunuz. bu özelliği iyileştirilmediği sürece diğer özellikleri çok iyi olsa da sınıfta kalır.	0	1	0
639	gayet şık ve sağlam kasa tasarımı var, bu fiyata alınabilecek en güzel cihaz, üzerindeki android sürümü en az 2 sene idare eder, güncelleme çıkmayacakmış haberlerine rağbet etmemek lazım.	1	1	1
640	gönderi hızlı yapıldı, ürün beklentileri karşılıyor..	1	1	1
641	ürünü beğenmedim. tavsiye etmiyorum.	0	0	1
642	klasik yaylı yataklar gibi yıllarca kullanılmış deforme olmuş gibi duruyor.	0	0	1
643	sıkılmadım güzel bir kitaptı 3 kitabı da ayrı güzel	1	1	1
644	ürünün 2/3 kadarını 45 litre mazota ekledim, aracı 100 km 2500-3000 devir civarı kullandım, henüz yarım depo yakıt harcadım. aracımda 140 bin'de 1.3 multijet 75hp motor var. son 20 bin km'dir bazen bir kaç sefer sonra marş alıyordu, ürünü denemeye başladığımdan beri bu sorun tekrar etmedi henüz. ayrıca 1500-2000 devir arasında 5. ve 6. viteste bazen motor vuruntu yapıyordu, baya azaldığını hissettim ama tamamen geçmedi henüz.	1	0	0
645	ürün gayet güzel ve kullanışlı resimde gösterildiği gibi	1	1	1
646	şarjı iyi, çekiş gücü fena değil ama gerisi boş.daha önce arzum marka bir süpürge kullanıyordum. her yıl bataryası bozuluyor diye bunu aldım. ancak ürün kalitesi hiç de iyi değil. ayrıca çöp saklama haznesi çok zor açılıyor, üstelik süpürdüğünüz çöpleri geri dökülüyor. ucuna basit kapak gibi bişi koymuşlar o da kısa sürede işlevini yitiriyor. çektiği çöpü geri döküyor. önermem...	0	0	1
647	ürün aslında çok basit, dekoratif olarak güzel duruyor, rengi de güzel, ancak çok sağlam değil, ayakkabılık olarak kullanacaksanız ağır ayakkabıları(bot gibi) çok yığmayın derim. birleştirme ve sabitlemede kullanılan çiviler çaktığınız çıtaya göre çok büyük verilmiş, çakarken ya çıta kırılıyor ya da çiviler çıtanın arkasından çıkıyor. bir rafa üç ayakkabı sığıyor. toplamda 9 ayakkabı alır. kargo yine hızlı geldi, paketleme iyiydi. ben ürünü yeni alan biri olarak çıtaların çok ince olması ve kırılması dolayısıyla hoşlanmadım. olumlu değilim, daha sağlam bir ürün tercih edin derim	0	0	1
648	kaliteli bir tıraş istiyorsan maç3	1	0	0
649	hızlı gönderi, kaliteli ürün, uygun fiyat, teşekkürler hepsi burada.	1	1	1
650	ürün teslimi çok hızlıydı, hepsiburada.coma teşekkür ediyorum. gelen ürüne gelince, suya tozu toplayan bir süpürge almakla çok iyi bir karar vermişim. daha önce toz torbasız süpürge kullanıyordum, belki psikolojik bilmiyorum ama suya toplaması daha hijyenik geldi. bu arada ürünün ses seviyesi oldukça yüksek, telefon, kapı duyamazsınız çalışırken. toz haznesi temizlemesi çok kolay, kolay takılıp çıkarılıyor. ben indirim fırsatından yararlandım, çok da araştırdım, bu fiyat skalasında çok iyi bir ürün. philips markası zaten güvendiğim bir marka, umarım uzun süre kullanırım.	1	1	1
651	kenwood şarjlı el süpergesinin fiyatı diğer sitelere göre mükemmeldir.cihazı daha önce de kullandığım için marka olarak kesinlikle tercih edilebilecek kadar iyidir.kesinlikle tavsiye ederim.	1	1	1
652	kışın kullanımı:6	1	1	1
653	bi jack parası verdim ama değer :d	1	0	0
654	bu fiyata bu ürün cok iyi oldu.ne zamandır ihtiyacım vardı zaten dısarda bu fiyata bulmak imkansız.cok iyi cok güzel süper	1	1	1
655	çekim gücü çok zayıf	0	0	1
656	14-ekranı çift tıklayarak açabiliyorsunuz	1	0	0
657	daha öncede altın alıverişlerimi hepsiburada.com dan yaptıgım için alırken tereddüt etmedim. ürün piyasadakiyle aynı. aldıgım dönemde ihtiyacım vardı ve hemen bana ulaştı.	1	1	1
658	ben urunu kurdum ama ustune çıktığımda sağa sola oynadığını gördüm sabır durmuyor yanı bende ayaklarından hıltı ıle delık açıp zemine vıdaladım sımdı sağlam oldu öyle yapılmazsa kullanamazsınız	0	0	1
659	3-urun ufak bi sey olmasina ragmen gereksiz pahali haberiniz  olsun	0	1	0
660	verdiğim sipariş aynı gün işleme alındı ve ertesi gün sabahtan elime geçti.  1 paket fiyatına 2 paket ürün almış oldum. teşekkürler	0	1	0
661	duvara sıkıştırarak kullanacaktım hemen gevşiyor elime geçtiği günden çok sıkmama rağmen 3 defa düştüm 79 kiloyum duvara sıkıştırmak için kullanılan sünger kalitesiz ve sıkıştırdıktan sonra geçirmemesi için bir emniyet yok	0	0	1
662	üründe ve hizmetten memnunum. diğer yorumlara katılıyorum	1	1	1
663	kapıya dar geldiği için duvara monte ettim, kirişin sıvası fln bozuldu, içinden çıkan aparat ile monte etmek gerekiyor, bence sağlıklı değil	0	0	1
664	keratin ve arganlı olması süper. saçı düzleştirirken yıpratmaz bu... rengi de çok güzelmiş.	1	1	1
665	fiyat-performans telefonu, başarılı.	1	0	0
666	cok kotu hemde cok sadece 3 parca lastik dikilip gonderilmis kesinlikle tavsiye etmiyorum	0	0	1
667	bu urunu alirken kullanici yorumlari oldukca yardim etti fakat negatif yorumlarda hep aklimda bir soru isareti birakmisti. urunu aldiktan sonra tamamen sok oldum. bu kadar harika bir urunu bu fiyata ve bu kadar hizli bir sekilde teslim almak mukemmel. tesekkurler hepsiburada ekibi...	1	1	1
668	telefona tam iyi sarmıyor kenarları boş kalıyor 0 puan	0	0	1
669	hepsiburadadan hızlı yola çıktı 3 gün kargo elime ulaşmadı en sonunda hafta tatili arayaa girince ben şubeye gidip kendim almak zorunda kaldım kalvye kullanışlı ama mouse için iyi demek zor çok küçük kullanışlı deil yani almayı düşünüyorsanız ayrı ayrı almanızı tavsiye ederim	0	0	1
670	bu kadar yavaş bir televizyon hiç görmedim. kumanda tuşuna basmaktan korkuyorum. sadece kanal geçişleri değil smart özellikleri de inanılmaz derecede yavaş. teknolojiden soğudum doğrusu...	0	0	1
671	3 gün önce aldığı bilekliği kurmak istedim önce mi fitin sitesine girip kayıt olmanız lazım daha sonra mi fiti uygulamasını telefonunuza indirmeniz gerekiyor. bunları yazıyorum çünkü ürünün içindeki kullanım kılavuzu çince olduğu için hiçbir şey anlamıyorsunuz. diğer bilekliklere göre fiyat açısından hem ekonomik hem de ergonomik şık bir ürün.	1	0	0
672	bizimki bir dakika da paramparça etti.	0	0	1
673	fiyatından başka güzel hiç bir yanı yok. küçük basit uyduruk bir ürün.	0	0	1
674	bu kalemi 2 hafta kadar kullandım. bu süreçte bir kaç kez yer düştü ve ondan sonra sürekli içindeki ucu kırmaya başladı, durup dururken. taktığım ucu 10dk geçmeden 3 parça halinde geri veriyor. çok kısa sürede kendi değerinden pahalı uç kıracak düzeye ulaştı. :)	0	0	1
675	yarım saat boya yaptım 5 dk mola verdiğdim ucu tıkandı ucunuda bir turlu acamadım.boyam yarım kaldı gidip iki tane rulo aldım işin tamam ortasın rezil oldum.çöpe atım.	0	0	1
676	neta  demak türk malı  demek .neta demek kalite demek diğer çin malı uydulara 10 basar diyebilirim .kanal geçişleri gayet hızlı  netliği süper .ses güzel  . neta yı baya araştırdımda öğle aldım. neta elektronik yazın googleye bir bakın resmen türkiyenin gururu. şöyle düşünün paranız türkiyede kalacak dönüp dolaşıp size geri dönecek .memnun kalırsınız .ben paramın ülkemin vatandaşlarına nasip olması beni gururlandırdı ve onurlandırdı.hızlı gönderi içi hepsi burada coma teşekkürler  ....	1	1	1
677	hayatımda gördüğüm en gürültülü klavyelerden. logitech kalitesine hiç ama hiç yakışmayan bir klavye...	0	0	1
678	düz saçlı olmama rağmen zoraki düzleştiren ve sürekli kabarmasına neden olan bir ürün	0	0	1
679	teşekkürler alışveriş için bir dahaki alışverişte görüşürüz :)	1	1	1
680	arkadaşlar öncelikle iyi günler dilerim.2 gün kadar önce siparişini verdim bugün elime geçti izlenimlerimi ve değerlendirmelerimi paylaşacağım.ürün altına yapılan tüm yorumları okuyarak almış ve pc konusunda acemi olmayan biriyim.ama şunu belirteceğim en başta ekran kartı 740 m değil 740 mx olarak geliyor (daha iyisi) windows 10 home işletim sistemi kurulu halde geliyor ürünüm siyah renkte geldi 7. nesil i5 işlemciye sahip u serisi 2 usb girişi bulunmakta klavyedeki tuşlar biraz aralıklı fakat basması yumuşak ve narin pc dilinden anlarsan gayet güzel bir pc fakat bazı arkadaşlar yavaşlıktan şikayet etmişler şunuda unutmamak gerekki bir pcnin yavaşlığı hızlılığı sadece ram işlemci vb ile bitmiyor biliyorsunuz ki içerisine kurulan programlar zamanla pcyi yavaşlatabilir açılış etkisi yüksek olanlar özellikle o yüzden biraz oyun oynayayım biraz işime bakayım derseniz tavsiye ederim gayet şık tasarlanmış yorumlara aldanmayın office 365 içinde geldi pcmin kullanmaya başladım sesi gayet gür ve net eski pclerdekinden bariz şekilde farklı diğer arkadaşlar ne aradı ne umdu bilmiyorum fakat gerçekler bu yönde aldırış etmeyin fazla olumsuzluğu henüz gözüme çarpmadı her yanını inceledim	1	0	0
681	almak isteyenlere tavsiye ederim.ihtiyacın tam karşılıyor.	1	1	1
682	hiçbir fark yok.boşuna aldım	0	0	1
683	herkesin sevebileceği tarzda bir kitap değil. ama başladıktan sonra aynı gün bitiriyorsunuz.	1	1	1
684	ürün kumandası, pili adaptörü ve kızılötesi alıcı ile birlikte geliyor. başlığı 360 derece hareketli. televizyonu da yeni almıştım, herşeyi bağladıktan sonra tek tuşla kullanıma hazır oldu. bu fiyata daha iyisi zor bulunur.	1	1	1
685	2 yıl oldu alalı. hepsiburada.com dan almıştım. pilli olduğunu bile unuttum. hala bitmedi pilleri. ayrıca aynı markanın yine kablosuz mouse unu aldım. yeni ufak bir yazılım çıkarmışlar, bu yazılımla aynı usb alıcısından her iki aygıtta bağlanabiliyor. kesinlikler tavsiye ederim. düşünmeden alın	1	1	1
686	uygun fiyata ofis koltuğu düşünüyorsanız kesinlikle almanız gereken ürün bu . kurumu çok kolay . i̇çinde anahtarı çıkıyor zaten. tek sıkıntısı kargoya verilmesi biraz vakit alıyor. ve ürün gerçekten çok ama çok rahat. resimlerde göründüğünden çok daha karizmatik ????????????	1	1	1
687	çok hızlı ve güzel bir alışveriş oldu,güzel ürün	1	1	1
688	iki gün oldu elime alalı ilk izlenimlerim gayet olumlu  doğru tercih yaptığımı düşünüyorum	1	1	1
689	ürünler çok iyi paketlenmiş ve sorunsuz olarak elime ulaştı.. teşekkürler..	1	1	1
690	ürünü hepsiburadadan almadım samsungun kendi bayisinden aldım ama burada bu ürünü alacak olan arkadaşlara ürünün 2015 yılına göre çok sesli çalıştığı konusunda deneyimimi paylaşmak istedim. tabi yine alıp almakta karar alacak olan arkadaşların...	0	1	0
691	pişmanlıktır	0	0	1
692	ürünü büyük ümitlerle sipariş ettim sırt ağrıma faydası olur dedim ama daha beter sırtımı ağrıttı. çok dar ve çok sert, çok rahatsız.	0	0	1
693	ürün gayet şık ve kullanışlı	1	1	1
694	3 tane aldım, hem uygun fiyat hemde güzellerdi, kısmen renk tonları farklılık gösterebilir bende de öyle oldu ama renkleri güzel olduğu için sorun olmadı. sağlık açısından işe yarar mı yaramaz mı bilmiyorum ama dekoratif olarak çok güzeller.	1	1	1
695	fısıltı inanılmaz bir kitap. kendimi kitabım içinde buldum ve elimden bırakamadım. bir an önce bitirmek istedim ve 2. kitabıma geçeceğim.	1	1	1
696	çok zorlamaya gelmiyor kararsız çalışıyor çok zorlayınca ispot ediyor gücü yeteriz deposu küçük çok gitmeden bitiyor alırken bi kere daha düşünün	0	0	1
697	merhaba öncelikle herkese çok teşekkür ederim ürün aynı gün içerisinde elime ulaştı işin açıkcası bu kadar kısa sürede olabileceğini sanmıyordum ürün uzun bir süredir  araştırıyordum ve almaya karar verdim bu ürünü alacak varsa hiç düşünmesin bile bende yeni aldığım aksiyon kamerasında deniyecegim herkese tekrar teşekkür ederim iyi çalışmalar =)	1	1	1
698	çok sıklıkla kullanmadığım bir ürün, durduğu yerde bozuldu internetten araştırınca bu markayla herkesin sorunu olduğunu ve ürünlerinin kalitesiz olduğunu okudum .kesinlikle tercih etmeyin	0	0	1
699	bisiklet olarak düşünün . o zaman fena değil. ben motorda da kullanabilirim sanmıştım. ama özellikle tutucu ile telefonun üstüne geçirildiği sürgülüü mekanızma çok güven vermiyor. maalesef çok gerekli değil. belki görerek almak daha iyi. herzamanki ilke geçerli kaliteliyse pahalıdır.	0	0	1
700	diğer kullandığımız bulaşık deterjanları genelde leke bırakıyordu. ama artık lekeden eser yok. ayrıca hepsiburada pek çok yerden daha uygun. teşekkürler.	1	0	0
701	ürün gayet hızlı teslim edildi, ev için oldukça yeterli bir ürün. teşekkürler.	1	1	1
702	üründe çok keski̇n bi̇r koku var bu koku ve i̇çeri̇si̇nde sağlik bakanliğinin  uygunluk belgesi̇ gi̇bi̇ veya  cc ve tse belgeleri̇ olabi̇li̇rdi̇.ben kullanmadim kokusundan  ci̇lde temasda zarar görmemesi̇nden çeki̇ndi̇ği̇m i̇çi̇n kullanmadiğim i̇çi̇n yorum yapamiyacagim	0	0	1
703	2 yıl kadar önce , aynı markanın daha düşük modelini kullanıyordum. şimdi buna geçtim. aralarında çok fark gördüğümü söyleyemem. zaman uyarıcısı, seyahat kabı, fırçası, herşeyi çok profesyonel.düşünüyorsanız bence çok düşünmeden alın, manuel fırçalarla kıyaslanamaz.	1	1	1
704	ürün fiyatından da tahmin edileceği gibi çok kaliteli değil. geldiğinde yan demirlerden biri çıkmış ve bir rafın köşesi çatlamıştı. yine de o şekilde işimizi gördü. mutfak masamızın üzerine monte ettik, görünüşü çok sevimli oldu. çok ağır şeyler taşımaz ama biblo, baharatlık vs konulabilir. hem uygun fiyatlı olsun hem de işimi görsün diyorsanız biçilmiş kaftan.	0	0	1
705	kargo cok hızlı, ürün başarılı. teşekkürler hb	1	1	1
706	ucuz oldugu icin aldim, urunde hafif atmalar vardi kutuyu acinca, geri gondermek mesele... ugrasmadim acikcasi, montaj tecrubem olmasa yapamazdim, birde ne kadar ayarlasamda ayar tutmuyor sanirim delik actiklari montaj yerleri bir kac mm hatali simetrik degil, ama idare eder.	0	0	1
707	geciktirici özelliğini hiç göremedim, aksine birde performans düşürdü	0	1	0
708	ne ümitlerle almıştı koku yıllar önce kullandığım bir koku. çok güzel bir koku fakat keskinlik ve kalıcılık konusunda aynı şeyi söyleyemeyeceğim. kutusu ve şişesi orjinal gibi duruyor ama kalıcı değil tavsiye etmiyorum koku en fazla 2 saat kuaför	0	0	1
709	buradaki yorumlara okuyarak aldım bazı yorumlardaki arkadaşlara maalesef katılıyorum traş kolonyası gibi bir koku ve parfüm gibi kalıcı değil etkisi çok çabuk yani kolonya gibi kayboluyor	0	0	1
710	avantajlari:bunu ii dinleyin kışın kesinlikle üşüme derdi yok nedeni çünkü sonynin ürettigi hemakklı bi felefon hemde çep sobası...	0	1	0
711	kullanışlı ve ucuz.	1	1	1
712	vodagone da 4,5 g sorunundan bahs edilmemiş  genelde e kalıyor. bide ekran kaydırmaları iyi değil	0	0	1
713	kimisi ampülle geliyor yazmış,kimisi ampül gelmiyor yazmış ama genel olarak geliyor yazılmış bende ona güvenerek ampül almadım ayrıca fakat yanında ampül gelmedi :/	0	1	0
714	ürünün resmindeki taşıma kabı ile gelenin alakası yok. berbat görünen bir taşıma kabı gönderilmiş. gelen altlık ve taşlar kokuyor. bu fiyat için değmez.	0	0	1
715	keşke ölçü belirtseler i̇biza v aracımın direksiyonunu sarmadı. tam olarak universal demek doğru değil. ama yapısı ve  dokusu kaliteli	0	0	1
716	fiyat ve performans açısından harika bir ürün. herkese tavsiye ederim.	1	1	1
717	ürün normal renkli tükenmez kalem . yani sıradan bişey . jel kıvamında falanda yazmıyor bunu bilin.	0	0	1
718	ürünü indirimli olmasına aldanıp aldım,sanırım edt olmasından kaynaklı kalıcılığı çok yetersiz,sadece kıyafette yakından koklandığında farkedilebiliyor..almadan önce bir daha düşünün,tavsiye etmiyorum	0	0	1
719	+ram: 1,5 gb (sistem 350 mb kullanıyor.)	1	1	1
720	gorundugunden oldukça küçüktü.oyuncak araba gibi.	0	0	1
721	mükemmel tesli̇mat dün si̇pari̇ş etti̇m bugun geldi̇ ve ürünler okadar güzel paketlenmi̇şti̇ki̇ çok teşekkür ederi̇m.	1	1	1
722	öyle abartılacak bir ürün kesinlikle degil parasına göre pahalı	0	0	1
723	bebeğin doğmasına daha var ama kampanya varken kaçırmak istemedim. tavsiye üzerine aldım.  kargo iyi hazırlanmış, sıkışık gelmedi 3 paket aldım dar koli kullanılmamış güzel. her zaman alışveriş yaptığım yer tavsiye ederim.	1	1	1
724	öncelikli olarak fiyat gerçekten uygun ben başka bir siteden daha pahalıya aldım, şayet çok memnunum. artık navigasyonların devre dışı kaldığı şu dönemde işe yarıyor. cep teleofonunuzu kavrıyor ve zarar vermeden sarsılmada oynamıyor navigasyon olarak kullanıyorum. tavsiye ederim herkeze	1	1	1
725	yeni araç şampuanla yıkanmış araca uyguladım ciladan beklenen parlaklık yok uygulaması zor ayrıca plastik aksamı beyazlatıyor ayna vs.. kısaca parasını haketmiyor.	0	0	1
726	şeffaf yerine klasik tarzda geldi. ürün bilindik ürün.	0	1	0
727	bıçak kalitesi çok kötü doğru düzgün almıyor	0	0	1
728	ağırlıklar iyi, iş görüyor ancak elimde döküm olanları vardı, 1 kglık vinyil kağlı, 2,5kg dökümden daha büyük. ayrıca vinyilden kasıt spor salonlarındaki kauçuk benzeri kaplama değil, bildiğimiz plastik kaplama, öuhtemelen içinde de demir tozu var...	0	0	1
729	burnu cok sık tikanan bir aileyiz biz. ürünü aldik hem cocugumuz hemde kendimiz icin heldi kurduk çalıştırdık. oncelikle su tankini hazneye baglayan hicbir aparat yok. yanlışlıkla carpsaniz duser. bi en dusuk ayarda calistirmamiza rağmen şıp şıp su sesi geliyor. kesinlikle sessiz bir urun degil. makina calisma sesi de heliyor. bu sesler oldugu icin gece lambasının sesini anlamiyosunuz bile. tabi ben boyle ince sessleri sevmeyen biri oldugum icin sese alisip uykuya dalmam zaman aliyor. ha diyosanizki benim boyle sesslere huyum yok sorun olmaz doye alin ozaman. sonucta buhar makinasi. buhar cikariyor tost yapmasink felan beklemeyin o konuda iyi yani :)	0	0	1
730	boşa para vermeyin su hiçbir işe yaramıyor	0	0	1
731	arkadaşlar uzun bi süre windows telefon kullanan biri olarak diyorum ki teknolojiyi yakından takip etmek isteyen bir telefondan en iyi şekilde verim almayı bekleyen kişiler windows tan uzak dursun ..çünkü ben bunu s7 edge aldıktan sonra farkettim windows un gelişim süreci henüz tamamlanmadığından en az bi 3 yılı var diye düşünüyorum şu an için sadece kobay niyetine kullanılan bir müşteri potansiyeline sahip tir microsoft	0	0	1
732	standart, sadece yatak.çok bir şey beklemeyin. kumaşı kaygan. alez gerekiyor. bir kez kullandım ama az çok kestirebiliyorum ki rahat bir yatak değil. ben gibi uyku problemi olanlar için ideal değil.yayları yatarken hissedebiliyorsunuz.basit duruyor.kalite hissedemiyorsunuz.hava delikleri yok resimdeki gibi. ben geçici olarak aldığım için çok incelemedim. fiyatı ucuz diye aldım. daha sonra misafir yatağı yapacağım. ama yine de daha iyi bi yatak alsaydım dedim yani kullanınca.	0	0	1
733	kılıf çok kötü, ince ve elden kayma yapıyor uzak durun	0	0	1
734	ürünü hızlı bir şekilde aldım kullanıyorum gayet şık kibar kullanışlı vede hızlı,almak isteyipte tereddüt edenlere tavsiyem gönül rahatlığı ile alabilirsiniz.zaten a4 tech mausde lider marka	1	1	1
735	hiç kalıcı değil almayin farkindalil 0	0	0	1
736	gözü hemen hiç rahatsız etmeyen mat bir görüntü geliyor ekrana. bir de flux dene bir uygulama kurdum. coğrafi konumdaki saate göre ışığı hesaplayıp ekrana pembemsi bir ton veriyor.	1	0	0
737	ürünü aldım kullandım süper hepsiburada teşekkürler	1	1	1
738	kumanda elime baska bir marka adinda geldi.diger yorumlara bakinca herkese baska marka gittigini anladim.kumanda bu parayi etmez , kalitesiz ürün. araciniz eski ise bu urunu daha ucuza alabilirsnz.araciniz biraz duzgunse hic buna bulsmayin ben aldim pisman.oldum...	0	0	1
739	performansı kötü değil ama qan sesi konusunda ciddi sıkıntısı var..	0	0	1
740	ürün göründüğü gibi değil,çok küçük.en az iki misli boyda olsaydı fonksiyonel olurdu.resmine aldanmayın,oyuncak gibi.i̇ade işleri ile uğraşmamak için iade etmiyorum.uzak durun.	0	0	1
741	ürün gercekten 10 numara almayı dusunen herkese tavsıye ederım ısofıx harıka	1	1	1
742	öncelikle basıncı yeterli gelmedi bana max degerler yazılmıs ürün özellliklerine.. almadan önce düşünün derim.. birde makinanın kullanıma hazır halde gelmiyor makine ile musluk arasındaki baglantı ne yazık kı yok.. bilginiz olsun.. ekstra ücret ödemeniz gerekecek bilginiz olsun..	0	0	1
743	özel bir durumlar için kullanılabilir belki .	0	0	1
744	ilk başta tamam i̇şte budur diyorsunuz, ama zamanla bu görüşünüz değişiyor ve sabun&kolonya karışımı bir koku hissetmeye başlıyorsunuz. yine de sevenlerini üzmeyelim, beğenen alsın kullansın :)	0	0	1
745	satıcı geç kargoya verdi , iyi paketlenmişdi.fakat kutusu biraz deforme olmuş gibiydi , prize taktım ve ısı ayarıni yapmak için düğmeyi çevirirken yerinden çıktı ama geri taktım alacak arkadaslara başka bir markaya yönelmelerini tavsiye ederim.	0	1	0
746	plaklar 1e2 oranında büyük 10kg mın boyutu metal ağırlığa göre 20kg ın boyutuna eşit,bunu bilerek almalısınız, uzun barda her ne kadar sıksanızda  vidalar gevşiyor ve ağırlıklar oynamaya başlıyor. bunun dışında listede yazan 2 kg ağırlığındaki kutu dediğini çanta olarak algılamayın bildiğiniz karton koli,bunların dışında ağırlıklar üzürenide yazdığı kadar ağır o konuda bir eksik yok, kısa barların kalitesi gayet iyi...almadan önce bunları bir gözden geçerip almanızı tavsiye ederim	0	0	1
747	daha önce de ürün alırken okurdum da ilk defa başıma geldi. kokusu benzer bile değil kalıcı değil. kolonya niyetine kullanılır	0	0	1
748	telefon bu hafta elime geçti bir kaç gündür kullanıyorum, bu yüzden hepsiburada ailesine teşşekkür ederim kargoda hiç sıkıntı yaşamadık :) telefona gelince öncelikle normal kullanan birisi için bir günlük şarj süresi var ikinci güne kadar gidiyor fakat ikinci günü çıkarmayacak şekilde %10 civarında kalıyor. kullanılmadığı zaman neredeyse şarjı hiç bitmiyor geceden sabaha kadar max %5 şarj falan gidiyor. eğer oyun oynamayı seven biriyseniz kesinlikle şarjı dayanmıyor bir iki saatte şarjı bitiveriyor, ama çok fazla oyun oynayan biri değilseniz sıkıntı yaşayacağınızı sanmam. ısınma problemi gerçekten çok ciddi ama bu performansı etkilemiyor, yine de el değmeyecek kadar çok ısınıyor dolayısıyla bu da biraz rahatsız edici bir durum. diğer yandan kamera mükemmel içinde bir çok uygulamayla birlikte geldi fazladan uygulama indirmenize gerek kalmıyor. geldiğinde bi kaç saat güncelleme yaptı.	1	0	0
749	arkadaşlar bende yeni aldım ve daha ilk giyişte gerçekten farkını gördüm spor yapanlara kilo problemi olanlara tavsiye ederim cidden saunadaymışcasına terletiyor.	1	1	1
750	2gun oldu lastikler bora aracima taktirdim cok guzel.tavsiye ederim.tsk.hepsiburada	1	1	1
751	hızlı kargo mükemmel ürün hızlı servis teşekkürler hepsiburada	1	1	1
752	çok güzel bir cihaz. kullanımı kolay ve etkili... yalnız bazı usb portlarıyla uyum sağlamıyor. buna yönelik bir bilgiye veya yoruma rastlamadım. sanırım yeni (3.0) portlara uyumlu değil...	1	1	1
753	cok guzel şekil veriyo sacıma ama düzleştirmiyo bi kac aydır kulanıyorum cok kabarık saclarım var cok zarar verdi boya sacıma bu yuzden sacımı yıpratmasın dıye aldım bu urunu ama düzleştırmiyo ama cok guzel bukle yapıyo	0	0	1
754	ürün çok kaliteli ve çalışması bir o kadar eğlenceli bunca yıldır spor yaparım hiç bu kadar kaslarımı hissetmemiş ve yorulmadan keyif alarak çalışmamıştım.şiddetle tasviye ederim...!	1	1	1
755	arkadaşlar cihaz süper eyvallah. ama alt çaydanlık içinde bulunan caydanlik tutucusunu içindeki vidalar aşırı derecede karlanma yaptı hemde 3 kullanım sonra alıcak insanlar bu sorunu göz önünde bulundurun.	0	0	1
756	düşünen herkese kesinlikle tavsiye ederim, boyutunun çok fazlası ve kaliteli ses veriyor, tereddütsüz alabilirsiniz	1	1	1
757	kalitesini ki̇ngstondan	1	0	0
758	hepsiburadaya hızından, kalitesinden dolayı teşekkürler.	0	1	0
759	içindeki özellikleri olsun,gerek görünüşü olsun çok mükemmel bir telefon,özellik arayanlara tercihimdir,şarj olarakta uzun ömürlü,iphone dan farkı yok bence,samsung son yıllarda en iyi telefon piyasaya süren firma,ayrıca piyasada daha yüksek fiyata satıyorlar hepsiburada da gerçekten fiyat düşük	1	1	1
760	eksileri:kutuyu açınca kötü bi koku var o kadar.	1	0	0
761	isı her yere yayılmıyor. battaniyenin ortası ısınıyor kenarları soğuk. memnun kalmadım.	0	0	1
762	ürün eli̇me ulaşti tds metre i̇le ölçüm yaptiğimda sonuç 005 çikti. kali̇teli̇ bi̇r saf suyun tds değeri̇ 001 olmalidir. radyatöre cam suyuna kullanilir ama aküye konurmu bi̇lmem.	0	1	0
763	fiyatı da uygun, ürün de gayet güzel	1	1	1
764	bu fiyata bu ürün gayet iyi ve kaliteli.hiç düşünmeden alınabilir.hızlı bir şekilde ulaştı,genelde satın aldığım tüm ürünler hızlı bir şekilde ulaşıyor,teşekkürler hepsiburada.com	1	1	1
765	ürünü 24,09,2016 cumartesi akşam saatlerinde sipariş verdim 28.09,2016 tarihinde geldi.kargo olarak hız gayet iyi.kata çıkardılar kurulum için servis bekliyorum o da bugun gelecek.çok beklermiyim diye düşünmeyin hafta içi 2 günde geliyor 3 günde işlem bitiyor.ürün hakkında ilk izlenimlerim ariston kalitesinin güzel yansımaları oldu.eğer bir bebeğiniz varsa bebek programlı anti alerji özellği olan ve çocuk kilidi özelliği olan 7 kglık ve ++ lı en uygun ürün piyasada bu.başka hiçbir siteye bakıp vakit kaybetmeyin en uygunu da burada.alışverişte tek eksik denilebilecek taraf ise bonus gibi çok kullanılan bir karta maximumum 5 taksit vermesi.	1	1	1
766	çok teşekkürler.çok kibar ve ilgili bir mağaza.teslimat çok hızlı ve ürün gerçekten çok kaliteli.	1	1	1
767	ürünü alırken tereddütlü aldım. fakat kullandıktan sonra başarılı bir ürün olduğuna karar verdim. aracım 2 akşam çam ağacı altında kaldı ve müthiş tozlu+yapış yapış vaziyette idi. sünger ile fazla bastırmadan hallettim, aşırı köpürüyor ve kokusu da çok iyi bu arada. herkese iyi alışverişler...	1	1	1
768	fiyatı itibariyle çok bişey beklememek lazım sonuçta kolay monte ediliyor şuan kullanıyorum düğmesi biraz sert sağlam basmak gerekiyor	0	0	1
769	hızlı kargo ve okadar da özenli paketleme yapılmış ki helal olsun emeği gecenlere cok memlun olduk	1	1	1
770	kargolama konusunda bir sıkıntı yasamadım fakat ürün 3 hafta içerisinde bozulup sarj etmemeye basladı.	0	0	1
771	başka bir firmanın bezinden prima geçtik daha iyi ve kaliteli	1	0	0
772	daha önce duracel,philips ve varta kullandım aralarında en uzun ömürlü pil olarak görüyorum.ayrıca fiyat avantajı çok cazip ha birde kargo bedava bence kaçırılmaması gereken bir fırsat	1	1	1
773	çünkü tekrar tekrar kullanılabiliyor.	1	1	1
774	ürünü 4-5 ayı geçen bir süredir kullanıyorum, eski yatağıma göre çok iyi, ama almayın, üzerinde çarşaf durmuyor, orta kısma toplanıyor çarşaf, üzerindeki dikişlerin hepsi attı neredeyse, kendi yüzeyi aşırı kaygan olduğu içinde çarşaf durmuyor, ayrıca inanılmaz derecede tüylenme oldu topak topak çarşafın altında elinize geliyor, yatağın neresi visko onu anlamak mümkün değil, ben anlamadım kafama göre çevirip çevirip yatıyorum valla, düz sünger yatak bile olabilir bu yatak visco olduğundan şüpheliyim, çok terletiyor, çok yumuşak olduğu için yatakta dönmekte zor :) almayın kardeşim gidin yatıp deneyin, ondan sonra alın.	0	0	1
775	ürünü çok kaliteli bulmadım ama spor yapmak için iş görür, çok basit malzame kullanılmış. ama yine de bu fiyata ancak o kadar olur,	0	1	0
776	7.)telefon büyük ve tek elde kullanım için biraz sıkıntılı ancak kasanın incelik konusunda gayet güzel	1	1	1
777	ürün kalitesi fiyatına göre çok çok iyi. radyo çekim gücü, ses yüksekliği, ses kalitesi olsun beklentimi yeterince karşıladı. ayrıca ürünü abtek bilgisayardan aldım. ürün hemen kargoya verildi. ertesi gün elimdeydi. faturalı orjinal ürün, teşekkürler	1	1	1
778	günde 4 defa şarj ederim diyorsanız alabilirsiniz. devamlı bağlantı kesiliyor tekrar bağlanıyor bildirimleri telefondan okumadıysan her bağlantı gidip geldiğinde tekrar bildirim geliyor. telefonun tuş sesine kadar saatten çıkıyor müzik sesini verme diyorsun ses tekrar telefondan çıkıyor birazdan tekrar komple ses saatten çıkyor. 2 günde usandım çocuğa verdim paranız çoksa ve harcayacak yer arıyorsanız alın derim	0	0	1
779	ürünleri set olarak aldım. duvara monte ettikten yaklaşık 1,5 ay sonra teker teker düşmeye başladı.banyomu yeni yaptırdığım için duvarları delmemek adına tercih ettim fakat 5 li havluluk düştü ve yer fayansım çatladı. çok kullanışsız.	0	0	1
780	blu 3 daha iyiydi. aldığıma pişmanım. blu 3 ile 15-20 kez traş oluyordum. bununla daha 5. traşta kesmeme, çekme acıtma başladı ayrıca sabah traş oluyorum öğleden sonra sakallarım elime batıyor.	0	0	1
781	çok beğenmedim. sıradan geldi. az isi verio. üflemesi de az.	0	0	1
782	ses kalitesi çok kötü onun dışında gayet iş görür	0	0	1
783	telefon bildiğimiz samsung,fakat hantallığın önüne rootlamayla geçebilirsiniz.şarj olayı tamamen kullanıma bağlı,android arka planı sever ki bu size yetersiz pil olarak yansır.1 gün gider kısacası.	0	1	0
784	mouse : mouse gerçekten bir problem, avucunuza oturmuyor, ayrıca lazerli algılayıcı kullanılması tam açık renkli veya tam koyu tonlu zeminlerde titreme ve atlama yapıyor. ek olarak mouse üzerinde de kapatma butonunun olmaması pil kullanımı ve ömrü konusunda şüpheye sebep oluyor.	0	0	1
785	kalitesi mükemmel değil ancak kullanışlı tasarım süper kesimler iyi gözünüz kapalı alın derin.	1	1	1
786	aldığım gün hortum başlığının olduğu kısımdan sıyrıldı ve çıktı. kullanılmaz şekilde. musluga takılan kısmındanda hep su sızdı	0	1	0
787	kum sesi̇ geli̇yor	0	0	1
788	kullanım kolaylıgı düşünüldüğünde harika bir ürün hem kolay hemde gösterişli.cocuklarım büyümeden keşke alsaydım.malzeme kalitesi,sesli olusu ve sesin duyulabilir yükseklikte olması nedeniyle tavsiye olunur.	1	1	1
789	lambalar sarı yanıyor bir kere beyaz yanyor die almıştım sarı yanıyor pek iş görmüyor farlarda zaten sarı performansı iyi ama ben sadece beyaz oldugu için almıştım ama sarı cıktı tek sorun o	0	0	1
790	çok etkileyici ve kalıcı bir kokusu var hepsiburada dan sipariş verdim 2 günde elime ulaştı kokusu çok güzel bu fiyata bu ürünü kaçırmayın derim kokusuna bayılacaksınız.	1	1	1
791	emiş gücü iyi. piyasaya gorede fiyati gayet uygun. vaktinde de geldi. tavsiye ederim	1	1	1
792	malzeme kalitesi çok düşük, uygulama sırasında sesi yüksek, ergonomik değil ve performansını da beğenmedim maalesef .	0	0	1
793	uzaktan kumandalı arabam için almıştım. duracell kalitesi tartışılmaz zaten. 1300 mah olması baya avantajlı çabuk doluyor ve bitmek bilmiyor. sanırım 1000 defa doldurup kullanabiliyormuşuz  mükemmel kaliteli hepsi buradaya tşkler...	1	1	1
794	almanızı tavsiye etmem görüntü kalitesi çok kötü ve menüsü de işlevsel değil kullanışlı değil yani .. tek güzel yanı var o da sesinin yüksek olması.	0	0	1
795	daha önce aldığımız ürünlerde sorun yoktu. fakat son aldığımız ürün değişmiş iç yapısı farklı. dikkatli bakın karşılaştırın belli oluyor. bu değişiklik kötü olmuş çünkü çok fazla sızdırıyor. i̇çinden 5-6 tane kullandık ve başka bez almak zorunda kaldık.	0	0	1
796	samsung galaxy s4 mini de micro usb uyumsuz	0	0	1
797	daha öncede aldiğim ve hala kullanmakta olduğum bi̇r ürün çok memnunum. fi̇yat olarak ta çok uygun  i̇hti̇yacim olduğunda hemen yi̇ne ve yeni̇den tabi̇ ki̇ hepsi̇ burada teşekkür ederi̇m.	1	1	1
798	herşey on numara kargodan servisine kadar kesınlıkle tavsıye ederım, performansı cok iyi koşu alanı rahat, mp3 olması da guzel bi özellik alanlara hayırlı olsun	1	1	1
799	ürün buharsın özelliği ile iyi çalışıyor ancak su doldurulduktan sonra dik konumda tutulduğunda içinde kondens su oluşuyor ve ütün çeşitli yerlerinden damlama yapıyor. tavsiye etmem.	0	0	1
800	arkadaşlar ürünü eşim kullandı güzel markete gitmeden ürün eve kadar geldi hemde kargo ücretsiz herkese tavsiye ederim hepsi burada teşekkür ederim	0	1	0
801	yıllardır traş bıçakları ve traş makinaları ile hep sorun yaşıyordum, hep tahriş edip cildime zarar veriyordu. gillete fusion proglide ile mükemmel ötesi bir traş	1	1	1
802	bu fiyata cok iyi fakat litre olcumu yapmadigini bilseydim bir kez daha dusunurdum. hassas tatifler uygulamak isteyenler biraz daha iyi bisey almali bence...	0	0	1
803	çok kullanışlı bir ürün değil 1 haftada ayaktabanlarının değdiği yer ezildi biraz daha sert plastik olsa daha ii olumuş bence	0	0	1
804	ürün kaliteli, ekran büyük. mutfak için özellikle saat olsun diye aldım.	1	1	1
805	boyutu küçük. sadece resmine bakarak almayın. normal saat boyutunda değil.	0	0	1
806	türk telekom da artık sabit hatlardan sms alıp gönderme hizmetini sağlıyorken bu cihazla bunu yapamamak bütük eksiklik. umarım dect özellikli bir üst modelini çıkarırlar.	0	0	1
807	bu fiyata alınabilecek en kaliteli parfümlerden biri, sıkarken hiç tereddüt etmeden dilediğiniz kadar harcayabilirsiniz. hepsiburada.com sayesinde kaliteli parfümleri çok uygun fiyata satın alabildiğim için de ayrıca çok mutluyum.	1	1	1
808	ürün hızlı şekilde elime ulaştı. i̇lk kullanımda telefon tutturulan kısım koptu ve elimde kaldı. şimdi kopan demiri bir şekilde plastiğe tutturup kullanmayı düşünüyorum fakat spiral denen kısım spiral değil ve aşırı sert. yani istediğiniz açıyı vermek için bir hayli uğraşmanız gerekiyor. fiyat uygun olduğu için çekilir mi? aldıysanız çekilebilir. almadıysanız farklı bir ürün denemenizi öneririm...	0	0	1
809	"urun cok kaliteli cok ucuz ama 8"" tabletlere (amazon kindle fire hd 8) olmuyor."	0	0	1
810	ürünün kalitesinden çok memnun kaldım	1	1	1
811	1-ürün geldiğinde, kutusundan çıkardığımda, tertemiz ve yeni gibi değildi.sanki çok hafif yıpranmışlık söz konusuydu.	0	0	1
812	piyasadakilere kıyasla gayet uygun fiyata hepsiburada'dan aldım. birkaç gündür kullanıyorum ve hiçbir sıkıntı yaşamadım. kolay ve hızlı kurulumu mevcut. tavsiye ederim.	1	1	1
813	telefon çok guzel bir telefon ama ses konusunda biraz sıkıntı var diger kamera v.b tarafından güzel bir telefon tavsiye ederim.	0	1	0
814	çift çıkış olmaması dezavantaj olabilir ancak yüksek kapasitesi ve şıklığıyla gerçekten harika bir ürün. ancak içinden türkçe kullanım klavuzu çıkmaması kötüydü. bu nedenle biraz puan kırıyorum.	1	0	0
815	kesinlikle ciltte tabaka gibi kalmıyor çok doğal ve pürüzsüz bir  görünüm sağlıyor oldukça da kalıcı cildinizden bir ton koyusunu seçerseniz daha doğal duruyor	1	0	0
816	teşekkürler hızlı kargo fiyat mükemmel	1	1	1
817	yaklasık 1 yıldır,motor soğukken ilk çalıştırmada stop edecekmiş gibi enteresan çalışıyordu.fark edenler hep soruyorlardı araba neden böyle çalışıyor diye .1 dakikadan fazla boşta çalıştırmama rağmen aracı yürütmeye başladığımda resmen zincirle bağlamışlar gibi yürümeye aciz di.  2 ileri 1 geri yapıyordu..lpg bitip benzine geçtiğinde çok şiddetli bir şekilde belli oluyordu.beni aracımdan iyice soğutmustu.bujileri yeniledim olmadı buji kablosunu yeniledim olmadı .boğaz kelebeğini temizledim olmadı.çareyi würth de,yani bu üründe buldum.yaklasık 40 lt.benzine koydum.3000  devirde 3 gündür 25km yaklasık günlük 7-8 km civarı yaptım.kısa sürede arabada bir fark, ilk çalışmada ise daha düzenli çalışma hissettim.sürekli benzinde kullanıyorum. benzin ışığı yanana kadar lpg kullanmayacagım.ve bu süre içinde performansın dahada artacağını düşünüyorum.fakat sesin azaldığını söyleyenler var.ben öyle bir fark görmedim. aracın yaşına bağlı olabilir.aracım 2000 model 1,6 akl motor oktavia.yakıt farkı olurmu bilemem hesaplamam lazım.yalnız bildiğim birşey var aracıma veda etmek üzereyken würth imdadıma yetişti.çünkü aracımı seviyorum.bir dip not daha :bu ürünü kullanmamın sebebi buradaki yorumlar ve würth marka olması.yoksa kullanmazdım.çünkü böyle şeylere fazla inanmam.tesşekkürler.	1	0	0
818	-foto/video çekmek icin ekrana basıosunuz ayrı bir tusu yok ama bunlar kafaya takılmycak kadar gereksiz.	1	0	0
819	çekiş gücü çok iyi. fiyatı da dışarıda satılan bilinmedik marka ürünlere göre mükemmel. sesi normal elektrik süpürgesi gibi ama bizim için o kısım önemli değil.. ev hediyesi olarak ta güzel bir fikir	1	1	1
820	i̇şim nedeniyle ( bu bahanesi) çok kahve tüketirim. önceden çektirdiğim kahveleri demlerken üşenmeden dadikalarca başında bekler en iyi sonucu almaya calisirdim.şimdi ise bunun 2 önemli kriteri olduğunun cok ama cok net farkındayım. 1. taze cekilmiş kahve ve 2. uygun su sıcaklığı.. gerisi yalan sevgili kahve sever.. mühendis olduğum için ölçümleme hayatımın pir parçası.bu cihaz hem uygun fiyatlı hem de işini güzel yapiyor.. ne demek istediğimi kendi kahvenizi ilk kez çektiğiniz an anlayacaksınız...kişi ayarının olması ve kahvenin hem çekirdeğini hemde çekileni koruyan hava geçirmez (olabildiğince hava almaz bir yapısı olduğunu söyleyebilirim.) yapısı ile kahve keyfinize ara vermeden yola devam! 2 küçük eksisi var  ama olmaması eksiklik değil. 1. koyu renkli olduğu için üst taraftan kahve çekirdeklerinin hava almadan kalan miktarını görmek zor.çekilmiş kahve haznesinde kahve dolmuyorsa bu bir yorum yapmanızı sağlar ama hiç beklemediğiniz bir anda da ( misafir geldi ve evde çekirdek kalmamış.. :) ) sizi zor durumda bırabilir. çekirdek kahve miktarını gözlemleyebileceğimiz bir gösterge çok çok iyi olurdu. bir de tek kişilik çekme opsiyonu olsa yine hoş olurdu ( 2 ile başlıyor..) ama yinede çok sevimli cok seveceksiniz..!	1	1	1
821	telefonun üzerinde gelen jelatinden bir iki milim daha kalın. ancak kırılmaz cam değil orası kesin. bence düşünün derim....	0	0	1
822	ilk defa bu markayı kullandım. tereddütlerim vardı fakat yanılmışım. makine çok kullanışlı, tamamen elektronik kumandalı ve kullanımı çok kolay.. kargo iki günde geldi, aynı gün servis ilk çalıştırma işlemini yaptı. tavsiye ederim.	1	1	1
823	yanındaki oyuncakla ilgilendi , ancak ürün sağlam değil , çok sallandığı için üstüne çıkamıyor, devriliyor. tavsiye etmem	0	0	1
824	aldım kutusunu açtım, ilk çalıştırdım şırıl şırıl su akıtıyor.	0	1	0
825	laptop için aldım. laptopun 1 diş çektiği yerde bu çekmedi. uzatma usb ile bağlayıp dolabın üstüne çıkarınca işimi gördü. antenine güvendim ancak menzili laptoptan daha düşük çıktı.	0	0	1
826	bu ürün yapması gereken işi çok iyi yapıyor, birde hepsi buradanın hizmeti ile birleşince alınabilir bir ürün yani tavsiye olunur.	1	1	1
827	kalınlığı ve formu gayet güzel sadece rengi(ben mor aldım) miniminacık daha açık bir tonda aklınızda bulunsun	1	1	1
828	kokusu idare eder ancak kalıcılık sorunuyla birlikte ancak çok fazla sıkılırsa kendini fark ettirir, 2 ayda bir şişeyi bitirdim bittide kurtuldum bidaha da almam bu parfümü.	0	0	1
829	malzeme çok zayıf	0	0	1
830	bir haftadır kullanıyorum, türünün en iyisi... daha yüksek kapasitelilerle kıyaslayamam ama bundan çok memnunum, işimi güzel görüyor	1	1	1
831	hizli ve sağlam teslimat ama bornoz çok ince ve kalitesiz	0	0	1
832	boyutu diğer mumlara göre biraz küçük buna dikkat ederk sipariş edin.	0	0	1
833	fiyatı iyi tamam malzemede iyi ancak bilmiyorum bu hep bana mı denk geliyor küp notluk yamuk bir tarafı 9 cm bir  tarafı 9,5 cm diğer iki tarafı 10 cm.  bu da benim şansım galiba almak isteyenlere tavsiye ederim.	0	0	1
834	kitabı suan bitirmiş bulunuyorum ve hemen yorum yazmak istedim çünkü kitap çok yalın ve konusu çok çok basit bir kitap 15-16 yaş aralığına hitap edbilir ama bana cidden çok boş geldi ...bir kitaptan cok sey bekliyorsanız bu kitabı almayın derim...	0	0	1
835	çok kaliteli bir şemsiye beklemeyin, eşim pek beğenmedi.	0	1	0
836	bu fıyata alınabilecek bir ürün ancak kokusu çok fena kokmayan farklı bir eldiven almanızı tavsiye ederim almak isteyenlere yine de idare eder	0	0	1
837	10 gündür kullanıyorum,isteklerime cevap veriyor,ayrıca da halen şarjı bitmedi.piyasaya göre fiyatıda hb.da daha uygun.bence sadece kablosu açıkta kalarak biraz sorun yaratıyor,bunun dışında tavsiye edilebilir.saygılar.	1	1	1
838	kısa sureli kullanımlar için ideal	0	1	0
839	bu pafümü nişanlıma doğum günü hediyesi olarak aldım çok beğendi.gerçekten kokusu harika.kalıcılığı da çok yüksek olan bir parfüm.erkek parfümleri arasında en iyilerinden biri diyebilirim.	1	1	1
840	sokak kedileri için aldım. normalde salam alırım. bu sefer farklı ve iyi olsun diye bu ürüne yöneldim. evcil kedileri bilemem ama sokak kedileri bu mamayı severek yemiyorlar. merak ettim ikisini de yan yana koydum. önce salamı kapışıyorlar sonra bu mamayı yiyorlar. eğer sokak kedileri için düşünüyorsanız önermiyorum.	0	0	1
841	resimlere  bakıp  aldanmayın. ürün oldukça küçük.  şarj da  6 saat  sürmüyor.  zaten o kadar  küçük bataryayla sürmesi de beklenilmez.  diğerlerinin ürünü  nasıl bilmem  ama  benimkinin  şarj  olup  olmadığı biler  anlaşılmıyor.	0	1	0
842	ürün metal gövdeli gerçekten sağlam bir yapısı var. belleği aracımın anahtarlığına taktım. 8 gb şuan için yeterli benim için. kingston ve metal kasa ikisi bir arada güzel olmuş.	1	1	1
843	su sıksan daha iyi hiç koku yok	0	0	1
844	yani çok işlevsel değil	0	0	1
845	ürün gayet sevimli ve ele rahat sığıyor ve kullanımı da rahat ama biraz sert oğlumun cildini tahriş etti o nedenle şimdi sadece banyo yaparken oynasın diye küvete koyuyorum.ben memnun kalmadım	0	1	0
846	dokunmati̇k+kamera+hoparlör   çok kali̇tesi̇z...  şarji güzel i̇nternet hizi güzel...	0	0	1
847	arkadaslar bugun elime ulasti montaji kemdim yaptim muthis hic baska markaya modele bakmayin bu paraya alabileceginiz en iyi teyp	1	1	1
848	sıkıntı yok teslim aldık	1	0	0
849	o kdr inceki o kadar kötüki anlatamam size.	0	0	1
850	parmak izi okuyucu	1	0	0
851	sorunlar:	0	1	0
852	ama hepsiburada berbat bi alışveriş sitesi kalemi sipariş edeli 10 gün oldu ürün halen tedarik sürecinde bu nasıl iş anlamadım... kalem güzel alabi̇li̇rsi̇ni̇z ama başka bi̇r si̇teden alin deri̇m ben yada büyük kirtasi̇yelerden...	0	0	1
853	kumarlarda aşırı parlama yapıyor. hepsi burada com ürün değişimi asla yapmıyor.	0	0	1
854	konu başlıkları güzel ama çok yüzeysel. sebep var ama sonuca ulaşma yollarına ustun körü yer verilmiş. okunabilir tabiki ama daha güzel kitaplarda mevcut. kargo hızı için ise teşekkürler hb.	0	0	1
855	tek eksiği saplarının plastik olması. onun haricinde her şey düşünülmüş. metal bölümleri oldukça kaliteli. plastik bölümleri de oldukça kaliteli ancak tabi ki zamanla yıpranmadan dolayı ilk aksaklıklar o kısımlarda baslayacakdır.	1	0	0
856	duracellin kalitesi zaten tartışılmaz.pil her evin ihtiyacın olan bir araçtır.özellikle dijital fotoğraf makinalarının çok pil harcadığını düşünürsek şarj edilebilir pilin ne kadar ekonomik olduğu ortaya çıkıyor	1	0	0
857	öncelikle ürün mat. parlak değil. malzeme kalitesi eh işte.	0	0	1
858	ürün geldi̇ ama şampuan görünenden oldukça küçük	0	1	0
859	ürün başarılı, kampanyada güzel olunca, almamak olmazdı.	1	1	1
860	yazarın 3 lü set romanını aldım verdiğim para ve okurken harcadığım zamana üzüldüm	0	1	0
861	ürün çok sağlam değil.. fiyatına göre idare eder. çok uzun ömürlü olacağını düşünmüyorum.	0	0	1
862	raf araları kumaş, kullanırken fotoğrafta durduğu gibi rijit bir görüntü söz konusu değil. kıyafet koyduğunuzda raf sarkıyor. rafları beyaz kumaş, ve baskı sadece dolabın ön yüzünde yani resimdeki gibi değil.	0	0	1
863	ürün gerçekten güzel düzleştiriyor ama benım saçlarım biraz inatçı olduğu için ertesi gün üstünden geçmem gerekti.ama biraz uğraşırsanız jilet gibi dümdüz yapıyor gerçekten.saçları yumuşacık yapıyor sanırım iyon teknolojisinden dolayı.güzel ürün	1	1	1
864	ürün kaliteli güzel gözüküyo kullandıkça kalitesini anlıyacağım.	1	0	0
865	tecrübelerimize göre sırf viskodan oluşan yatak, ergonomik değil. şimdi bu visko yatakların 10-15 cmlik şilteli olanlarını alıp yaylı yatağımıza sererek denemeyi düşünüyoruz. umarız bu şekilde viskonun konforuyla yayın desteğini kullanarak kaliteli ve rahat bir uyku uyuyabiliriz.	0	0	1
866	ürünün özellikleri çok güzel ancak ses kalitesi çok kötü usb bellekten dinlediğim müzik sanki radyodan dinliyor uşum gibi çok cızırtılı geliyor . ürünü geri iade ettim.	0	0	1
867	piyasadaki en uygun rakam. 5 inç lik ekrana sahip bu rakama alınacak en iyi ürünlerden biri. biz daha iyisina karar veremediğimizden bunu aldık. fena olmayan kamera ve manuel ayarı, kulaklık sesi iyi dışarı verdiği ses yeterli. hızı ve işletim sistemi gayet akıcı. malzeme kalitesi iyi. kısaca verdiğin parayı hak ediyor.	1	1	1
868	ürün çok çabuk geldi ama acayip ses çıkarıyor , bunu bilsem almazdın açıkcası	0	0	1
869	film seyrederken veya muzik dinlerken cok ozel ses alabiliyorsunuz	1	1	1
870	günde iki kez kullandım. benm yüzü kuru olmasına rağmen bir sürü sivilce yaptı. biraz yağlı heralde. kullanacaklara bebekler için olanı öneriyorum.	0	1	0
871	kutulusuna bosuna fazla para vermeyin	1	0	0
872	çok güzel bi ürün o kadar kaliteli ki ben böyle bi düzlestirici görmedim teşekkürler hepsi burada	1	1	1
873	kitap başından itibaren sizi içine alıyor uyumak üzere olduğum bir anda elime aldım ancak bitirmeden uyuyamadım.. kesinlikle okumanızı tavsiye ederim..	1	1	1
874	1. kuru zemin için performansı ortalama lastik düzeyinde.	0	0	1
875	ölü deriyi temizlemedi.belki 5saat boyunca hiç durmadan bu işlemi yaparsam bir işe yarar.reklamında göründüğü gibi değil.ayrıca bu işlemi yaparken ölü deriyi un gibi havaya saçıyor .her tarafa yayılıyor yani.ben memnun kalmadim .tavsiye etmem boşuna para vermeyin.sadece parmağımdaki nasiri temizledi.inatçı sert topuklara bi faydası olmadigini söyleyebilirim.	0	0	1
876	bu ürünü taklitleri çok yapıldığı ve sitenizde en çok satılan ürünlerden biri olduğu için aldım. keşke almasaydım. gerçi parfüm kokusu zevki kişiden kişiye değişir. ama ben beğenmedim.	0	0	1
877	çok kötü bir ürün.kargo hızlı geldi ama ürünün güç olarak gücü çok zayıf.kaliteli pil kullanmama rağmen.	0	0	1
878	ürünü diş doktorum önermişti ancak kullanınca hayal kırıklığına uğradım. çünkü en yüksek kademedeki su basıncı bile beklediğiniz temizliği yapmakta oldukça yetersiz. bu ürünü almak yerine bir şeyler yedikten hemen sonra ağzını su ile iyice çalkalama alışkanlığı kazansak inanın çok daha iyi bir sonuç elde ederiz. kısacası gördüm ki bu ürün para israfından başka bir şey değil.	0	0	1
879	bu raf sistemini kesinlikle tavsiye ediyorum.adore markasını güvenerek kullanabilirsiniz.zaten 7 yıl garantili olması belli ediyor.kurulumu gayet basit,içinden her türlü malzemesi çıkıyor.duvara sabitlemeyi yapmazsanız devrilme riski var uzun olmasından dolayı dengesini kaybediyor.beyaz renk odaya ayrı bir hava kattı.	1	1	1
880	herkesin denemesini tavsiye ederim bu fiyat kaçmaz	1	1	1
881	sipariş saatinden 20 saat sonra elime ulaştı. ürün imal tarihi yeni tarihli 07/16 teşekkürler hepsi burada	1	1	1
882	ekran cozunurlugu fotograf kalitesi eksileri	1	0	0
883	1 yaşında yürümeye yeni başlayacak çocuklar için ideal bir ürün. yeğenim için aldım, kızkardeşimden olumlu geridönüt aldım ve memnun oldum.	1	1	1
884	bana nx1100 kamera ile birlikte hediye olarak geldi. bu bakımdan idare eder. ancak parayla alır mısınız derseniz almam. çünkü bu paraya daha fonksiyonel bir çanta bulunabilir inancındayım. (sadece inancındayım, var mı bilmiyorum balmadım) :) almadan önce boyut ve fonksiyonellik olarak başka alternatifleriniz varsa karşılaştırın bence.	0	0	1
885	fazla söze gerek yok aslında. piyasaya göre gayet iyi fiyatı vardı.	1	1	1
886	malzeme kalitesis gürültülü çekiş vasat en önemlisi hiç pratik değil temizlemesi bir eziyet !!!!!!tavsiye etmem	0	0	1
887	ürün oldukça rahat , bel ağrısı çekiyorsanız yana yatarken diğer yatakardan daha farklı ve rahat.ne çok sert nede yumuşak diyebilirim.çok yumuşak değil ancak ,vücudunuzun şeklini alıyor.yaylı yataklara göre arasında çok fark var.biraz alışması zor oluyor,bedeninizin şeklini aldığı için diğer yataklara göre birazdaha sıcak oluyor.biraz terleme yapıyor bu yüzden, ancak bununda farklı nevresimle engelenebileceğini düşünüyorum.sonuç olarak,uygun fiyat rahat ve farklı bir ürün.	1	1	1
888	çok bir ekstra özelliğini göremedik normal primadan farkı yok kanımca	0	0	1
889	çekiş gücü ve ses seviyesi çok yüksek.	0	0	1
890	eşim beğendi. çok fonksiyonlu. teşekkürler	1	1	1
891	belki 3 kuruş fazla verirsiniz ama hep siz kazanırsınız. hızlı kargo ve güvenilir kalite için teşekkürler hepsiburada. kalite ve güvenirlik için ilk adres.	1	1	1
892	ama sanırım iş görecektir.	0	0	1
893	kargo yavaş. ürün güzel sarı beğendi yedi.	0	1	0
894	ürünü aldım kutusunu açıp fişe taktım biraz duman çıktı ve çalışmadı. deneyebilsem yorum yapabilirdim ama ne diyelim talihsizlik. uğraştırcak biraz hepiburada ya ulaşmaya çalışıyorum.	0	0	1
895	*bu fiyatlara alıcağınız apple tabletlerle eş değer özelliklerde üstüne hafıza kartı arttırma,  apk ve otg kablosu takma şansınızda bulunuyor. fiyat artmadan alın derim	1	1	1
896	13 aydır hep prima alıyorduk ve memnunduk. fakat son aldığım kutuda bezler çok kalitesiz ve sızdırıyor. kutunun üzerinde rusça bişeler yazıyor hatta. kalite düşük bu seride.	0	0	1
897	cok guzel aydinlatiyor.uc adet sarli pil yuvasi var.pille calisdiginda nasil aydinlattigini henuz denemedim.	1	0	0
898	başlıkları farklı farklı, topuğa yapılanı beğendik.	0	0	1
899	urunu hızlı geliyor fakat kullanımım bakımın dan çok sıkıntılı telefonu en fazla %40 sarj ediyor ben memnun kalmadım	0	0	1
900	asil bir kokusu var kaliciligi cok iyi seviyede. bana kalirsa yaz icin degilde sonbahar aylarinda daha carpici bir etki birakir	0	1	0
901	gayet başarılı telefon çok pahalı marka ile kafa tutacak özellikte 2.3 binlik telefonlarla karşılaştırınca zenfone iyi ve hepsiburada yada teşekkür ederim aynı gün elime geçti	1	1	1
902	bende oğlumda çok beğendik.	1	1	1
903	3 yaşındaki kızım için aldım. fazlası ile iş görüyor.	0	1	0
904	büyük umutlarla almistim ama pek memnun kalmadim.	0	0	1
905	herkese adem hocanın diğer kitaplarını da tavsiye ediyorum.	1	1	1
906	bilek kısmı tamamen lastik olduğu için sıktığınızda acıyabilir.	1	0	0
907	yorumlara bakarak aldım. aylardır da kullanıyorum. yanaklarımda bile batıklar oluşturdu. boyun bölgesine gelince tek kelimeyle facia. jiletsiz tıraş tamamlamak neredeyse imkansız. daha ucuz yollu bir makine alınabilir.	0	0	1
908	bu i̇ki̇nci̇ (general mobile discovery 16 gb) alişim.çok memnunum.	1	1	1
909	urunler cok guzel gayaet sessız fakat esofmanı begenmedım acayıp çin malı kokuyor:)kosu bandı cok sessızve kurulumu kolay bısıkletı kurmak daha uzun surdu:)	1	0	0
910	ben yıllardır kullanıyorum ve değiştirilebilir başlığı ile ömrünü uzatıyorum. tavsiyem 3d fırça	1	1	1
911	lütfen herkes okusun. fiyatı da çok uygun. bu kitabı okuyp ağlamayacak kişi yoktur bence..taliban acı yüzüne içindeymiş gibi tanık olacaksınız...	1	1	1
912	uzun zamandir kullandigim ve kagit urunlerinde kullanmaktan vazgecmedigim bir marka. hepsiburada da fiyati cok uygun. cok kaliteli ve hesapli. kacmaz.	1	1	1
913	daha fazla indirim olmalı diye düşünüyorum. ürün kalitesinde bir fark yok.	1	1	1
914	telefona bilgileri aktarımında sıkıntı var kendi gösterdiği ile telefonda ki farklı oluyor. ayrıca arayan bilgisi ve diğer bildirimlerde uyarı vermemesi ciddi eksiklik.	0	0	1
915	ben aldıktan sonra fiyatıda düstü...tamam para eden bir sey degil ama agız bakım suyu hediye yazıyor ama malesef gönderilmiyor aldatmaca var gibi gibi  .......	0	0	1
916	kablosu çok kısa geldi bilg. masasının üzerine çıkaramadım 5cm daha uzun olsaydı tam aradığım üründü. ışıkları gece baya yanıyor gece lambası gibi. kablodan dolayı tek yıldız verdim	0	0	1
917	fiyat uygun,ürün kaliteli tesekkürler	1	1	1
918	hız konusunda biraz sorun yaşadım ama aceleniz yok ise sorun değil...	1	0	0
919	tavada ne pişirirseniz pişirin çok çok az yağ istiyor. i̇lk olarak köfte yaptım gayet güzel oldu. yapışmıyor, çabuk pişiyor fakat tam olarak ızgara tadında olmuyor. tek olumsuzluk denilebilecek şey içinde az et varsa döndürüp kapağı açıldığında monte yerlerinden ocağa yağ akıyor bu yüzden hem yağı çok az koymak gerekiyor hem de içi tam doluysa çevirmek mantıklı oluyor. tavsiye ederim et ve balık ürünleri ürünleri için gayet kullanışlı bir ürün.	1	1	1
920	bu fi̇ata,kali̇teyi̇ almak çok güzel teşekkürler hb. kargomuzu gününde gönderdi̇ği̇n i̇çi̇n.bi̇rde geri̇de kalanlar gelseydi̇ çok daha i̇yi̇ olurdu.saygilar..:)	1	1	1
921	cihazı alalı 1 ay oldu 2-3 kez kullandım azalma var bazı arkadaşlar yorumlarında 8 seans kullandım bitmedi diyor tüyün bitmesi söz konusu değildir sadece cansız ve geç çıkar bu kadar	1	0	0
922	beklentimi karşılamadı. çok basit bir ürün. altında cırt yok. almak isteyenlere tavsiye etmem. bu fiyata daha güzel kullanısli ürünler tercih edilebilir.	0	0	1
923	görüntü çok kötü, iade edeceğim, tavsiye etmiyorum.	0	0	1
924	maalesef uzun borular bır tarafı delık var bır tarafında delık yok.yapılan kurulum detayşı degıl yanlıs ben sacmalamıslar dıye dusundum gıttım bı demırcı delık deldırdım bılgınız olsun	0	0	1
925	- formatı attım ve diğer 1 tb hdd imi de iki parça iken tek parça haline getirdim (tabiki içindeki verilere bir zarar gelmeden) ve d sürücüsü olarak ayarladım	1	0	0
926	telefon güzel ama çok ısınma yapıyor özellikle internete girince, yeni alınan telefonda bu tip sorun çıkınca insan geriliyor inşaallah servislerde sürünmeyiz bakalım.	0	1	0
927	en buyuk problemi hic guncelleme almamasi hala 5.1 daha guncelleme alamaz gibime geliyor farkli bir rom yuklemisler galiba cihazin surumunden dolayi 6.1 romunu bulup bilgisayardanda yukleyemedim. 5.1 de iyi ama 6.1 de cok rahatliyo samsung telefonlar yenilenen tauch wiz yag gibi akiyor keske 6.1 ile gelseydi ayrica 7.1 guncellemeside alacakmis a7 2016 lae biz yine alamiyoruz :( ben 1299 ken almistim simdi baya yukselmis	0	0	1
928	ürün çok kaliteli görünse de arabada kullanamadım, kesinlikle tutmuyor zemini. camda denedim, orada tuttu duruyor derken sabah arabaya bindiğimde yine düşmüştü. malesef ben verim alamadım, tavsiyelere açığım.	0	0	1
929	kullanışlı, kolay kuruluma sahip ama biraz yapısından dolayı dengesiz açılıyor dikkat etmek lazım açarken	1	1	1
930	güvenilir satıcı .mükemmel kaliteli garantili ürün. i̇lk alış-verişim. 10 puan [ - tarafı kargo yavaş] hepsiburada ekibine tşkler..	1	1	1
931	100 li̇raya-120 li̇raya yillarca evde balik yapabi̇leceği̇ni̇z bi̇r izgara satin aliyorsunuz,	1	1	1
932	ürünü alalı 1 ay oldu düzleştirme kısmında sorun yok çok memnunum.saçlarım uzun olmasına ragmen en fazla 15 dak. hazır. benim aldıgım kutuda cin malı yazıyor ve  cihaz çalışırken hafifden bir ses gelioo herkesin ortak sorunu bu . birde kıvrım nasıl veriliyor denedim ama yapamadım deneyip de sonuç alan varsa bilgi verirse sevinirim. teşekkürler.	1	1	1
933	akşam saat 17 civarı sipariş ettim ankara dan yalova ya ertesi gun oglen saatlerinde elimdeydi. galaxy s7 samsung garantili soylenildigi gibi ambalajıyla geldi. köpüğe sarılı olarak kargolanmış. mete bilişime güvenebilirsiniz...	1	1	1
934	pili aldığım ilk gün oldukça iyi gitmişti hem uzun sürede bitti hemde sorun olmadı ama günde bir yada 2 defa kilitlenir hale geldi cihaz neyse dedim pil biraz dolup boşalınca düzelir belki dedim fakat değişen birşey olmadı 1 aydır kullanıyorum hem yine hızlı bitmeye başladı hemde bazen arama gelince bazen de uygulama açmak istediğinde birden bire kilitleniyor cihaz ve hiç bir türlü açılmıyor pili söküp takınca düzeliyor. bu yüzden eski pili kullanmaya devam ediyorum. yedek olarak kullanayım bari dedim ve ihtiyacım oldu yeniyi taktım ve açılır açılmaz uygulamaya tıkladığım gibi kilitlendi. benden tavsiye almayın bu model pili. malesef  ampere uygulaması testlerinden de benim için geçemedi düşük seviyelerde.	0	0	1
935	malesef çok küçükmüş fotoğraftaki gibi de bir ağırlığı yok kademe kademe olan yerlerdeki plastikler çok yakında kırılacağım diyor ince tost hayalimiz suya düştü :( ürün hızlı geldi şimdi hakkınızı yemeyeim	0	0	1
936	cihazın elektroniği çok ısındığı için %30 -40 civarı şarj ettikten sonra şarjı kesiyor. aslında bataryası bittiğinden değil ısındığı için emniyete alıyor. daha sonra tekrar takarsanız şarja devam ettiğini görürsünüz. ama iphone 5s telefonda max %60 şarj edebildim.	0	1	0
937	son derece başarılı bir ürün. ağırlık kombinasyonunda 1,5 - 3 ve 5 kg. var. ilgilenenler ona göre alsın. benim işimi rahatlıkla görüyor	1	0	0
938	en güzel yanı ürünün 1 günde elimizde olması yani hepsiburada güzel olan	0	1	0
939	bu masaj aletini 2 sene önce almıştım bütün arkadaşlarım benden görüp sipariş verdi. fiyatına göre cok başarılı bir ürün ayrıca farklı başlıkları da var.	1	1	1
940	lastikler 2016 ocak tarihli mükemmel bu fiyata ücretsiz montaj adana mert oto lastik mükemmel hizmet ve ücretsiz olmasına rağmen mükemmel hizmet	1	1	1
941	yeni başlayanlar için gayet kullanışlı	1	1	1
942	çok kotü.özellikle vidalama uçlarıyla toplamda 5 vida zor sıkarsınız	0	0	1
943	buyuk seyler ıcın kullanılamaz ama aynı anda 5 yada 6 sayfa zımbalaya bılır	1	1	1
944	i̇ki kedim var.her ne kadar tohumların hepsini bir kaba bilmeden eksem de :) ona rağmen 4 günde çim çıkmaya başladı kedim kokladı ve anında yedi. ben memnun kaldım tavsiye ederim	1	0	0
945	ücretsiz ve çok hızlı kargodan dolayı hb ailesine tşk. ürün parasının hakkını veriyo tavsiye ederim bagajı küçük olanlar için harika, çokta pratik açılıp kapanıyor, koltuk altında bile taşınıyor.	1	1	1
946	fotodakini değil siyahını gönderdiler. ürünü şarjlı traş makinelerinin bataryasının bittiği zamanlarda kurtarıcı olarak aldım, işe yarıyor, tak çalıştır. şarj sorunu yok. bu fiyata almadığına değmez :)	1	0	0
947	öncelikle ürünü almadan önce bayağı bir araştırma yaptım.bu ürün ile yapılan tüm yorumları okudum.özelliklerini ayrıntılı bir şekilde inceledim.ürün hem özellik olarak hem de fiyat olarak çok iyi.kargo+montaj hepsi hızlı bir şekilde gerçekleşti.almak isteyen arkadaşlara gönül rahatlığı ile tavsiye edebilirim.teşekkürler hepsi burada.com...	1	1	1
948	ürünü henüz tam olarak incelemedim güzel görünuyor fakat beklediğimden çok küçük geldi bu yüzden satın alacakların ürünün ölçülerine dikkat etmelerini öneririm	0	0	1
949	ürün çok güzell geniş kaliteside güzel. renk bire bir aynı canlı.	1	1	1
950	bu ürünü aldığımdan beri çay yetmeyecekmiş gibi bir derdim yok artık. kocaman bir su ve demlik haznesi var. ayrıca çok şık ve pratik. hatta misafirlerim merak edip çaylarını kendileri katıyorlar. tavsiye ederim. hızlı ve sağlıklı gönderi için hepsiburada ya teşekkürler.	1	1	1
951	ürünü 2 senedir kullanıyorum, bendeki üründemi sorunvar bilemiyorum ama aldığım günden beri ışığı çok ama çok zayıf gece düğmesine basınca çıkan ışık ile üzerindeki değerleri okuyamıyorum	0	0	1
952	eğer aracınız hatchback ise alabilirsiniz... geldiği gün taktım ve yola çıktım...hiç bir sorun çıkmadı...kesinlikle tavsiye ederim...	1	1	1
953	plastik kalitesini beğenmedim.baya esnek kırılacak gibi laptopu koyarken ince işcilik istiyor. laptop ağırsa hangi konumda olursa olsun tuşa biraz sert basarsanız havalı amortisör gibi sallanıyor.en alt ayarda havayı biraz daha rahat çeksin diye kullanıyorum.bu şekilde biraz olsun işe yarıyor.fanlar kalitesiz.dönüş sesini ve tıkır tıkır motor sesini çok rahat duyabiliyorsunuz kanat yapısından mıdır tasarımından mıdır hava üfleme olayı baya kötü başka ince yapılı bir fan la değiştirmeyi düşünüyorum.14 cm fan ile daha rahat soğur 75 fan olsa daha rahat soğur diye kanmayın.laptopunuzun altına bakın işlemci fanının hava alan yerine göre bir soğutucu seçin.	0	0	1
954	i̇şletim sistemini ssd'ye kurdum, bilgisayarın açılması 10 saniyeyi geçmiyor, programların kurulumu ve açılması da son derece hızlı, tavsiye ederim	1	1	1
955	samsung kalitesinden şaşmayın. fiyat pahalı zannedenler olabilir,full hd olduğu için öyle.görüntü ,ses gayet iyi.usb 1 hdmi 2 tane. usbden mkv denedim gayet iyi oynatıyor. dahili uydu yok ben de teledünya uydu bağladım.kanal geçişleri kötü değil.oyun ya da bilgisayar bağlama gibi merakım olmadığından denemedim. benim gibi 3000 tlye alınmış tvde sabah akşam çizgifilm kanalı seyretmekten bıkanlara şiddetle tavsiye ederim. çocuğunuz da bayılacak bu televizyona. ayrıca 2.gün elimde olmasını sağlayan hepsiburada ekibine de teşekkürler....	1	1	1
956	bence bu ürün oldukçe iyi ve ucuz...ayrıca renk seçeneklerinin olması da insana seçme hakkı veriyor	1	1	1
957	eksileri:1-hava hortumu sık sık yerinden cıkıyor.  2-boya haznesi adi plastikten yapılmış. yerinden her an çıkabilir. ben ambalaj bandıyla sararak çalıştım. 3-motoru çok sesli. motorun soğutma sistemi iyi değil.	0	0	1
958	bekledi̇ği̇mden çok daha kötü çokti. cok basit	0	0	1
959	arkadaşlar elastik yapısı sayesinde güzel bir şekilde sarıyor aşılı bölgeyi..su veya hava almasının imkanı yok iyi bir şekilde sararsanız..ben memnun kaldım..en az 200-300 tane aşı yaparsınız bu aşı bağıyla..	1	0	0
960	yaslanilacak kısmı çok kısa o yüzden çocuklar için alınabilir öyle kafelerdeki gibi rahatlik olmasi da beklenmez fiyatina gore puf almayi çok istiyorsanız bnce biraz daha araştırıp daha iyisini alın ama yine güzel	0	0	1
961	servis geldi ve pişirme testi yaparak normal olduğunu söyledi. isıyı eşit dağıtmıyor arka yanıyor ön pişmiyor ve bu durum normal karşılanıyor :( tavsiye etmiyorum.	0	0	1
962	kargo 2 günde geldi̇. ürün sorunsuz. memnun kaldim. rengi̇ çok güzel. kullanişli.	1	1	1
963	gorugun en kotu urunlerden biri	0	0	1
964	ürün kısa sürede tarafıma ulaştı. adore firması gerçekten işine saygı duyan bir mobilya firması. kendilerine teşekkür ediyorum. paketin içeriğinde ayrıntılı ve hatasız bir montaj şemasının yanısıra, numaralandırılmış parçalar mevcut. parçaların numaralanmış olması zamandan tasarruf ettiriyor. montajı zor değil fakat kesinlikle dikkat gerektiriyor ve biraz zaman alıyor. bir ufak kusur,arka panellerin iki adet saplaması bu parçaları birbirine yeterince birleştirmiyor, çok hafif aralık kalıyor. i̇malatçısının gözden geçirmesini tavsiye ederiz.bu fiyata alınabilecek son derece şık ve ucuz bir ürün. adore firmasına ve hb.com a teşekkürler...	1	1	1
965	fiyat performans idare eder.küçük pratik...	1	1	1
966	4.adobe flash player desteği yok.sadece mobil sitelerde video izleyebiliyorsun.	0	1	0
967	tv'nin plastik kalitesi çok iyi değil. ayaklar iyi dizayn edilmemiş.	0	0	1
968	bu fiyat ile türkiyede tutmaz bu telefon. lumia 925 kullanıyorum 2 yıldır uygulama desteği ve 2. el piyasası pek yok	0	1	0
969	2. sertlik olarak bridgestone turanza yaz lastikleri ile hemende aynı.	0	0	1
970	asırı yakıcı ozelligi var, masaj icin kullanilabilir	0	1	0
971	çok uygun fiyat kaliteli de teşekkürler hepsiburada ürünlerin hepsi zamanında gelirse böyle herşey mükemmel.pilates topalrı arasında en uygunu en hesaplısı ve gayette kaliteli	1	1	1
972	bu fiyata bu kadarlık ürün	0	1	0
973	güzel pirizle calısıyo pilde takılıyo ama pil işe yaramıyo sadece elektlrlk kesilince saati otamatik ayarlıyor	0	0	1
974	kaydırmaz özelliği iyi. fare atlama felanda yapmıyor.koku yok. alınır..	1	0	0
975	ürünü sipariş ettim. ürün geldikten sonra hayal kırıklığına uğradım. fiyatına göre kaliteli bir ürün değil. tostu sıkıştırmak için bir ayarı yok. ayrıca şunu da belirteyim seramik veya granit kaplama falan hikaye. kaliteli bir döküm tost makinesi alın derim.	0	0	1
976	ürün çok çabuk teslim edildi ancak şişirince keşke 30 cm olanını alsaydım dedim. eğer uzun boylu biri iseniz sanki bu biraz küçük kalacakmış gibi.	0	0	1
977	yorumlarda fm yok deniyor.	1	0	0
978	resimdeki ile aynı görüntüde ve renkte tavsiye ederim.	1	1	1
979	oncelikle hepsi buradaya cok tesekkurler urun kisa surede elime ulasti urune gelince bu paraya bu urun bedava cekis gucu mukemmel cop bolumu temizligi kolay sesi fazla degil tum dostlara tavsiye ederim	1	1	1
980	bataryaların yenisinin fiyatı 100 tl ye yakın. bu pil sorunu yüzünden bildiğim kadarıyla zaten artık bu versiyonlar pek üretilmiyor.	0	0	1
981	biz dükkana aldım ve aldığımıza pişman olduk çok yavaş ama evde kullanacaklara bişey diyemem birde tonerleri çok pahalı düşük kalite doldurabilir toner almanız daha iyi toner parası bile yazıcıdan pahalı...	0	0	1
982	birçok farklı markayı denedik navigatör kalite olarak en iyiler içinde ayrıca hızlı teslimat hizmeti çok iyi. tavsiye edilir.	1	1	1
983	beğenmedim çünki çok hafif ben bu fiyata başka markaların güzel model ve daha ağır olanlarını alırdım ama bu marka daha cazip geldiği için sipariş etmiştim oldukça şık ama hafif bi saat bu praya bana göre ama hp burada farkıyla iki güne elime ulaştı onu inkar edemem ama dediğim gibi çok hafif saat seçim sizin bu fiyata daha ağır bi saat alabilirsiniz bana göre	0	1	0
984	ürün camda durmuyor. eldeyken güçlü görünen mıknatıs cama taktiginizda sanki komur kadar manyatik. his kullanamadik cocugun oyuncagi oldu. yada kagit tutucu olarak kullanabilirsiniz...	0	1	0
985	son aldığım bezler sızdırıyor,eskiden aldıklarım böyle değildi.	0	0	1
986	ürünü spor yaparken kullanıyorum gerçekten çok fazla terletiyor beli üşütmemek içinde kullanılabilir sıcak tutuyor bu fiyata gayet başarılı bir ürün bence.	0	1	0
987	ürün fotoğraftaki ile birebir aynı. oldukça sağlam ve bu kaliteye göre fiyatı oldukça uygun. tavsiye ederim.	1	1	1
988	vücut kılı temizliği için kullandım, gayet işlevsel.	1	1	1
989	kapakları boyası çok  kötü  kurulumda epey zor hiç beklediğim  gibi olmadı nasıl beğeni yorlar anlamadım yorumlarda yoksa bana mı dek geldi	0	0	1
990	braun dan sonra keşke almasaydım dedğim bir ürün. biraz daha vererek daha iyi bir ürün alın.	0	1	0
991	çok memnunum. tavsiye ederim. hepsi burada kalitesiyle devam ediyor...	1	1	1
992	diğer alıcıların yorumları tamamen doğru. renk konusunda seçme şansınız yok. benim en son tercihim geldi.	0	1	0
993	eksiksiz olarak elime ulaştı..hatası yok güsell..hepsi burada dan daha önceleride bir çok alışverişim oldu.hepsi de zamanında elime ulaştı..hepsi garantili zaten .. çalışanlarına teşkr ediyorum..	1	1	1
994	4 lastik 1 gün sonra sorunsuz bir şekilde teslim edildi. 2016 38. hafta olarak geldi. aracıma dün taktırdım. yumuşak bir lastik. kış koşullarında da iyi olacağını tahmin ediyorum. daha önceki kullandığım markalara kıyasla kavraması daha iyi. ben de önceki yıllarda kullananların yorumlarına bakarak karar vermemi etkiledi. kullandıktan sonra tekrar değerlendiririz..teşekkürler.	1	1	1
995	7- geçe fotoğraf çekmeyin.	0	0	1
996	bu fiyata göre tatmin edici bir ürün.	1	1	1
997	sefer tası gelir gelmez temizlemek için açtım kapaklar ile beraber lastikleri düştü. umarım sorun çıkmaz.	0	0	1
998	epey araştırma yaparak aldım.benim için önemli olan sessiz çalışmasıydı.malum apartmanda yaşıyorum.alt kattakiler koşu bandının çalıştığından haberdar değiller.kullanımı ve fonksiyonları da harika.kesinlikle tavsiye ederim.hepsiburadaya teşekkür ederim.	1	1	1
999	ürün çin malı ve ambalajında olmasına rağmen çizik dolu ayrıca pillerde konmamış.tavsiye etmem.daha kaliteli birşey bakın.ışığı ise yetersiz.6 ledden aşağı düşünmeyin.	0	0	1
1000	2 yıl içerisinde 3 kez servise götürdüm ve hala aynı sorunları devam ediyor. başka bir ütü deneyin yoksa pişman olursunuz.	0	1	0
1001	değişik avizelerimin olduğu yerde kullandım çok ayrı bi hava kattı	0	0	1
1002	ürünü hevesle aldım. evet temizlemesi çok güzel diğer fırçalardan oldukça farklı ama 5-6 ay sonra başlığı dönmemeye başladı. pilini değiştim ama sorun yinede devam etti herhalde fırçalarken fazla bastırdım ondan olduğunu düşünüyorum. birde pil kapağı zor açılıyor. o yüzden alacaksanız şarjlı olanı alın pilli olanı uzun ömürlü değil en azından benim aldığım öyleydi.	0	0	1
1003	sağlamlık iyi.	0	1	0
1004	acıtma gibi bir sorun yok fakat sert sakallara ve tüylere sahipseniz yetersiz kalıyor.	0	0	1
1005	ürünün kullanışı açısından çok faydalı ama vakumluma ağzı kapklı olduğu için kullanışlı değil benim aldığım ise siboplu açma veya kapama derdi yok.süpürgeyi ağzına getirmeniz yeterli oluyor.	0	0	1
1006	aldigim urunden gayet cok memnunum tesekur ederim size	1	1	1
1007	eğer aksiyon oyunları oynayacaksanız kumandalı modelini tercih etmenizi tavsiye ederim, ihtiyaç duyuyorsunuz.	1	1	1
1008	kullanımı kolay, görünümü güzel, fiyatı iyi, herkese tavsiye edebileceğim ürün....	1	1	1
1009	2 yıl oldu makinemi alalı temizde yıkıyor, diyeceğim yok ama çok ses çıkarıyor özellikle sıkmada felaket	0	0	1
1010	telefonu 6 aydır kullanıyorum .sıkıntıları 1. aksesuar çok pahalı veya hiç yok 2. sarjı çok az gidiyor ve 4 saat gibi uzun sürede doluyor 3. parça kalitesi düşük arka kapat 2 ayda tamemen soyuldu. iyi yanları 1. ucuz 2. özellik/performans iyi	0	0	1
1011	ürün gayet iyi aktarım hızı çok iyi sadece kargoda bekledim 2-3 gün gerisinde sıkıntı yok	1	1	1
1012	gönderim hızlı paketleme güzel eksiksiz...	1	1	1
1013	vestel müşteri hizmetlerini aradım teknik destek için yapabileceğimiz bişey yok yazılım böyle dediler.	0	0	1
1014	daha oynamadim ama cok iyi birşekile sahip hemen oynicam	0	0	1
1015	termal macunun önemsiz gibi görünse de pc için çok önemli ve dikkat edilmesi gereken bir unsurdur. ürüne gelecek olursak daha kullanmadım ama ihtiyacım olacağı için sipariş ettim kutusu kargolanması güzel ihtiyacı olanlara tavsiye ederim ....	0	1	0
1016	hız ?	0	0	1
1017	paket içinden 12 adet vida 4 adet dubel çıktı aparatın yaninda. ben kargo dahil 13 tl ye aldım.	1	1	1
1018	fiyatı uygun renkler de fena değil fakat oyun klavyesi diye geçen bir ürünün w a ve space tuşlarına aynı anda basınca algılamaması üzücü	0	0	1
1019	bildiğin inşaat harfiyatı bu. kedi kumdan çıktığında, inşaatta çalışmış gibi toz toprak içinde kalıyor	0	0	1
1020	benim tavsiyem şarj edilecek aletlerin kendi orjinal araç şarjlarını kullananızdır.	0	1	0
1021	arkadaşlar size bu ürünü tavsiye etmiyorum. size dijital olanı tavsiye ediyorum. altındağdan arkadaş dezavantajlarını yazmış.	0	0	1
1022	ürün elime geçeli yaklaşık 3 hafta oldu. ne işe yaradığı hakkında henüz bilgi sahibi olamadım. umarım haşereler üzerinde etkilidir. yalnızca onlar kaldı test edemediğim de :)	0	1	0
1023	hantal, ağır, fazla gürültülü. pratik bir süpürge aldığımı düşünürken yanılmışım. i̇ki odayı süpürdükten sonra ki sadece üstten, derinlemesine bi temizlik değil resmen yoruldum. halının üzerinde oldukça zor hareket ediyor. hareket kabiliyeti de cok zayıf. kaldırıp o şekilde yön verebildim. gürültüsü de hiç normal değil hayli fazla.	0	0	1
1024	kalemle yazmaya bayılacaksınız. yazmak bir başka güzel. i̇mza atmak daha bir güzel. çok beğendim kalemi ve çok da ucuzmuş	1	1	1
1025	tarif edildiği gibi elime ulaştı.	1	1	1
1026	f/p bakımından cok iyi bi ürün. evinizde rahatlıkla kullanabileceginiz bi ürün.	1	1	1
1027	ürürn kum kaçırıyor evde kullanamazsınız bide vidalar hemen gevşiyo plakalar dönmeye başlıyor bu fiyata daha kaliteli ürünler var onlara bakın	0	0	1
1028	daha kalitelisi vardir ancak gonderim hizli oldu, rahat, şik bir kask, fiyatina gore yeterli bence	1	1	1
1029	fiyatı piyasaya göre oldukça uygun, ürün kalitesi tartışılmaz zaten, teşekkürler.	1	1	1
1030	paketleme guzel	1	0	0
1031	boyun bolgemde ters duz saga sola karmasik ve sert sakallarim var, hic bir turlu onlari almayi basaramadim. sakallariniz benimki gibiyse kesinlikle almayin	0	0	1
1032	24 saatte elime ulaştı teşekkürler hepsiburada kaliteli ve dürüst hizmetiniz için...	1	1	1
1033	aldım ama keşke almasaydım	0	0	1
1034	uyurken boyun ağrılarım için almıştım. şimdi kullanıyorum. tavsiye ederim herkese.	0	1	0
1035	icınde taşıma kılıfı. var kalıtesını bellı edıyor	1	0	0
1036	aktarım hızı çok iyi ancak kullanmaya başladığım gün itibariyle çok ses çıkartıyor. arada bir titreyerek de çalışıyor. rahatsız edici.	0	1	0
1037	açıp kapatmak çok zor. fonksiyonel degil ve kullanışsız	0	0	1
1038	kompresör çalışrken sesli,onun dışında sıkıntı yok.tavsiye ederim.yalnız ürünün garanti belgesi gönderilmemiş.umarım (hepsiburada)yetkilileri garanti belgesini en kısa zamanda göndereceklerdir.	1	0	0
1039	hepsi burada her zaman olduğu gibi çok kısa sürede  ürünü elime ulaştırdı teşekürler.ürün orjinal kapalı ambalajında geldi fakat kalıcı bir koku değil yada bende öyle	0	1	0
1040	bugüne kadar denediğim tel taraklarla karşılaştırıldığında ezici bir üstünlük sağlıyor diyebilrim. ilk kullanımda farkı gördüm. klasik taraklarla zaman ve para kaybetmeyin. çok başarılı bir ürün.	1	1	1
1041	ağırlık çalışan arkadaşlara önerimdir, tereddüt etmeden alabilirsiniz. yaklaşık bir aydır kullanıyorum, diğer ürünlere çok para vermenize gerek yok, fiyat performans iyi	1	1	1
1042	diğer yorum yapan arkadaşların dediği gibi rengi turkuaz değil daha çok yeşil renkli odaya uyum sağlamadı.onun dışında malzemesinde problem yok.	0	0	1
1043	yapımı biraz zor olsa da bitince çok güzel oldu...	1	1	1
1044	hani sofistike ve şehirli derler ya işte bu o.:)	1	1	1
1045	ürün çok güzel. ben aylarca kullandım. sütü bol hanımlara tavsiye ederim. üzeriniz başınız kirlenip rezil olmuyorsunuz. fiyat hepsi buradada çok ekonomik. bir kez deneyin.	1	1	1
1046	aldım ama hiç memnun değilim hiç bi etkisi yok sanki vücudumda soguktan titrer gibi hafif bi his veriyo okadar böyle ne faydası olabilir ki bu bir yıldız bile fazla ??????	0	0	1
1047	ürünü oğlumun oyuncakları için aldım,3 pil kullanan oyuncak anca 5 gün dayanıyor.	0	1	0
1048	isı ayar düğmesi çalışmıyor boşa dönüyor ayıplı defolu ürün gönderilmiş.sabit calışıyor 1-2-3 kademe iptal durumda boşa gitti para gözle görmeden alınmaması lazımdı.	0	0	1
1049	ürün bugün elime geçti. aracımda kullanmak için almıştım. ancak hem çekiş gücü beklentimin altında hem de aldığı tozu yanlardan geri atıyor. araçta kullanıma pek uygun olmadığını düşünüyorum.	0	0	1
1050	kesinlikle tavsiye etmiyorum. ürün kurulumu çok basit fakat paranızı çöpe atacağınız bir ürün. arkaya yaslandığınız zaman ön ayakları havaya kalkıyor, kol destekleri sağlam değil, ve çok fazla gıcırtı sesi çıkartıyor	0	0	1
1051	2. hd görüntü kötü mü?	1	0	0
1052	normal wirelees sarj aleti ile aynı sürede sarj etmektedir. iki sarj aletini de denedim ikiside aynı sürede sarj etmekte . kablolu hızlı şarj örnek 95dk yazıyor , kablosuz samsung normal sarj 70dk yazıyor koblosuz hızlı sarj (burdan aldığım 70dk yazıyor)	0	0	1
1053	neredeyse 15 kişiye aldırdım, süper bir cihaz, çok fonksiyonel. son derece başarılı bir çalışma, çok işime yarıyor, kesinlikle tavsiye ederim...	1	1	1
1054	hiçbir yerde bulamıyordum. hepsiburada sağolsun. görünce kaçırmadım.	1	1	1
1055	tasarımını beğendim. hafif ve kullanışlı.	1	1	1
1056	yaklaşık 1 aydır kullanıyorum bu zamana kadar karda ve buzda test etmek için yorum yazmadım. çok soğuklarda ıslak kuru zeminde gayet başarılı bi lastik. karda performansı son derece iyi. yaklaşık 30 cm karda hiç bi sıkıntı yaşamadan yola tutundu yani karlı bi yolda zincire falan kesinlikle ihtiyaç yok. hafif buzlu yolda yokuş yukarı denedim rahatlıkla kalktı araba ve yola devam etti yokuş aşağı buzda frene sert bastığımda biraz kayma yaptı o da gayet normal buz çünkü. yani sonuç olarak kış lastiğinden beklediğiniz herşeyi veriyo bu lastikler. aynı işlem için yaklaşık iki katı para vermeye gerek yok bence.	1	1	1
1057	birkaç foto çektim kamerasıda iyi sayılır.	1	0	0
1058	ürün gayet güzel ve kullanışlı bir sorun yatmadan direk çalıştı. herkese rahatlıkla tavsiye ederim. fiyat olarakta gayet makul.video kamera içinde 32 gb yeterli.	1	1	1
1059	ürünü alalı 2 ayı geçti. aldığım gün montajı kolaydı. ürün kullandıkça elinizde kalıyor. dikkatli olun alırken güzel düşünün. kapaklar yerinde durmuyor. sağ kapak alttan vidası çıktı, yerleri genişlemiş hiç tutmuyor. sunta ürünleri alırken böyle sorunlar yaşanabilir. teşekkürler hepsiburada, teşekkürler adore..	0	1	0
1060	ben bu telefonu bayağı bir araştırdım ve sonunda sahip oldum. müthiş bir telefon. ne ararsanız var. şiddetle tavsiye ederim.	1	1	1
1061	ürün hakikaten güzel.kesinlikle tavsiye ederim.çok para verip aynı özelliklere sahip amiral gemisi almaya gerek yok.	1	1	1
1062	bütçenize uyuyorsa piyasadaki açık ara en iyi sebil, sitede çok hızlı kargo ile bana ulaştı, kullanımı kolay, mutfağınız için gayet şık, en önemli özelliği damacanayı içine alması ve ters duran damacana görüntüsünden sizi kurtarması.	1	1	1
1063	harika bir ürün. kesinlikle tavsiye ederim.	1	1	1
1064	ürünü görenler hayran kaldı çünkü çık şık ve kaliteli malzemeden üretilmiş ayrıca 10 yıl garantisi de var.	1	1	1
1065	kesinlikle yapışmıyor. krep de mücver de yaptım; çok iyi. ama ocak üzerinde emanet duruyor; her an devrilebilir. dikkatli yerleştirilmeli ve tutulmalı. sapının çıkıyor olması iyi düşünülmüş. bi yerlere sığdırmakta zorlanmıyorum	1	1	1
1066	kullanımı çok rahat güzel ürün	1	1	1
1067	kafanız karışsın istemem çok hevesle aldım ama kakadan sonra üstünü kumla kapatırken tırnakları sürekli torbaya takıldı ve kapatmak için çok uğraşması gerekti bu sırada kumları etrafa saçtı. ayrıca bu sırada torbada delindi ve 1 gün bile kullanamadık torbayı topladıktan sonra delindiği için yine eski yöntem devam..	0	0	1
1068	kokusu fena değil ama esmer tenli olmama rağmen bende kalıcılığı 2 3 saat sürdü alacaklar çokta büyük bir beklenti içinde olmamalı işin en iyi yanı siparişin 1 gün sonra gelmesi	0	1	0
1069	sanox ürünlerini çok kullandım ama son aldığım iki sonax ürünü benim sonaxa güvenimi sarstı. sonax buğu önleyici buğu önlemedi cila ise parlaklık versede istediğim sonucu vermedi.belkide sonaxtan çok şey bekledim ne bileyim. ama sonax jant parlatıcı mucizevi bir sonuç yaratmıştı bende...	0	0	1
1070	malesef ios 10 dan sonra çalışmıyor kabloda sıkıntı yok sıkıntı apple kaynaklı	0	0	1
1071	ailecek oynanılabilinecek bir oyun.. malzemesi sağlam ve kullanışlı. pahalı muadillerini almaya bence hiç gerek yok..	1	1	1
1072	i̇dare eder bu paraya değmez ama	0	0	1
1073	evdeki ve sokaktaki canlarım  severek tüketiyorlar fiyat çok uygun  2 gün içinde elime  geçiyor biz çok memnunuz	1	1	1
1074	kızım için aldım markaya güvenerek ama ekran çözünürlüğü çok kötü. internette takılmak hiç istemiyorsunuz.	0	0	1
1075	imza icin ama yazim icin degil. ellerim batti...	0	0	1
1076	içinden  diş macunu gibi bir madde çıkıyor, onunla ovalıyorsunuz, sonra bir sıvı ile ovalamaya devame diyorsunuz,sonuç boş.	0	0	1
1077	2 - aynı noktada mevcut olan ve kapının tamamına alan kameranın yerine koyuyorum kapının 5 te birini dahi almıyor. ben bu kadar dar açılı bir kamera görmdim. kesinlikle uzak durulmalı	0	0	1
1078	fiyati uygun görünce 2 paket aldim ama denemeden almakla hata ettim.guzrl kokuyor ancak kokulu oldugu icin bence bebek icin kullanimi uygun deil. kizim pisik oldu.	0	0	1
1079	philips markasının belirli kriterleri gözetmesi açısından ses kalitesi çıtasını gözardı etmemesi gerekirdi.ürünü kullandım klasik kulaklık işlevi açısından yeterli yalnız müzik keyfi diyorsanız egerki daha hassas ses veren kulaklıkları deneyin derim	0	1	0
1080	şarjı çok yetersiz, çok ısınıyor navigasyon açıkken 10 dk ateş topuna dönüyor. kasan uygulamalarda hızlı ısınıp pili çabuk tükeniyor.	0	1	0
1081	i̇ki tane çocuğum var vok acil bitmediyse hep bezlerimizi buradan alırız.bu aylık kolileri takip ederim genelde ????	1	1	1
1082	ürün biraz yavaş ama içi en azından bilgileri alıyor.küçük olduğu için heryere sığıyor.o avantajı var.	0	0	1
1083	kesinlikle çok çok ağır bir koku fakat orta yaş bayanlar için uygun olabilir 35 yaş üstü yani. kalıcılığına laf yok çok kalıcı bir parfüm sanırım çok kalıcı olan bütün parfümlerin özelliği ağır olmaları	0	0	1
1084	urunun kargoya verilme suresi biraz daha kisa tutulabilir onun disinda surekli kullandigim urun sorun yok 5 bicaga devam...	1	1	1
1085	hiç ama hiç bir faydası yok. yakmaktan başka	0	0	1
1086	ürünü almamdaki amacım duzlestiriciden daha kısa sürede saçlarımı duzlestirmemdi fakat tarayamadım bile saçlarımı. gereksiz bir ürün.	0	0	1
1087	ayrıca ürün güzel hepsiburadanın hizmeti ilgisi çok daha  güzel, tavsiye olunur rahatlıkla güvenebilirsiniz.	1	1	1
1088	ürün eve zamanında geldi fakat bir kere saçıma kullandım saçlarımı çekiştiriyor kaygan bir yüzey değil saçlarımın çekilirken kırıldığını hissediyorum ben memnun kalmadım	0	0	1
1089	muadillerine kıyasla kalitesi çok düşük. üzerindeki ipler gevşek. kürdan kısmı bazılarında yamuk yumuk.. ancak yine de iş görüyor. çok para vermeyeyim diyorsanız alabilirsiniz.	0	0	1
1090	2 gün içinde elimde oldu..değerlendirmeye bile gerek yok...değerlendirmeyi siz yapacaksınız...kararı siz vereceksiniz...	1	0	0
1091	1983 model ascona di̇zel motor çok zayif yani̇ revi̇zyon yapilsa yeri̇di̇r .bor kullandiktan 800 km sonra yumuşak bi̇r di̇zel oldu çeki̇ş iyileşti̇ uzun rampalarda 5.vi̇tesden 4.vi̇tese çok nadi̇r düştüğü oluyor.di̇kkat edi̇n uçuyor demi̇yorum.zayif bi̇r di̇zel motorun bi̇ni̇li̇r hale geldi̇ği̇ni̇ yazdim.peri̇yodi̇k olarak kullanilmasi gereki̇r.	1	0	0
1092	kitaplarda dizideki valinin hayatı anlatılıyor, almadan önce dizinin kitabı olduğunu düşünerek almıştım.. yeni alacak olanlar benim gibi ters köşeye yatmasın	0	1	0
1093	ürün çok kullanışlı ve sağlam fiyat olarak çok uygun kesinlikle tavsiye ediyorum ayrıca kargo ücretsiz ve iki günde elime geçti... teşekkürler hepsiburada	1	1	1
1094	bu cihazı almadan önce bu ürünün boyalı saçlar için olan bir üst modelini almıştım.fakat bir kullanışımda herşey belli oldu.saçlar elektriklendi ve matlaştı hemde yeterince düzleştirmedi.kısacası bü ürünü tavsiye ediyorum.mükemmel bir ürün isteklerime çok kısa bi sürede cevap alabiliyorum.	1	1	1
1095	ürün çok güzel. çok beğendim.	1	1	1
1096	ürün performansı fiyatına göre oldukça iyi. malzemesi de kaliteli.	0	1	0
1097	eksiklerini sayacağım:	0	0	1
1098	youtube'da yazmayan klavyeyi napayım ben sadece google'da kullanılabiliyor tvyi aç kapa yapmıyor olmasa da olurmuş yani	0	0	1
1099	urun katile olarakta kullanis olarakta iyidir	1	1	1
1100	görüntü çok şık. yalnız ürünün 1 lt olanında sapı dik tuttuğunuzda sap ile kapak tutamacı arasında kalan boşluğa insanın eli zorlukla giriyor. bir de ürünün çelik olduğu ve kullanılırken sıcak olacağı düşünüldüğünde bez kullanmak gerekecek ve kullanım ciddi zorluk olacak gibi geldi. bu düşünceyle iade ettim.	0	0	1
1101	deodorant guzel ama yaninda gonderdiginiz hediye bayanlar icin...?	1	0	0
1102	boyun killari ters olan ki̇şi̇ler i̇çi̇n bi̇raz sikinti cikartabi̇li̇r.bi̇raz vaki̇t aliyor, uğraştiriyor.bunun hari̇ci̇nde güzel ürün,pürüzsüz bi̇r traş sunuyor.sert killari alirken zorlanmiyor.temi̇zli̇ği̇ kolay.	0	0	1
1103	bende boyun fıtığı var elime hızlı ulaştı yastık teşekkürler işallah faydasını görürüm	1	1	1
1104	dizimde varolan sporcu sakatlığı sonucunda çok fazla ağrı çekmekteydim. bu ürün elime geçtikten sonra ilk maçımda çok faydasını gördüm. maç boyunca dizimde en ufak bir zorlanma hissetmedim. ayrıca konforlu bir ürün varlığı herhangi bir rahatsızlık vermemekte. teşekkür ederim.	1	0	0
1105	ürünü eşim bana sürpriz olarak almış, benim baktığımı görünce..	1	1	1
1106	arkadaşlar görüntüsü çok şık ama telefona giriş yeri hiç iyi değil.	0	0	1
1107	ilk izlenimim tv gayet guzel	1	1	1
1108	6-velhasıl, bu markanın ürünlerinin bu şekilde olma ihtimalinin yüksek olduğunu değerlendiriyor ve tavsiye etmiyorum.	0	0	1
1109	mutfak rafları için almıştım, boyu yüksek geldi mutfak rafında kullanamadım banyo ve gardırop için kullanmayı düşünüyorum. 5 cm kısa olsaydı daha kullanışlı olacaktı.	0	1	0
1110	görüldüğü gibi m570m modeli hiç bir bandı desteklemiyor.	0	0	1
1111	10 yıla yakındır aynı parfümü kullanıyorum fiyatını en uygun burada bulabildim çok hızlı teslim alamamıştım stoklarda bittiği için ancak problem uzun sürmedi tşkler.	1	1	1
1112	ben yaklaşık bir aydır kullanıyorum ortalama bir internet kulanımında, haber sitelerinde gezmek, wikipedia gibi kullanımlarda anca 100 dakika dayanıyor. kötü bir performans. bataryaya önem veren arkadaşlara duyrulur.....	0	0	1
1113	bu ürüne gelince önce bir adet aldım bu fiyata orjinal olmaz diye çünkü apple storde 0.5 m si 89 tl, 2 m olanı 129 tl. kullandığım orjinal 3 adet lightining eskidi özellikle lightining uçundaki kablosu soyuldu. i̇lk ürün geldikten sonra inanamadım tamamen orjinal duruyor ve bence orjinal. araba ve pc de denedim hiç bir sorun yok. 3 tane daha aldım. kaldı ise hemen alın kalmadı ise geçmiş olsun. bu fiyata bu ürün çok iyi. önce satıcıya teşekkür ediyorum. sonra bu kadar yazıdan sonra 1 ürün bedava bekliyorum. bu yazıyı yazmamım asıl nedeni çakma ürünlerin arabada yangın çıkaracak kadar tehlike yaratabileceğini farketmem.	1	1	1
1114	aydınlatma gücü gayet iyi, tasarruflu ampullerden 3-4 kat daha az yakıyor. daha dayanıklı ve uzun ömürlü.	1	0	0
1115	şirketleri bilmem ama hepsi burada.com müsteri temsilcilerine teşekkür ediyorum	0	1	0
1116	beğendim,çok güzel..	1	1	1
1117	kokusu kalıcı değil, yorumlara bakarak aldım memnun kalmadım. boşuna paranızı harcamayın...	0	0	1
1118	bunun dışımda söylenecek fazla birşey yok. fiyatı uygun kapınıza kadar geiriyorlar.garanti sürecini başlatmak için yetkili servisi arıyorsunuz,	0	0	1
1119	ürün güzel kullanışlı. şarjı az gidiyor biraz. bir tıraştan sonra şarj etmek gerekiyor.sessiz olması güzel. makina bıçakları yavaş hareket ettiği için kesimi biraz sıkıntılı.	0	1	0
1120	ürün elime ulaştı bir süredir kullanıyorum. almayı düşünen arkadaşlar için artıları eksileri belirtmek istedim.	0	1	0
1121	satıcı ile alakalı bi problem yok ancak bu ürün bugüne kadar gördüğüm en yavaş laptop. günlük işleri karşılamak için dahi yetersiz diyebilirim. aldığıma pişmanım.	0	0	1
1122	alabilirsiniz, idare eder. hayırlı olsun.	0	1	0
1123	ürünü almadan yorumları okumuştum bütçemden dolayı yine de aldım hata yapmışım, ürünlerle 30. antremanımı  yaptım ağırlıkların içindeki beton parçacıkları dökülmeye başladı, indirip kaldırdıkça içinden sesler geliyor, barlara ve vidalara sözüm yok ama ağırlıklar çok kötü, küçük barlara ağırlıkları sıkıştırdıkça tekrar gevşiyor, daha çok sıktığınızda içine oturuyor bar daralıyor,normal metal ağırlıklara göre 2 kat büyük olduğundan tutmanız baya zorlaşıyor, almadan iyice düşünün, bence hepsiburada.com bu kadar kalitesiz bir ürünü satmamalı..!	0	0	1
1124	gerek fiyat oldu gerek teslimat olsun herşey çok ucuz ve hızlı. teşekkürler hepsiburada ailesi.	1	1	1
1125	yaklaşık 5-6 aydır kullanıyorum bu süreçteki izlenimlerimi aktarayım.	1	0	0
1126	banyom için aldım ve bi hafta sonra heryeri küflenmişti yatak odaları için uygun olabilir ama banyoya alırsanız pişman olursunuz	0	0	1
1127	çok memnunduk ama bu kadar para verdiğimiz süpürgenin hortumu 3 yıl sonunda 2-3 yerinden kırıldı. hortum parasına başka markadan yeni süpürge alırsınız. süpürme başlıkları deforme oldu, yerinde durmuyor.	0	0	1
1128	olsada olur olmasada gibi bir ürün.	0	0	1
1129	derin dondurucu olarak tamam ama bu zamanda hala yilda bir buz çözme islemi yapacaz ne gerek varya alın buzlanma yapmayan nofrost mutlu kalin	0	1	0
1130	oncelikle arka ışık kullanisli, 2 hafta oldu sorun yasamadim ancak ön farlar kullanisli degil. surgu yerleri en ufak bir zorlanmada kırılıyor	0	0	1
1131	ürünü aracım için almıştım motor bloğundaki çatlak onarımında ve manifold taki çatlak için uyguladım malesef ertesi gün arabayı çalıştırıp yarım saat gittikten sonra inanılmaz kötü bir koku ve duman sardı aracımı kaputu açtığımda ısıya dayanamamış ve simsiyah olmuştu 200 derece deniyo ama okadar ömrü yok fakat ufak tefek evdeki onarımlarda hakkını yiyemem o yüzden ihtiyacınıza göre alınabilecek bi ürün fakat benim istediğimi veremedi !!!!	0	0	1
1132	ürün 3.7 voltluk cihazlara göre çok güçlü emiş performansına sahip.gayet şık bir ürün.pil özelliği gayet iyi.aldım kullanıyorum ve çok memnunum.tavsiye ederim	1	1	1
1133	ben bu fırçayı diş eti üzerinde kalan ve normal fırçalamayla temizleyemediğim, ancak ip ya da plastik kürdanla tek tek uğraşmak zorunda kaldığım artıkları temizlemek ümidiyle sipariş ettim ve sonuç olarak %100 başarı sağlıyor. i̇nanılmaz iyi bir sonuç verdi.	1	0	0
1134	çok kali̇tesi̇z bi̇r ürün.şi̇ddetle tavsi̇ye etmi̇yorum.	0	0	1
1135	makine mükkemel tam zamanında teslimat her şey.le mükemmel tşk hepsi burada. com	1	1	1
1136	gamepad titreşimleri hiç iyi değil insanı rahatsız ediyor.	0	0	1
1137	eh işte fena değil 4 ad ürün aldım hepsiburadadan en iyisi bu işte	0	1	0
1138	i̇ki kere kullandık. sonra iki parçaya ayrıldı. elimizde kaldı, çok uydurukmuş.	0	0	1
1139	ben alısveriş sonrası poşetleri bebek arabasına asabilmek icin almıstim ama klipsi acildi ve posetler yere dustu. klips kismi daha saglam, acilmayan bir malzeme olsaydı daha iyi olurdu. sadece posetleri elde tasirken yarrimci bir urun, biryere asinca olmuyor maalesef.	0	0	1
1140	malzeme gerçekten ücretini hak ediyor. kalınlık çok iyi , yer ile teması kesiyor hissetmiyorsunuz	1	1	1
1141	düşük tavanlı mekanlarda veya uzun askılı avizelerde kullanımı önerilmez.işığı gözü inanılma rahatsız ediyor.	0	1	0
1142	uygulaması boyaya göre biraz zor,ilk kat ince olup duvara bastırarak uyguladıktan ve kuruduktan sonra diğer katları kalın sürmek daha kolay oluyor. duvarda gerçekten ısı farkı oluştu,acele etmeden uygulamak gerekiyor,kalın olan yerler pütürlü yüzey oluşturuyor.faydası olacağını düşünüyorum, bu kış bakalım nasıl geçecek.	1	1	1
1143	ürün tüysüz olarak geldi. arkasında ipler var . kedim çok olmasa da ara sıra oynuyor. fazla bir beklentiniz olmasın ne de olsa oyuncak.	0	1	0
1144	not: dizüstünüzü eğimli yerleştirdiğiniz takdirde aşağı doğru kayma yapar. kutuda size verilen 2 adet lastik bu kaymayı durdurmak adına, ürünün alt kısmında bulunan çentiklere takacağınız nesnelerdir.	1	1	1
1145	başka yerden aldigim tohumlar yeserirken bunlar çıkmadı.	0	0	1
1146	urun kullanisli sessiz ve kaliteli. markasida zaten yeter. fiyatida bircok yere gore cok uygun. 3gun icinde elime sorunsuz bir sekilde ulasti. hepsiburada ya tesekurler.	1	1	1
1147	ürünü kullanalı daha 4 gün oldu ama evin içindeki küçük kelebekler (güve) deniliyor bazı yörelerde, evin içinden çok pencerelere yakın kalmaya başladılar sanınrım bir kaç gün daha acık kalırsa ev temizlenecek gibi duruyor.	0	0	1
1148	ürünü burdaki yorumlara bakarak aldım çok faydasını görmedim kızım yine ve yine pişik oldu sanırım ne kadar kaliteli olursa olsun bazı ciltler için uygun olmuyor bezi değiştirdikten sonra düzeldi pişik problemi kızımın	0	0	1
1149	herkese iyi alışverişler..	0	1	0
1150	daha öncede çokca tablo si̇pari̇ş verdi̇m hepsi̇ burada'dan gerçekten hi̇zmet kali̇tesi̇ üst sevi̇yede, bu tabloyu annemgi̇le hedi̇ye etti̇m oturma odasina çook yakişti ve ürün kali̇tesi̇ netli̇k bi̇re bi̇r ayni muazzam... si̇pari̇ş vermek i̇steyen hi̇ç şüphe etmesi̇n... daha önce kargo geci̇kmesi̇yle i̇lgi̇li̇ sikinti yaşamiştim ama kargo bi̇le şaşirtti beni̇ 2 günde eli̇me geçti̇ teşekkürler hb ai̇lesi̇.	1	1	1
1151	güzel tv. marka olarak araştırmada çok şikayat var ama tereddütte kalarak aldım fiyatından dolayı daha uygunu bulmak zor daha iyisi 2 katı fiyatına başka markalarda , kendim farklı marka elektrikli ev aletleri teknisyeni olarak fiyatına göre kalitesin de  alınabilecek tvler arasında ürün incelemem de kanal geçişleri yavaş  harici bir sıkıntı görmedim ilerliyen dönemler de görmem inşallah	1	1	1
1152	ergen bir genç kızın kafasında kurduğu acayip fantazyayı anlatmaya çalıştığı bir kitap. cümleleri süslemek için fazlaca kasmış ve acayip bir hal almış. vaktiniz ve paranız değerliyse almayın.	0	0	1
1153	harikaa ötesi üstüne telefon yok fiyatına göre 5 mislini veriyor sarji 3 gün rahat gidiyor	1	1	1
1154	üründen cok memnun kaldım eşim ve ben hergün kol calışıyoruz tavsiye ederim ben birde ağırlık bandı almıştım onuda ayak bileklerime takıp hergün spor yapıyorum cok iyi geliyor	1	1	1
1155	ihtiyacınız yoksa kapalı, ihtiyacınız varsa açık.. işte bu kadar pratik ve kullanışlı. biz mini cooperın arka koltuğuna koyduk elimizdeki eşyaları arka koltuğa dağınık bi şekilde atmak yerine bu malzeme organizatörüne koyuyoruz, poşetler, gazete&dergiler, tablet pc, el çantası vs. herşey düzenli duruyor. tavsiye ederim.	1	1	1
1156	bu telefon tam bir facia.  konuşurken ses cızırtılı gidiyor ve geliyor.  kamerası 8mp ama sanki 2mp gibi.  ön kamera çamurlu araba camı gibi hiç iyi fotoğraf çekmiyor.  piyasadan toplatılması gerek bence.	0	1	0
1157	3 gunde elime ulasti.160*200 kilifinda fermuar yok, kilif kumasi da cok kaliteli degil zaten, 2 haftadir deniyorum, baska bi markanin 80x100 olanini almistim, ondaki rahatligi vermedi bana, visko kismi cok ince.. ama fiyat da kalite de bu	0	1	0
1158	açıkçası bana resimde göründüğü gibi gelmedi. renkleri daha koyu beyaz görünen yeri de koyu denecek tonda krem rengi. dokuması falan iyi ama renkleri tam olmamış...	0	0	1
1159	kullanışlı değil	0	0	1
1160	telefon gayet kullanışlı hic bi sorunu yok gönül rahatlığıyla alabilirsiniz	1	1	1
1161	ekranın buyuk olması ve mavi aydınlatması basarılı fakat gorulme acısı dusuk oldugundan, gormek icin direkt bakmak gerekiyor.kalem pille calısması guzel bir ozellik.	0	0	1
1162	ürün fiyatına göre gayet iyi tavsiye ederim. bu fiyata timsah derisi eldiven bekleyenlere de kanmayın. hızlı kargo da cabası. teşekkürler hb.	1	1	1
1163	ürün ucuz tamam ama çok kalitesiz ve kullanışsız dışarda atlıyım dedim biraz yere değince eridi ve sayacı bozuk birbirine dolandı kötü yani ne yazık ki	0	0	1
1164	bu dosyayı daha uygun fiyata başka yerde bulmanız neredeyse olanaksız. birçok yere baktım. fiyatı neredeyse iki katıydı. sonunda buradan sipariş verdim. çok kullanışlı, hesaplı. daha ne olsun...	1	1	1
1165	aşırı sesli bir makina tavsiye etmiyorum	0	0	1
1166	burada gözüktüğü gibi canlı renklere sahip değil ve pembe de var serpiştirilmiş şekilde ,memnun kalmadım.	0	0	1
1167	ürünü cuma günü görüp sipariş verdim. ertesi gün elime ulaştı.	1	1	1
1168	teslimat 1 gün gecikmeli gerçekleşti o da kar yağışı yüzünden oldu çok önemli bi durum değildi.	1	0	0
1169	bunu bile hak etmiyor hiç birşeye izin vermiyor kamera bok gibi çok yavaş sd karta taşısa bile uygulama bellekte kalıyor   örneğin hafızası 8 gb size kullanabilir alan olarak 3gb veriyorlar 1gblik oyun indirdin sd karta taşıdın telefonun kendi hafızasında 2gb kalıyor taşındı diyor ama telefonda kalıyor 500tl değmez almayın 50  tl daha ekleyin güzel birşey alın	0	0	1
1170	ben saç ve sakal için makine arıyordum. aslında doğru kategorideyim (philips saç sakal temizleme) ama bu sadece sakal için herhalde gelen kutunun üzerinde hiç saç ibaresi yer almıyor. ancak biz hem saç da hemde sakal da denedik makineyi hiç birinde sıfırdan almıyor. sadece gür sakal ve saç kısaltmak için ideal gibi, gibi..	0	0	1
1171	pelikan ismini dünyaya tanıtmış bir markadır keşke siyahıda olsaydı daha güzel olurdu ama maviside güzel kısaca pelikan farkı. hemen kendini gösteriyor tavsiye ederim	1	1	1
1172	ürün temiz hızlı bir şekilde geldi. oyunu ayrıca almaya kalksanız ikinci kolla beraber çok pahalıya gelir. kaçırmayın.	1	0	0
1173	yavaş şarj oluyor ve 3100 mah bataryalı telefonu şarj ettikten sonra tek ışığı yanmaya başladı. o yüzden iade ettim.	0	0	1
1174	pek bir fayda göremedim.acaba yanlışmı yapıyorum diye sonax müşteri hizmetlerine yazdım.dedkleri şekilde uyguladım yine istenilen sonuç alamadım.	0	0	1
1175	yaylı yatakdan sonra cok iyi geldi bence fiyatına göre  cok iyi kesinlikle tavsiye ederim uzun aradan sonra bel ağrılarım kesildi	1	1	1
1176	"daha yeni evime ulaştı ürün.  yarım saatte kurduk. umduğumdan kaliteli çıktı. sağlam bir kitaplık. teşekkürler ""hepsiburada"""	1	1	1
1177	urun guzel kesiyor hatta jiletten daha guzel kesiyor ama cok sivilce ve makinada acayip bir koku olusuyor surekli yikamama ragmen	0	0	1
1178	gördüğüm en kullanışlı taşınabilir şarj.	1	1	1
1179	daha öncede aynı markayı kullanmıştım.yorumları okuyarak tercih ettim.kullandıktan sonra doğru tercih olduğunu anladım.hızı çok iyi,şarjı yeterli 1-1,5 saat gidiyor.üzerinde ışık baya işe yarıyor.isınma problemi de yok.	1	1	1
1180	i̇yi gunler oncelikle urun cok kaliteli kecesi yanmaz ortusu demiri herseyi guzel zaten fiyatida bu yuzden pahali yaninda gelen silikon tabanlik cok yararli bisey haricinde az yer kapliyor ve hepsiburada com un hizi ve guvenilirligi tesekkurler	1	0	0
1181	çok başarılı değil ama, bu fiyata göre en iyisi	1	1	1
1182	ben beğendim,gören arkadaşlar da beğendiler..	0	1	0
1183	ağır yag tenekelerini kaldırmak yerine bu ürünü kullanmanızı kesinlikle tavsiye ederim.	1	1	1
1184	telefon hız ve görünüm olarak güzel. fakat samsung telefonların genelinde bulunan şebeke üzerinden videolu görüntülü görüşme özelliği yok. ancak extra uygulamalar ile internet üzerinden görüntülü görüşme yapılabiliyor. ekran görüntü çözünürlüğü çok iyi değil. kamera çözünürlükleri iyi fakat 13 megapiksel görüntünün netliğini fotoğrafı bilgisayara atıp incelediğinizde fark edebiliyorsunuz. telefonda süper amoled full hd bir ekran kullanılsaymış çok daha iyi olurmuş. ayrıca telefon 15 dakika süreden fazla aktif olmadığı durumda whatsapp, viber gibi uygulamalara gelen mesajları göremiyorsunuz. görebilmeniz için uygulamayı çalıştırmanız gerekiyor. bekleme durumunda internet uyku moduna giriyor. tüm gerekli ayarları yapmama rağmen bir türlü bu sorunu düzeltemedim. sanırım telefondaki android marshmallow 6.0.1 yazılımıyla alakalı bir durum. belki güncelleme gelirse bu sorun düzeltilebilir. ayrıca şarj aleti bizim priz yapımıza uygun değil. aldığınızda extra bir priz aparatıyla beraber geliyor ve o şekilde kullanabiliyorsunuz. kısacası çok büyük beklentiler içinde olmayıp hızlı bir telefon kullanmak isteyen kişilerin tercih edebileceği bir telefon.	0	0	1
1185	çok iyi çok kullanışlı fiyatı çok uygun	1	1	1
1186	alalı 2 ay falan oldu. hiç bir sorunu yok şimdiye kadar. almayı düşününler yada seçenek arasında alanlar süphede kalmadan alabilir. kurulumu yapan servis elemanı en çok satan model. kurduğum eve arıza sorun vs için daha hiç gitmedim dedi. i̇nşallah dediği gibi çıkar. elektrik faturası bekliyorum şimdi.	1	0	0
1187	urunun plastik aksami cok kotu kesinlikle almayin cok cabuk kirilacak sekilde bir urun ayakta zor duruyor malesef ben hemen geri gonderdim tm bir hayal kirikligi	0	0	1
1188	selametle ..	1	1	1
1189	daha önce yedekli olanı almıştım memnun kaldım buda iyi yapışıyor fiyatıda iyi	1	1	1
1190	süper.......	1	1	1
1191	tavsiye ederim. özellikle otomobilde kullanmak için ideal.	1	1	1
1192	çok kötü bir ürün  kesinlikle tavsiye etmiyorum çok küçük sadece araba kullanırken dikkat dağıtmaya yarıyor.	0	0	1
1193	acilen alınıp okunmali... edebi yönü çok kuvvetli bir roman..	1	1	1
1194	aracım 2007 model sürekli uzun yol yapıyorum ve bugüne kadar hiç böyle birley kullanmamıştım 9 yıllık isi temizledi jantlarım şuan ilk günki gibi oldu tavsiye ederim	1	0	0
1195	ürün gayet başarılı. kardeşime aldım, çok memnun kaldı.	1	1	1
1196	hiç kalıcı değil farkedilmiyor bile o kadar övgü den sonra hayal kırıklığı ....	0	0	1
1197	i̇lk aldığımda çok güzeldi media tuşları olmasa bile olsun demiştim. şimdi tuşlar katur kutur ediyor hafif tozlanma vardır dedim sildim hala aynı oyun oynarken tuşlara baskı yapmassanız veya yazarken basmıyor yarıda kalıyor mekanik bi klavye bakın kısacası bunun devri bitmiş saygılarla.	0	0	1
1198	ülkü takvimi  mükemmel, hepsiburada mükemmel ikiside bir tutku	1	1	1
1199	ürün duvar delmek için kullanılabilinecek bir ürün değil. gelen uçlar duvar delmeye uygun değil. elmaslı uç aldım ama nafile duvar delmek mümkün değil.	0	0	1
1200	parfum kalıcı değil  ama hepsiburada gerçekten hizmette on numara	0	1	0
1201	ses kalitesi iyi değil, fazla para vermek istemiyorum işimi görsün diyorsanız alın, beklentiniz yüksekse almayın...	0	0	1
1202	ürün dışarıya kıyasla daha ucuz satılıyor.temizlik açısından tavan ve koltuklardaki hafif kirleri çıkarmada güzel lekeden iz yok  ancak ağır kirleri bilmiyorum beni aracımda ağır kir yok kokusu da güzel temizliği kaliteli bir süngerle yapın ve hemen tüy bırakmayan bir bezle kurulayın teşekkürler hepsiburada 34 yaş aksaray-merkez	1	1	1
1203	ürün oldukça kısa. odada neredeyse belli olmuyor. malzeme kalitesi de çok iyi sayılmaz.	0	0	1
1204	siparişten sonraki gün ürün elime geçti. cihazın içinde sağ taraftaki metalik karton parça cihazın içinde kalacak, paketi açarken çıkartmayın sakın onu. tek sıkıntım kapağın siyah olması. yemek içindeyken durumunu göremiyorsunuz, ısındı mı, duman çıkıyor mu, kaynıyor mu, yanıyor mu belli değil. dışarıdan bakınca içindeki yemeği görebileceğim başka bir modeli seçseydim keşke. bu nedenle bu modeli hiç kimseye tavsiye etmiyorum.	0	0	1
1205	gerçekten bu fiyata alınabilecek en iyi oto koltuğu bence. hızlı kargo, uygun fiyat ve kalite bir arada. tek eksik isofix ama o da olsa bu fiyata bu kalite olmaz.	1	1	1
1206	ürün sağlam fakat duvarınızda hafif bir yamukluk varsa tv ile duvar arasındaki mesafe 3 cm olduğu için tv yi asmak hiç kolay olmuyor. ayrıca uydu alıcınız scart girişli ise yeni bir uydu alıcı almanız gerekli tv ile duvar arasına sığmıyor 4cm likleri tercih edin yada hdmi bağlantısını kullanacaksınız varsa tabii.	0	0	1
1207	ürün gerçekten çok kullanışlı ve fiyatına göre çok iyi. ayrıca paketleme içerisinde gelen ufak tanıtım hediyeleri hoş sürpriz oldu. teşekkürler hepsi burada...	1	1	1
1208	fiatına göre çok güzel çok kaliteli ve şık bi saat su geçirmez ama tuzlusu deri kayışı bozabilir,onun haricinde mükemmel bi saat	1	1	1
1209	perşembe günü sipariş verdim salı günü elime geçti. denedim sunumlarda gayet kullanışlı aynı zamanda kablosuz  mouse özelliği gerçekten pratik. video, film dizi vb izlerken pc ye uzanmak zorunda da bırakmıyor. alıcısı ve vericisi çok güçlü amfinin en uç noktasından bile algılıyor.	1	1	1
1210	tek olumsuz nitelik kargo firması, i̇stanbul içinde dağıtıma çıktıktan sonra 3 günde ürün elime ulaştı.	1	1	1
1211	kızım için aldım çocukluğumuzun kitaplarını oda okuyacak mutluyum:)	1	1	1
1212	aracınıza uyguladığınızda farkı görüyorsunuz, aracınız bayiiden ilk çıkmış gibi parlaklık kazanıyor. plastik aksamlardada hiçbir şekilde leke ve iz bırakmıyor. aracınızı yıkarken ise araç üzerindeki tozun ve kirin sadece su ile aktığını görüyorsunuz.	1	0	0
1213	lastik kalitesinden dolayı çok beğenmedim	0	0	1
1214	5 numara kullanırken bu ürüne geçtim ürün güzel ama 6 numara olmasına rağmen sanki 5 numara gibi	0	0	1
1215	aventten çok memnunum fakat bunlar karanlıkta parlamıyor.	0	0	1
1216	arka koltuk icin ford fiestaya eni dar geldi.	0	0	1
1217	ürün elime hemen ulaştı ama kalıp güzel değil ben çıkartamadım yağladığım halde ortası yapıştı	0	0	1
1218	ürün inanılmaz küçük ve ayakta durmuyor almayın tavsiye etmem	0	0	1
1219	eski prima daha iyidi  bu sizdiriyor yeşil tabaka li incecik  birde.	0	0	1
1220	power yok kutusunda. kendi şarj kablonuzu buna takmanız gerekiyor. kendi şarj cihazınız hızlı şarj değilse hızlı şarj yapmaz. hızlı şarj istiyorsanız hızlı şarj kablonuz ne eki olması lazım.	0	1	0
1221	eksiksiz ve tam olarak guzel paketlenmiş şekilde cok hızlı bir surede kargom elime ulaştı. urun eksiksiz ve tam olarak cikti  gerçekten cok memnun kaldım kalite olarak guzel ama evladiyelik bir beklentisi olan varda hayal kırıklığına uğrar.	1	1	1
1222	perşembe gün sipariş vermiştim c.tesi günü elime ulaştı kurulumu kolay gayet şık ne çok büyük ne de küçük ideal diyebilirim	1	1	1
1223	ama idare eder bide köpürse güzel olurdu cila kendini belli ediyor zaten	0	1	0
1224	ürün kısa sürede elime ulaştı. fiyatı da aynı segmentteki ürünlere kıyasla oldukça uygundu. ayrıca toshiba türkiyenin 5 yıl garanti kampanyası da göz ardı edilmemeli. ürünü almak isteyenler hiç düşünmesinler.	1	1	1
1225	bu siteden çok kez alışveriş yaptım. hiç birinde de sıkıntı yaşamadım. ben ürün almadan önce yorumlara mutlaka bakarım. çünkü daha önce ürünü kullananların fikri önemli benim için. bu fön makinası içinde yorumların çoğuna baktım ve çoğunluğun fikrinin olumlu olduğunu gördüm. sipariş verdim ve 2 gün içinde elime ulaştı. kullandım ve gerçekten çok memnun kaldım. traş olduğum kuaför de bu makinayı kullanıyor, orada görüpte sipariş verdim zaten. başka markaya bakmanıza gerek bile yok. kesinlikle tavsiye ederim arkadaşlar...	1	1	1
1226	bu hayata gözlerinizi yummadan, mutlaka okunması gereken 3 kitaptan biri nutuktur. (bu üç kitap; kuran (kendi dilinizde), nutuk ve allah i̇le aldatmak kitabı). nutukta yazılan herşey belgeye dayanıyor. yazarının da atatürk olduğu düşünüldüğünde, okunmaması büyük bir eksiklik. okuyun ve okutun.	1	1	1
1227	5+ modelini alırken 5 den büyük olacağını sanmıştım ama yanılmışım . o kadar da farkı yok ebat olarak . bence emiciliğinin de 5 ten farkı yok. ama genel olarak bakıldığında prima kalitesini görüyorsunuz . piyasaya göre fiyatı da gayet iyi	0	1	0
1228	ben aldım ama taktıktan sonra birkac gün sonra bazı yerlerde yapışkan attı bu arada dokunmatigide zor işliyor tavsiye etmem	0	0	1
1229	ne amaçla alınır bilemiyorum ama oldukça sıradan ve kötü malzemeye sahip bir kulaklık.	0	0	1
1230	hizmetinden ve ürünlerinden çok memnunum.	1	1	1
1231	ürün görüntü olarak güzel, kurulumu çok kolay fakat malzemesi çok ince pek dayanıklı değil alırken göz önünde bulundurmanızı tavsiye ederim.	0	0	1
1232	ürünü bugün aldım ama haznesi cam değil alacak olanlar buna dikkat etsin.	0	0	1
1233	urunu kullandim baştan faydasi oldu gi̇bi̇ geldi̇ ama 1 gün sonra daha çok sizdirmaya başladi bençe fi̇ faydasi yok en kisa sürede bi̇ radyatörcüye gi̇di̇p yuaptiracam yada yeni̇ radyatör taktiracam	0	1	0
1234	4 lü paket gayet uygun tavsiye ederim	1	1	1
1235	ürün çok kötü iyi kesmiyor	0	0	1
1236	içini görmeden aldığım için tereddütte kalmıştım fakat olukça geniş bir iç hacmine sahip gönül rahatlığı ile alınabilir. nakliye esnasında kapağında ezik oluşmuş gelen servis 2 gün içerisinde kapağı yenisi ile değiştirmeye geleceklerini belirtti. bu da ayrı bi güzel. sattıkları ürünün sonuna kadar arkasındalar... siteye teşekkürler thanks vestel :)	1	1	1
1237	pazartesi öğlen sipariş verdim salı sabah geldi, hızına şaşırdım, sağlam kolisinde 3 ayrı paket halinde sorunsuzca geldi, bir daha galiba burdan alıcam marketten boşuna paralar verip alıyorduk, kargosu da bedava. memnun kaldım satıcıdan, sağolsun, bol satışlar.	1	1	1
1238	ürün gerçekten çok kaliteli.şık giyinenlerde kullanılacak türden.akşamları kullanılırsa daha etkili olacağı çok açık.	1	1	1
1239	çok beğendim...  almak için tereddüt etmeyin. kaliteli.	1	1	1
1240	yenilenen kanallı bezler iyi değil. sürekli sızdırıyor. eskiler daha iyiydi.	0	0	1
1241	çok kullanışlı bir ürün değil. malzeme kalitesi de kötü. gerekli bir ürün değil bence. denemek isterseniz siz bilirsiniz.	0	0	1
1242	kendisi küçük ama gerçekten işe yarıyor. birçok teknik servise sordum, tek lnb den iki televizyona yayın alabilirmiyim diye hepsi yeni bir lnb almamı başka çaresinin olmadığını söylediler. ancak olabileceğini dün akşam ürünü alıp takdığım zaman anladım. teşekkürler...	1	1	1
1243	fena değildi	0	0	1
1244	bu ürünü yılbaşı hediyesi olarak aldım ama aldığım ürün kullandıktan beş dakika sonra uçup gidiyor. hiç bir kalıcılığı yok. hepsiburada.com dan bir daha parfüm almayı düşünmüyorum :(	0	0	1
1245	ürünü 2 yaşımdaki kızım için almıştım. kayma kısmı çocuğumun boyu kadar neredeyse. kayacak kadar mesafe kalmıyor.	0	1	0
1246	diğer bildiğimiz markalar gibi iyi değil parasına göre idare eder.. elektriğin fazına göre titreşim yapıyor	0	0	1
1247	makina gayet guzel sessiz teslimat 1 gün kurulum 1 gün beklediğim den daha çabuk teslimat oldu  teşekkürler .......	1	1	1
1248	i̇lk sonax cilalı şampuanla yıkayım sildim güzel.	0	1	0
1249	bu fiyata alınabilecek en güzel alet. kaçırmayın derim	1	1	1
1250	taksit desen mevcut.alacaklara güle güle ve iyi günlerde kullansınlar.	1	1	1
1251	ürün elime geçti..tahminimden daha iyi..boyutunun küçük olmasını eleştiren arkadaşların göz doktoruna gitmelerini tavsiye ederim.zaten sitedeki resimdede çok büyük olmadığı belliydi.	1	1	1
1252	çok iyi fiyat orjinal ürün ışık hızında kargo için teşekkürler	1	1	1
1253	yazıcımda ve okulumuzdaki fotokopi makinalarında sorunsuz kullanıyorum, yapışma olmuyor, kağıtların kesimi güzel, yazması sorunsunz. ve en güzeli evinize kadar geliyor. fiyat konusunda bu kalite için fazlasıyla ucuz. ambalajı plastik olduğu için dayanıksız oluyor ama bir defa açtığımda kısa sürede bitirdiğim için pek önemli değil bana göre. çekimden alın, fiyatı güzel kalitesi iyi	1	0	0
1254	oldukça güzel ve kullanışlı..	1	1	1
1255	kullanimi acisindan ve estetik duruşuyla gerçekten mükemmel bir ürün diğer kulaklıklarla uzaylı gibi görünüyorsunuz ve sarjida bayan uzun sure gidiyor düşme ve kaybolma riskide çok az	1	1	1
1256	ürünü çok beğendim,saçları yakmadan düzleştiriyor. saçlar yumuşak oluyor ,tek sıkıntı aynı gün yağlanıyor gibi olması. kaliteli ikinci ürünü hediye etmek için sipariş vereceğim.	1	1	1
1257	firma (codegen) ürünü zamanında kargoya verdi, ama yurtiçi kargo ürün uzun diye 2 gün teslimtı geciktirdi.	1	1	1
1258	ben tv olarak kullanmak için aldım fakat görüntüleri pek de tatmin edici değil.reklamlar da altta kayan yazılar geçerken arkasında iz bırakıyor.eski tüplü televizyonlar bundan kat kat daha iyi ama bu paraya ancak bu kadar iyi olur diye düşünüyorum.	0	0	1
1259	fiyatı biraz yüksek buldum daha önce hep buradan alırdım şimdi fiyat olarak yüksek ama yıkama sonucu cok iyi şimdi den teşekkürler hepsi burada	0	1	0
1260	arzum olup bu fi̇ata kali̇tesi̇z markalardan daha uygun bi̇r fi̇at kacirmayin deri̇m ben memnun kaldim tavsi̇ye ederi̇m alacak arkadaşlara.	1	1	1
1261	ürünün 30ml denemek icin yeni aldım 3 gundur kullanıyorum. parfumun orjinal oldugunu dusunmuyorum kalıcılıgı cok cok az. 3 saat sonra hıc bır sey kalmıyor! kesinlıkle tavsiye etmiyorum..	0	0	1
1262	fiyatına göre mükemmel ürün, tek sıkıntısı geç şarj olması.	1	1	1
1263	1 kg lık aldım 5kg lık ile aynı büyüklükte gönderilmiş ama içi boş 1kglık için gereksiz bir büyüklüğe sahip küçük(1 2 3 vb.) kilolarda alacaksanız tavsiye etmem	0	0	1
1264	baska kodlu bir ürün geldi,ancak özellikleri aynı,elektriğin sesi yetiyor zaten	1	1	1
1265	çok kalıtelı bır urun değil çok şey beklemeyın ıdare eder  iş görür.ama kokusu guzel   idare debilir denebeilir ama mucize değil kullanırken bır fırca ile kullanın	0	0	1
1266	kalıcılık olarak iyi değil fakat kokusu yaz için güzel. fiyat olarakta şu an indirimde olduğu için düşünülebilir. teslimat içinde ertesi gün siparişim elime ulaştı	0	1	0
1267	bu kadar güzel koku cağını beklemiyordum  gerçekten parasını hak eden bir parfüm	1	0	0
1268	telefonun  zil sesi ayar kademeleri yetersiz, son kademeye alınsada az zil sesi çıkıyor, telefon defterine kayıt için ekranda çıkan harfler net ve anlaşılır değil, ekranda biraz küçük.	0	0	1
1269	bekledigimden iyi çıktı.diger sitelerden alış verşi bıraktım.hepsi buradaya teşekkür ederim .	1	1	1
1270	şebeke sürekli gidip geliyor. internet çok sık kesiliyor. 4g çekmiyor. ilk aldığımda mobil ağ üzerinden google play üzerinden program indirmiyordu. servise gönderdim onu hallettiler ama hat hala sürekli kesiliyor.	0	0	1
1271	bazı olumsuz yorumlar yüzünden çok tereddütte kaldım. s4  5s yoksa s4 mini mi alsam diye çok düşündüm. s4 ler çok büyük geldi gözüme tek el telefonu değildi. 5s lerde kişiselleştirme ve sınırlamalar hoşuma gitmedi. s4 mininin fiyatının indirime girmesiyle bir heves aldım. diğer bazı arkadaşların batarya konusundaki memnuniyetsizliğini anlayamadım. telefon normal günlük kullanımda gayet 24 saat gidiyor. hatta bu süreyi aşabilir de ama ben beklemeden şarja takıyorum. dokunmatik hassasiyeti süper. fotoğraf çekimleri tatmin edici. wifi bağlantısı sorunsuz. kesinlikle öneriyorum.	1	1	1
1272	fare fiyatına göre fena değil. fakat bazen pilini çıkarıp takmak zorunda kalıyorum kendi kendine donuyor fare. duracell pil olmasına rağmen.	0	0	1
1273	mutfaktaki 24inç televizyonum için aldım. sorunsuz kullanıyorum	1	1	1
1274	görsel ve malzeme olarak çok basit duruyor, kullanım olarak bir sıkıntı yok.	0	0	1
1275	resimdeki gibi kesinlikle beklemeyin, urunu almamin amaci ananem gece kalktiginda bir yere carpmadan isigi acabilme fakat cok uzun sure isik vermedigi icin hic kullanisli degil malesef	0	0	1
1276	ürün harika	1	1	1
1277	resimden 1.5 metre boyunda ve tahta raflar gibi gözüktüğü için aldım fakat oldukça küçük ve metal  raflı olarak geldi. hayal kırıklığına uğradım açıkçası. eşime niyetlenmiştim, kızıma oyuncakları için raf oldu.	0	0	1
1278	ürünü aldım gayet şık led ışıkları da var ancak maalesef açma kapama düğmesi yok. yani fişini çekmediğiniz sürece beklemede ve ışığı yanıyor. bence sürekli veya çok çay falan içiyorsanız alın. sürekli sıcak durur. o yönden kullanışlı	0	0	1
1279	yeni aldım çok memnunum önceleri büyük masamı işgal ederdi  parçalar bozulmasın diye çok dikkat ederdim şimdi çok pratik hemensarıp açıveriyorsunuz tutturmalı lastikleriyle yeşil halısı , birde büyük plastik  rulo geliyor.tavsiye ederim	1	1	1
1280	eksileri :1- yan kıvrımları ben kendimden dolayı sanıyordum ama genel olarak herkez şikayetci kıvrımlar belli bir süre sonra açılıyor.	0	0	1
1281	güzel ve kaliteli	1	1	1
1282	sonuçta ürün orijinal geldi. yorumlarda şarj az tutuyor falan diyenler var, ne bekliyordunuz ki sanki sıfır aldığınız telefonların i̇çindeki bataryalar 2 gün gidiyor da?.. :)	1	1	1
1283	harika en yakin zamanda yine alicam...	1	1	1
1284	ürün kullanım olarak kolay yalnız ürün kendiliğinden yamuk ayarlı gelmiş olacak ki kesimleri eğimli olarak yapmakta. onun dışında işlev bakımından başarılı bir ürün	0	1	0
1285	kokusu hoş ancak kalıcılık yok. her sabah 18-20 kez fıslatıyorsun yine de nafile, şişe boşaldı zaten.  tıraş sonrası kullandığım losyonlar kadar (2-3 saat) kalıcılığa sahip. bu parayı hak etmiyor, daha kaliteli ürünler var.	0	1	0
1286	ürün gayet kullanışlı ele oturuyor .hepsiburadaya teşekkürler.	1	1	1
1287	verdikleri vidalar çıtaları çatlatıp kırıyor büyük geliyor ayakkabılık bekliyorsan yanılıyorsun ince küçük çıtalardan saçma sapan bişe paraya yazık etmez	0	0	1
1288	1 haftadir kullaniyorum. gozlemlemeye devam ediyorum. ancak kullanmaya basladiktan sonra banyoyu karincalar basti. takip edip tekrar yazacagim.	0	0	1
1289	her kapıya olmuyor maalesef. barfiks için alacaklar kapısını ölçsün	0	0	1
1290	mükemmel bir ürün olamaz böyle bisey boyutlar çok küçük ancak ses performansı çok etkileyici ...	1	1	1
1291	aldım, çok memnun kaldım. sonra bizde görüp beğenenler için de aldım :) 10 watttan bu kadar ışık nasıl çıkar anlamış değilim.	1	1	1
1292	vakumlayip bazaya yerlestirdik..daha sonra birde baktik ki  kendi kendine hava alip sismislerdi...tavsiye etmiyorum..	0	0	1
1293	hizli ve saglik ulasim icin tesekkrler hic sorunsuz aldim ürünü cok teşekkürler i̇lgi̇ni̇z ve alakaniz i̇ci̇n	1	0	0
1294	çok güzel ve kaliteli beyaz renkli olanı aldım çok memnun kaldım	1	1	1
1295	eşime yılbaşı hediyesi aldım ve sonucu oldukça başarılı buldum.geçen gün kız kardeşime de almaya karar verdim yanındaki hediyesi çok avantajlı olmuş.	1	1	1
1296	ürün elime sorunsuz bir şekilde ulaştı, fotoğrafta göründüğü gibi teşekkürler..	1	1	1
1297	ilk başta tereddütüm verdı ama aldıktan ve kullanmaya başladıktan sonra öyle olmadığını gördüm. gönül rahatlığı ile alıp kullanabilirsiniz. yalnız kutunun içinden çıkan küçük aparatları duvara matkap ile tutturup vidalayın daha sağlam olduğunu göreceksiniz.	1	1	1
1298	5 üzerinden 4 veririm.	1	1	1
1299	10 gün oldu hâlâ gelmedi. sizden alışveriş yapmanın bi anlamı kalmadı	0	0	1
1300	çok kaliteli birşey beklemeyin, nerde ve nasıl kullanacağınıza göre değişir. ufak bahçeler ve çiçek sulaması için ideal olabilir. biraz daha büyük ve meyve sebze bahçeniz filan varsa yeterli olmayabilir. tabancası çok iyi yalnız, o oldukça kullanışlı.	0	1	0
1301	*tekerleği biraz dandik gibi. tuhaf dönüyor alışamadım.	1	0	0
1302	evet ürün kapı altından gelen soğuk havayı kesiyor, ama mükemmel bir yalıtım yaptığını söylemek zor. montajı i̇çin kapı ölçüsüne göre kesmek yeterli. ama ürünün i̇çindeki süngerler boru gibi i̇çi boş. i̇çleri dolu daha kaliteli sünger kullanılsa daha etkili olacağını düşünüyorum. ama sonuç olarak i̇ş görür...	0	0	1
1303	gerçekten hızlı bir şekilde şarj ediyor ama eli yakacak derecede fişe taktığım zaman ısındı gerçi her şarj aleti ısınıyor ama bu çok ısındı ben alır almaz power bankımı şarj ettim onda çok sıcak oldu ama hemende doldurdu telefonum samsung galaxy s3 şarj ettim onda normal derecede ısındı power banktakı gibi eli yakacak derecede ısınmadı ve kargo 24 saat içinde bana ulaştı	1	1	1
1304	diyorsunuz kitabın sonunda	1	0	0
1305	güzel bir çay pişirme robotu,aldıgım itibaren kullanıyorum harika çay demliyor,kullanımda çok güzel herhangi bir arıza vermedi bu güne kadar düşünenlerin almasını tafsiye ederim,ben kullanıyorum çok çok mennunum.	1	1	1
1306	fi̇yatina göre uygun bi̇r ci̇haz.diş gövde plasti̇ği̇ bi̇raz sert olmali.çok esnek.montaj deli̇kleri̇ yumuşak plasti̇k olduğu i̇çi̇n takilan vi̇da plasti̇ği̇ çabuk deforme edebi̇li̇r.uzun süreli̇ kullanimda yada başka bi̇ yere montajda  bağlanti yuvasi sorun olabi̇li̇r.ama fi̇yatina göre kullaniciya cevap veren bi̇r ürün. i̇ş görüyor.3 kademe isitma da ayrica yeterli̇.	0	0	1
1307	5tl lık bi ürünü bi daha iade edip bi daha sipariş vermek istemedim artık çünkü bir an evel kullanmam gerekiyordu. henüz uygulamada bir sıkıntı yaşamadım ama bozulduğunda bunu nasıl iddia edebilirim bilmiyorum elimde ne garanti belgesi var nede başka bir dayanak!..	0	0	1
1308	piyasadaki çakma ve versiyon urunlerden cok cekmis biri olarak tedirginlik icerisinde siparisimi verdim. fakat note 4 kutusundan cikan sarj cihaziyla ayni oldugunu gorunce ve sarj etme hizininda gayet iyi olusuyla size de almaniz yonunde tavsiye ederim. ürünün kendine ait bir kutusu yok kilitli poset icinde geliyor. kutu olarak da hepsi burada kutusu icerisinde geliyor. ama kesinlikle tatmin edici bir ürün.	1	0	0
1309	ürünün tedarik biraz gecikti ancak duracell piller içerisinde güvenerek alabileceğiniz en iyi pil diyebilirim.mausem için aldım. bu tarz cihazlar için aaa piller içerisinde en uzun süre gideni de duracell	1	1	1
1310	arkadaşın bebeğine almıştık gayet memnun kaldığını belitti.	1	1	1
1311	ses sorunu da yok (ayakları masaya tam oturursa)	1	0	0
1312	küçük top patlak geldi,büyük top da çok fazla esniyor..diğer ürünler iyi	0	1	0
1313	i̇lk giydiğim gün parmak arası kısmı esnedi ve uzadı. az kalsın ayağım bilekten burkulacaktı. daha önce kullandığım mantar modeli daha dayanıklı bunu tavsiye etmem. şimdi iade etmeye çalışıyorum	0	0	1
1314	ürünü 15 dakika ısıttığım halde fazla ısınmıyo ve çok pis bir koku geldi ve antrikotu içine koydum ve yeterince de ısınmadı eti lezzetli pişirmedi zannedersem tavanın malzeme kalitesi çok düşük kesinlikle tavsiye etmiyorum	0	0	1
1315	urun elime 48 saatten önce ulaştı.oldukça güzel.kalıbı dar .fakat sağlam bi urun. kızım 35 numara giyiyor.35,38 no da urun aldık.kizima oldu fakat ablasının numarası 36 olmasına rağmen sıktı.almak isteyenler kalıbın dar olduğunu bilerek alsınlar. urunden memnunuz.teşekkürler hepsi burada....	1	1	1
1316	harika bir telefon. uzun uzun araştırıp aldım. yeni olduğu için yoğun bir şekilde kullanmama rağmen pili rahat 1 gün gitti, normal kullanımda 1,5 gün sorunsuz çalışıyor. ekranı ve performansı kusursuz. herkese tavsiye ederim.	1	1	1
1317	şarjı çok kısa süre gidiyor.	0	1	0
1318	ilk kullanımlarda iyi gibi gözükmekle birlikte zamanla kalitesiz bir ürün olduğunun farkına varıyorsunuz. en fazla güç binecek yerlerde bile demir yerine saç kullanılmış ve 1 sene sonunda kesinlikle elinizde kalıyor. biraz daha paraya kıyın ve daha güçlü ve kaliteli bir motor alın derim.	0	1	0
1319	çok tuhaf bir kokusu var normal bir insanın kesinlikle begenmegecegi bir koku	0	0	1
1320	kendisi büyük ve görüntüsü çok kaba	0	1	0
1321	6 aydır galaxy ace kullanıyorum. tavsiye edebileceğim bi telefon değil ,	0	1	0
1322	kali̇te belli̇	1	1	1
1323	54 tl	1	1	1
1324	ürün 1,5 günde lime ulaştı.çok güzel ve şık bir görüntüsü var.sıcaklık ölçümleri doğru evdeki civalı termometre ile kontrol ettim.kesinlikle tavsiye ediyorum.sadece bebek odaları için değil diğer odalarda kullanım için de çok güzel.	1	1	1
1325	çok güzel orjinal herkese tavsiye ederim hafif ve kalıcıkta iyi bir parfüm gün boyu üzerinizde kalıyor şu ana kadar hiç kötü bir yorum almadım bu parfümden	1	1	1
1326	i̇lk defa ürün aldım.	1	1	1
1327	çocuk oyuncakları çok pil harcıyor. bunlara normal alkalin piller bile sadece birkaç gün dayanırken duracel haftalarca gidiyor ve kendi kendine bitmiyor. akmaması ise sağlık açısından çok önemli.	1	0	0
1328	30.11.2015 te oğluma mettrest milky pulus visko yatak aldim ilk günlerde rahatı bir kac ay sonra cökmeye başladı şu anda oğlum yatamıyor kalkınca heryerinin ağrıdığını söylüyol birde yatağın kılıfı bir acayip esnedi süngerden ayrılmış gibi oldu visko yatakları çok güzel olduğunu söylüyorlar ama inan mayın kulanan kımseler bir süre sonra pişman oluyorlar.ben hiç memnun kalmadın bir sene olmadan şimdi tekrar yatak  alacağım birde 10.yıl garantisi var diyorlar varmı bilmem.	0	0	1
1329	kenarlarda egılme bukulme yok. gercekten guzel urun.	1	1	1
1330	logitech kalitesini uygun fiyat ile birleştiren bir ürün.  küçük boyutları masanızın üzerindeki hareket alanını genişletiyor. uzun pil ömrü de cabası. daha ne olsun...	1	1	1
1331	tutma yerindeki bant hemen soyuldu..ama yinede küçük bir aktivite için iş görür, kargo hızlı	0	0	1
1332	hepsiburada dan aldığım ürün gerçekten mükemmel çıktı...	1	1	1
1333	abi bu fiyata kaliteli bisey diye aldım ama sivilce yapıyor güneş kremiyle uzaktan yakından alakası yok....	0	1	0
1334	aldığıma değdi. güzel	1	1	1
1335	çok memnunum. rahat tıraşımı. oluyorum	1	1	1
1336	ye olarak aldım zincir çok kısa geldi bana boyuna yapışacak gibi 40 cm zincir. bilmiyorum verdiğim kişide nasıl olacak . ceylan gibi boyun lazım :)	0	0	1
1337	ben tavsiye etmem inanılmaz ağır ve çevredekiler bu ağır koku dan rahatsız oldular.fiyat olarak tabiki uygun denemeden almayın derim ama...	0	0	1
1338	ürünü 31/10/2016 da sipariş ettim ürün bana 9/11/2016 da ulaştı. geldiği gün şarjı sondaydı ve kırmızı yanıyordu ona rağmen rahatlıkla traş oldum. 4  günlük sakalımı rahatlıkla traş etti. herhangi bir yanma veya tahriş yapmadı. eski makinem 4000 serisi 4745 ti. 10 seneden fazladır kullanıyordum ama artık yenileme vakti gelmişti. çok araştırmalarımdan sonra bu makineyi aldım. ve tavsiye ediyorum gayet kullanışlı ve hakkını veren bir makina.	1	1	1
1339	hem çok uygun fiyatlı, hem de çok güzel ve kalıcı	1	1	1
1340	başka bez kullandığımız zaman çocuğun popo perişan;) o yüzden fiyat iyi ;)	1	1	1
1341	ürün diğerlerine göre çok ergonomik.ucuz oyun koluna paranızı kaptırmayın.plastiği kaliteli eldee tutuşu güzel.kablosuz oluşu on numara ve ayrıntı ön alt tuslar feedback hassasiyetli	1	0	0
1342	beden xxl ama l'den bir farkı yok	0	0	1
1343	evimdeki kullandığım aspiratörü gürültüsü nedeniyle söküp atmıştım. uzun süredir de araştırıyordum. hem fiyatı makul olmalıydı, hem de çok sessiz... kuger d8 de karar kıldım ve internetten sipariş verdim. yaklaşık ürün 3-4 gün sonra geldi ve takıldı. 3-4 gündür de kullanıyorum. 1,2 ve 3. kademede süper sessiz.. 4. ve 5. kademede gürültü seviyesi artıyor ama bu cihaz en ağır duman çıkaran kızartmalarda bile 3. kademe yeterli gelir de artar. teşekkürler kugerr...	1	1	1
1344	köpük 30 saniye sonra kayboluyor ama...	0	0	1
1345	bir süre önce aldım. sivri sinekler üzerinde uçuşuyor.hiç bir faydası yok.	0	1	0
1346	sadece parke fayans gibi düz yerlerde kullanın	0	1	0
1347	bu fıyata bu urun olurdu	0	1	0
1348	kurulumu basit , ama görüşnüşüne aldanmayın çok ince ve dayanıksız gibi görünüyor	0	0	1
1349	brut ü ilk defa çocuken babam kullanırken görmüştüm, o günden bu güne o koku beynimde yer etmiş fakat üründen ben pek memnum kalmadım bana çok ağır geldi kokusu, bu kadar ağır olduğunu hatırlamıyordum doğrusu.	0	0	1
1350	philips kalitesi tartışılmaz.  ütüde tek marka philips.	1	0	0
1351	ürün fotoğraftaki gibi değil, montaj kılavuzu yetersiz. özensiz bir ürün. hepsiburada.com sayesinde kolay iade ettim. hb ailesi müşterinin yanında olması çok güzel.	0	1	0
1352	2.5 yaşındaki kızım için aldım  ürün kaliteli fakat oturagı alçak olduğu için  pedalları kullanamadı malesef	0	0	1
1353	oğlumu kaşındırdığı için 2 adet kullanabildim..	0	1	0
1354	yaklaşık 2 yıldır kullandığım çok başarılı bir ürün. 18-135 stm lens tercih edilmeli	1	0	0
1355	tek sıkıntısı baş aşağı sıkılamıyor ve içinden uzatma çubuğu çıkmıyor.	1	0	0
1356	bu ürünü yaklaşık 6 aydır kullanıyorum. nokia yapmış yine yapacağını güzel ve hoş telefon. ayrıca dokunmatik telefon hassas olur görüşünü de yanıltıyor. sağlam ve bir o  kadar da akıllı. birkaç kez yere düşürmeme rağmen diğer nokia telefonlar gibi sağlam yapılmış dokunmatik olmasına rağmen. ben pahalı almıştım ilk çıktığında bu fiyata hiç kaçırılmaz bence. saygılar.	1	1	1
1357	henüz kullanım şansım olmadı ama şu ana kadar ki gelişmeler çok olumlu.	1	1	1
1358	ürünü farklı markalarda denedim fakat bu ürünü başarılı buldum. tavsiye edilir	0	1	0
1359	ürün çok güzel su tasarruf yapıyor ama, kullanırken fıskiyeli olmasından dolayı,  etrafa çok su sıçratıyor.	0	1	0
1360	uzun süre evde düşündüğüm konuma uygun olan bir barfiks aradım ancak uzunluk ve ekler bakımından	1	1	1
1361	bu tip ürünlerden kullanmayarak tasarrufu baştan yapmış olursunuz...	0	0	1
1362	ofisimdeki telsiz telefona taktım kullanıyorum. geldiğinde içi yarım doluydu şarja takıp ertesi gün kullanmaya başladım. bütüngün elimde şarjda azalma olmuyor.	1	0	0
1363	hem renkliler hem beyazlar için çok memnunum lekeleri çıkarmada çok başarılı bir ürün.	1	1	1
1364	ürün çok küçük, hadi küçüklüğünu geçtim.	0	0	1
1365	verilen paraya yazık telefonun ekranına tam olmadı memnun değilim gereğinin yapılmasını istiyorum yine kargo berbat	0	0	1
1366	sokaktaki canlar için almıştım severek yiyorlar hemen elime ulaştı çok memnunum	1	1	1
1367	fiyatina gore iyi ama kalite bakimindan okadarda iyi degil daha kullanisli olabilirdi	0	0	1
1368	kampanyaya dahil olan yedek siyah kartuşu çok büyük avantajdı. bir adet de renkli kartuş ben aldım. uzun süre sorunsuz kullanabileceğim bir yazıcım oldu. herkese tavsiye ederim.	1	1	1
1369	fiyatına istinaden çok kullanışlı ve çok iyi...	1	1	1
1370	killari kırıyor yada almadan geciyor almayin	0	0	1
1371	harika iyiki almisim 1 gunde elime ulasti bence hic dusunmeden alin yumusacik yapiyor saclari.. tesekkurler hepsiburada.com	1	1	1
1372	arkakaşlar orjinall harika ürün fakat yurt içi kargodan kargo yapmayın ist içi 3 günde zor teslim aldık hatta kargo getirmedi biz gittik aldık	0	1	0
1373	i̇le için şirket almış kullaniyorum ama dokunmatiği resmen parmak vurma dokunma değil o zaten telefondan insanı soğutuyor bu çağda dokunmatik değil vurmaktık telefon isteyen alabilir	0	0	1
1374	başlıktan da anlaşılacağı üzere kokusu çok rahatsız edici-ki öyle herşeyin kokusunu da alabilen biri değilimdir-.bedeni de küçük oluyor.	0	0	1
1375	bu sabah viscoları kılıfından çıkardım, balkonda havalandırıyorum, umarım o koku kaybolur gider. yoksa öyle bir kimyasal kokuyla geceyatılmaz.	0	0	1
1376	sar değeri (vücut) --&gt; 1.170 w/kg (10g) ( fakat, vücut sar değeri çok yüksek. zaten yasal sınır 1.6)	0	0	1
1377	kitap baslangic olarak merak uyandirici fakat ikinci kisimda yogun betimlemeler ayrintilar beni biraz rahatsiz etti acikcasi.yorumlara bakip almistim.bence fazla puan alan bir kitap..	0	0	1
1378	ürünü alalı 10 gün oldu.yeni bebeğim olduğu için yürüyüşe çıkamıyorum,bu ürün tüm ihtiyacımı karşılıyor.sessiz,kaliteli,kurulumu kolay,kullanışlı. siparişten sonraki 2.gün elime ulaştı.kargo görevlileri 4.kata çıkarmak istemediler yalvararak çıkarttırdım.tek sıkıntı kargo.tavsiye ederim.	1	1	1
1379	samsungun çok telefonunu kullanmış biri olarak bu telefon hepsini sollar diyorum. hızı olsun kapasitesi olsun tek kelimeyle mükemmel ben telefonu 3 gündür kullanıyorum ve çok memnunum. özelliklerinde radyo yok yazmışlar ama radyosu var. pili rahatlıkla 1,5 gün gidiyor. fiyat performans olarak son derece uygun çift hatlı olması da güzel. alacak arkadaşlar varsa tereddüt etmeden alın derim...	1	1	1
1380	performansta bişey hissetmedim	0	0	1
1381	kirlenmiş plastik yüzeylerde işe yarıyor ve yine ufak tefek döşeme lekelerinde de sonuç veriyor ama profesyonel bir ürün değil.her tğr leke üzerinde etkili değil.	0	0	1
1382	çok güzel çok kullanışlı, bana ulaşınca hemen kurdum, takması çok kolay 10 numara ürün her kapıya uyum sağlayabilir.benim gibi vücut geliştirme ile uğraşanlar daha çok sever. sırt,omuz,arka kol egzersizleri için çok ideal bir şey, antreman yapamadığınız günlerde açığınızı bununla doldurabilirsiniz.	1	1	1
1383	ürün i̇yi̇ fakat soğuk oluyor i̇stedi̇ği̇n kadar isit, sütü isitmak ayrica bi̇r uğraş alani tad olarak çok i̇yi̇ deği̇l bütün kahveler 3ü bi̇r arada gi̇bi̇ yapiyor tad farki yok	0	0	1
1384	kapılara sığmadı bize biraz uzun geldi,fakat 1.60 cmlik koridoruma oldu cok rahat kullanıslı sağlam verilen paraya deger konforlu demir biraz agır , 4 5 kilo cıvarı sabitleyebiliyorsunuzda aparatları var yanında 2 ürünü uzatmak için delta yazan yerlerini döndürmeniz yeterli	1	1	1
1385	beklediğimin altında bir performans.fiyata göre hayal kırıklığı.	0	1	0
1386	arkadaşlar ürün orjinal değil kabloyu elinize aldığınızdan itibaren bunu anlayabiliyorsunuz.	0	0	1
1387	plastik olmasına rağmen  ürünün işlevi güzel mükemmellik arayanlar için bu ürün yeterli gelmeye bilir.ve ebatı biraz daha büyük olabilirdi.benim için yeterli şuan.	0	1	0
1388	ürün sipariş verdiğim günün ertesi günü elime ulaştı.hızlı kargo için teşekkürler.	1	1	1
1389	ürün güzel fiyat olarakta iyi tavsiyye ederim	0	1	0
1390	dreamstar düzeltirseniz yanlış olmuş	0	0	1
1391	kış sertifikalı bir lastik. bu yüzden ses yapmasından endişeleniyordum almadan önce. ama hiç ses çıkarmıyor. yol tutuşunun test ettim süper. hepsiburada.com lastik servisinden hemen randevu alıp aynı gün taktırdım. (lastik montajını yapan da güleryüzlü ve yetkin bir ekip). verdiğim 5 yıldız hem nokian'a hem de hepsiburada.com lastik servis ekibine...	1	1	1
1392	benim evde cok işe yaramadı	0	0	1
1393	arkadaşlar counter strike oyuncusuyum algılaması çok yavaş kesinlikle oyuncu mouse değil	0	0	1
1394	henüz dün aldım ürünü ve 2 günlük sakalımı traş ettim. çok başarılı. kuru traş olmama rağmen hiç tahriş etmedi. bir sonraki sefere 5-6 günlük sakalımı traş edeceğim. bakalım uzun sakalda nasıl sonuç verecek. kesinlikle tavsiye edeceğim bir ürün.	1	1	1
1395	çok keyif alarak okuduğum bir kitap oldu. daha sonra filmini de izledim ama kitabı bana daha güzel geldi.	1	1	1
1396	kalitesiz. cok basit ve boyut olarak cok kucuk	0	0	1
1397	ürün biraz büyük ve 220 volt ile çalışıyor.pille de sürekli çalışabilse daha iyi olurdu.	0	1	0
1398	hızlı kargo, güzel ürün tavsiye ederim ...	1	1	1
1399	dört mevsimin yaşandığı, onlarca farklı kültüre ve sahipliği yapan bu güzel ülkede doğduğum için şanslı olduğumu düşünürdüm hep.bu kitabı okuduktan sonra bu  ülkede kadın olduğum için şükrettim.çok etkilendiğim ve elimden bırakamadığım bir kitap. okurken içiniz acıyor...	1	1	1
1400	yazma hızı: 25.51 mb/s	0	0	1
1401	soyadı kohen ile biten hiçbir şeyin kullanılmaması okunmaması gerekmektedir. i̇nsanlık için.	0	0	1
1402	telefonunuz kaliteli ve aynı marka değilse uyum sağlayamıyor, bence sesler çok karışıyor.ama uymlu cihazla kullanılırsa gayet iyi.üç adet düğmeye 15 fonksiyon eklemişler gayet güzel olmuş.	0	0	1
1403	çarşamba sipariş verdim cuma günü kargo elime ulasti henüz denemdim ürünü. hizligonderi için teşekkürler	1	1	1
1404	ürün anlatıldığı gibi çıktı teşekkür ederim	1	1	1
1405	ürünüm elime ulaştı gayet herşey normal teşekkür ederim üründen memnun kaldım	1	1	1
1406	verdiğim paraya yazık i̇yi göründüğüne bakmayın almayın...	0	0	1
1407	parlak ama gözü yormayan ışık vermesi, şık duruşu açısından mükemmele yakın.	1	1	1
1408	fiyat kalite dengesi ile başarılı bir ürün. kargo hızı memnun edici.	1	1	1
1409	evet ürünün kokusu gerçekten çok güzel. ve insanın etkilenmemesi olağan dışı. sentetikle bezenmiş şu fresh kokunun kalıcılığından bahsetmek ise gereksiz. arkadaşlarınızın bileğine sıkarsınız onlarda aaaa güzelmiş derler. tek artısı bu.	0	1	0
1410	6 aylık bir telefonda böyle bi sorun olmaması lazım , vereceğiniz paraya yazık olur tavsiye etmem kimseye	0	0	1
1411	ürün sade, şık ve ergonomik. lakin sanki minyatür evler için yapılmış. arkadaşom şu ürünün derinliğini 16cm kapı için yapmak nedir? kapıma uymadı kullanamıyorum!	0	0	1
1412	ne yazıkki ben pek faydasını göremedim.	0	0	1
1413	klişe bulanlara hayret ettim doğrusu.bittikten sonra 3-4 gün kitabı aklımdan çıkaramadım.yazarın diğer kitaplarını da istedim hemen. hepsiburadaya teşekkürler	1	0	0
1414	malzeme kalitesi iyi değil plastiği kokuyor.kullanmaya başlamadan önce bir kaç kez kaynatıp boşaltık suyu	0	0	1
1415	resımdekı gıbı hava cıkısı yok tutma yerıyok banagelenın  urun fena degıl	0	0	1
1416	ürün elime geçeli 1 hafta oldu. bilgisayara veri girerken  hızlı olmasının yanında iki disk arasında veri aktarımında da çok hızlı. kesinlikle tavsiye edebilirim.	1	1	1
1417	piyasadaki 9,25 tl. fiyatı daha uçuk ürünlerden hiç bir eksiği yok hatta çift katlı bilek kısmı olması avantaj bile sayılabilir.ayrıca baş parmak arkasına ter silmek için konulan ufak bez bile epey iş görüyor	1	0	0
1418	cekis gucu icin olumsuz birsey diyemem. ama ses felaket. gercekten cok rahatsiz edici.	0	0	1
1419	çok güzel ve kalıcı bir koku kesinlikle kullanılmasını tavsiye ediyorum:)fiat olarakta çok uygun parfümerilerde bu fiatın iki katı..kendinizi bu kokuyla daha fazla kadınsı hissedeceksiniz:))	1	1	1
1420	tostu harika bi şekilde yapıyor lakin balık konusunda iyi degil. alınırmı, kullanılırmı bana göre kullanılır	1	0	0
1421	önce hepsi burada coma tşk.siparişi verdikten sonra anbean takip ettim elime dedikleri sürede ulaştı.ürüne gelince görselde normal boyutta bir saat olarak görünüyor ama bi aldım oyuncak gibi ben beğenmedim 14 yaşındaki oğluma verdim görsel olarak gzl değil başka bir sorun yok tabi bence iyi alışverişler	0	0	1
1422	motorun daha sessi̇z ve rahat çalişmasini sağliyor. yağ sarfi̇yatini engelli̇yor. arabam sifir km de i̇ken kullanmaya başladim.üsteli̇k burada fi̇yat çok uygun.	1	1	1
1423	ben ürünü 1 senedir kullanıyorum. sorun yok fakat soğuk su kapasitesi yetersiz sanirim, bi kac bardak su aliyosunuz ve hemen ondan sonrakiler ılık geliyor. ve cok az akıyor! yavaş yavaş dolmasini bekliyosunuz bardağın bilginiz olsun.	0	1	0
1424	kesinlikle bu fiyata mükemmel bir ürün ...	1	1	1
1425	i̇şe yarıyor. yeter ki kullanmadan hemen evvelinde ayakkabımıza sıkın ve ardından giyin. bir kaç gün kullandıktam sonra etkisi kendini göstermeye başlıyor.	1	1	1
1426	kaçırmayın; araçta ve evde sorunsuz kullanabileceğiniz mükemmel bir ürün...	1	1	1
1427	bu arada telefona rehber kopyalamak turkcellle ne yazık ki mümkün olamadı benim için. önceki telefonumdan rehberimi yedekledim ama kendim s3600a yükleyemedim. bir bayiye gidip yardım istedim ve uğraşmalarına rağmen yapamadılar. çok uzun bir rehberiniz varsa bunu göz önünde bulundurmanız ve gsm operatörünüzle görüşmeniz faydalı olabilir.	1	0	0
1428	ürün bekledigimden de kısa bir sürede geldi bu konuda hepsiburada.ya teşekkür ederim.	0	1	0
1429	farklı markalardan bir çok parfüm kullandım. kalıcılık konusunda bi yorum yapmışlığım yok. ama bu parfüm kolonya kadar durmuyor. kokusu gayet iyi ama ne kadar sıkarsan sık 2 saat sonra hiç bir şey kalmıyor. burnun yapıştırıp koklasam kokusu gelmiyor.	0	0	1
1430	ürünler tek tek iyi olsa da set olarak verilen seriler birbirinden farklı.	0	1	0
1431	ürünü 2-3 haftadır kullanıyorum. cama gayet iyi yapışıyor. bazen bozuk yollardan gitmeme rağmen hiç düşmedi, sarsılmıyor, ses yapmıyor. telefonu da iyi kavrıyor. memnunum.	1	1	1
1432	ben çocukluktan beri bu kalemi kullanıyorum çok memnunum ayrıca fiyatta çok uygun. tabiki markada faber castell olunca insanın kullanışlı olmamasını düşünmesi imkansız tavsiye ederim çok kullanışlı ayrıca lastiğide elinizin acımaması için çok  güzel..	1	1	1
1433	tam ortasına bir destek konulsa daha iyi olurdu çocuk ayağa kalkınca yırtılcak gibi duruyor çok esniyor.	1	0	0
1434	bu urun tek yapmasi gereken is olan toz cekme isini yapamiyor. zaten urunun kafasini cikarip avuc icinizle ucunu kapatsaniz cekmedigini gorceksiniz. ama bana sunu sorarsaniz, bu urunun hic iyi bir tarafi yok mu. var tabii. hic bisey cekmedigi icin inanilmaz seslz calisiyor. sahsen gecenin 12sinde calistirabildim makineyi. nasil olsa yerdeki ekmek kirintisini veya saçı bile çekmediği için sessiz çalışması normal	0	1	0
1435	arkadaslar ürün güzel düşünülmüş ancak baskı da kesme izleri var yakından bakılınca görülebiliyor buna solvent makine baskısı derler iç mekanlarda latex baskı kullanılır işçilik sıfır dış mekan ile basılmış iç mekan ürünü kalitesi çok düşük ama bu fiyata budur ayrı mesele  .	0	0	1
1436	i̇ade işlemi gerçekleştireceğim. oldukça küçük parçalar.	0	0	1
1437	kedim beğenmedi yemedi hiç. sokaktaki kedilere verdim onlar bile yemedi mamayi. ayrica cok kötü bir kokusu var beğenmedi hayvanlar mamayı	0	0	1
1438	çok büyük kontrolü zor geldi bana. belki de bundan bir önceki mousem a4 tech in notebook mouse sine alışkın olmamdandır. bazı fps oyunlarında mouse sapıtıyor kendi kendine dönüyor. hoşuma gitmedi yani	0	0	1
1439	bu fiyata marka menzil arttırıcı bulmak imkansız. evde internetin az çektiği odalar varsa bu cihazı alıp merkezi bir yerde fişe takın, kolayca kurun ve sorununuz çözülsün. bu fiyata kaçmaz.	1	1	1
1440	taşımak için biraz   ağır ama  çok iyi	1	1	1
1441	uzun zamandır civalı termometre kullanıyordum ve sürekli bi yerlere takılıyor temizlemekle uğraşılıyor ve kötü bir görüntü oluyordu.	1	0	0
1442	sipariş 23.12.2016'da verildi, 28.12.2016'da ankara'ya teslim edildi. (süper hızlı gerçekten). kartı sony as50 aksiyon kamerasında kullanıyorum. sıkıntısız.	1	0	0
1443	ben çörek otu öğütmek için aldım haznesi oldukça küçük.çörek otlarını un haline getirdi. eksik yönlerine gelince haznesi çıkmıyor hatta bıçak kısmında kalanlar oluyor yani tek şey için kullanılabilinir. kapağı açtığınızda yarısı yere dökülüyor.basma düğmesi kapakta yer alan küçük plastik bir çubuk.yanlışlıkla başka tarafa doğru yerleştirmeye kalkarsanız kırılma ihtimali çok yüksek. gönderen şirket çok hızlı gönderdi.	0	0	1
1444	i̇ki kişi için en ideali ve en uygun fiyatlısı.	1	1	1
1445	ürün orji̇nal.faturda ürünün adi beli̇rti̇li̇yor.gayet başarili bi̇r satici.kargolama ve tesli̇mat süresi̇ bekleneni̇n üstünde.mdi̇ bi̇lgi̇sayara teşekkürler.	1	1	1
1446	ürün beklenti̇mden daha i̇yi̇ ..tşk.ler	1	1	1
1447	ama bu ürünü günlük, mutfakta birşeyler yedik, kırıntıları alalım tarzında kullanamazsınız.	1	0	0
1448	ürünü çok güzel kullanışlı ben aldım kullandım çok memnunum	1	1	1
1449	güzel bir rimel ama beklentiyi fazla yüksek tutmamak gerekiyor. daha önce max factor rımellerini kullanmamıştım denemek için almıştım ama güzel ve dolgun kiprik isteyen arkadaşlara maybelline ürünlerini tavsiye ederim.	0	1	0
1450	esıme almıstım gercekten guzel bır parfüm	1	1	1
1451	telefonla birlikte gelen android lollipop güncellemesini sakın yapmayın zira yaptıktan sonra 3g hızında internet diye birşey kalmıyor lenovo yazılım altyapısını tamamlamadığı için problem yaşayabilirsiniz onun dışında güzel telefon şarjı çok iyi gidiyor.	0	1	0
1452	fena değil, ancak daha bilgisayara takıp çıkardığımda, usb konnektörünün tutulduğu yer çıktı. ben de yapıştırdım öyle kullanıyorum. ofiste kullanım için aldığımdan, işimi görsün yeter diye düşünüyorum.	0	1	0
1453	daha önce (2 yıldan beri marka vermiyecem,) kullandığım adaptör le modemin yanında 2-3  ender olarak  4  diş alıyordum sinyalleri. bu durumda sayfaları açarken haliyle bi yavaşlava olabilir  diye  düşünüyordum. bu  ürün 24  saatte  elime geçti. eski adaptörü söktüm	1	1	1
1454	samsung garantisi verilmesi ve fiyatınında nispeten uygun olamsı büyük avantaj. telefonu 3 haftadır kullanıyorum, kaliteli ve hızlı olduğunu gördüm. yapısı çok ince ve zarif. bayanlar için ideal görünüyor. mutlaka kılıf ile kullanılmalı	1	1	1
1455	alirken cok da emin olarak almamistim ama cok kaliteli bir urun geldi....	1	0	0
1456	açma kapama düğmesi için 2 defa tamire gönderdim.çok sık bozuluyor.randımanlı değil.	0	0	1
1457	koku yapıyor ısıtmıyor ucuz diye almaya gerek yok ben iade ettim	0	0	1
1458	ürün resimdeki gibi dolgun renkte gelmedi, rengi biraz daha açık geldi.	0	0	1
1459	arkadaşlar telefongüzel fakat seste biraz sıkıntı var az çıkıyo	1	0	0
1460	ürün çok iyi bıraksam lastiği patlatana kadar şişirecek gibi üstünde düğmesi olması iyi, sesinin de az olması cabası, lastiği inenleri kesinlikle yolda bırakmaz, tavsiye ederim. hepsiburada ya teşekkürler.	1	1	1
1461	telefon 1 günde teslim edildi. 10 gündür kullanıyorum, çok güzel telefon. 64 gb hafıza olması büyük kolaylık.	1	1	1
1462	pazar gece 12 de si̇pari̇ş verdi̇m, çarşamba öğlen 12.25 i̇ti̇bari̇yle i̇zlemeye başladim. görüntü güzel, kanal geçi̇şleri̇ normal. ses kali̇tesi̇ yeterli̇ düzeyde. i̇nternete kablolu bağlanip kullanilabi̇li̇yor. türk markasi, fi̇yati alinabi̇lecek sevi̇yede. çok düşünmüştüm. i̇yi̇ ki̇ boşa yüksek meblağlar vermemi̇şi̇m yabanci markalara. umarim sorunsuz bi̇r şeki̇lde geli̇p kurulduğu gi̇bi̇ de i̇zleri̇m. tavsi̇yem alinabi̇lecek bu fi̇yata en i̇yi̇si̇.	1	1	1
1463	kitap elime çok hızlı ulaştı bu konuda teşekkür ederim mükemmel notunu veririm.	0	1	0
1464	guzel kokan acik parfumlerden farki olmayan kaliciligi sifir .almayin kesinlikle	0	1	0
1465	overlocku biraz zayıf ve halıya göre parlak renk iple olması dışında güzel.	1	0	0
1466	ultra kadınsı, çok iyi bir projeksiyon ve mükemmel uzun ömürlü.	1	1	1
1467	ürün çayı güzel demliyor tortu çabuk oturuyor dibe ama ocakta kulpları tutmak mesele birde su çabuk kaynadığı gibi çabukta soğuyor,	0	0	1
1468	ürün belirtilen özelliklerde degil...yüklenen proğramları çok yetersiz ve kullanışsız bir ürün..	0	0	1
1469	"yıllardır gilette mach 3 kullanıyorum. bıçak sayısı 3ten 5e çıkınca ve bu kadar ""yeni teknoloji"" reklamı, beklentiyi arttırıyor haliyle. ilk kullanım izlenimlerime göre, kesinlikle mach3 e göre üstün değil . traş makinası daha ağır ve hantal. favorileri düzeltmek daha zor. traş sonrası cildim yanıyor. açıkçası hayret ettim. hayal kırıklığı yaşıyorum."	0	0	1
1470	daha önceleri en yakın rakibi olan markanın bir ürününü kullanmış hiç memnun kalmamıştım. çizik ve tahriş yüzünden de birdaha mı asla demiş olmama rağmen, jilet ve köpükle uğraşmaktan bıkıp yorumlara güvendim ve aldım. acemiliğim sebebiyle jilet ve köpükten daha uzun sürdü ilk traşım, ancak bukadar sürtünme ve uğraşmama rağmen ne bir çizik ne bir kızarıklık. cildim çok hassastır, bende bile tahriş yaratmadıysa gönül rahatlığıyla alıp kullanabilirsiniz. pişman olmayacaksınız, jilet ve köpükle geçen günlerime acıdım, meğer traş ne kadar rahat ve kolaymış. fiyat olarak hbdan daha hesaplısı yok	1	1	1
1471	kapağı klozete takmak çocuk oyuncağı, iki vidayı sıkmanız yeterli oluyor. öyle el becerisi vs. gerekmiyor.	1	1	1
1472	parfumu begendım. tavsiye ederim. ilk sıktığınızda ağır kokuyor, zaman geçtikçe çok hafif ve hoş bir kokuya dönüşüyor.	1	1	1
1473	ürün hassas ciltler için çok uygun.	1	1	1
1474	sadece ergen yaştaki çocukların jilet yerine bu makinayı kullanması yeterli ama her gün kullanmalı 3 gün sonra kullanırsa işe yaramaz	0	0	1
1475	8 yasındaki oğluma verdim.	0	0	1
1476	kahvaltılarını yumurtasız geçirmeyenler için ideal bir cihaz, birden fazla yumurta pişirmeside güzel, yumurtalarınızı kontrol ederek istediğiniz kıvamda hazırlayabiliyorsunuz. unutmadan yumurta kabuklarını temizlemek sizin işiniz.	0	1	0
1477	i̇nternet hızım 16 mbps wi fi den aldığım hızda 13 mbps 3 lük kayıp gayet normal. 3 yıldır kullanıyorum ve yeni komşuma aldım oda gayet memnun bence arkadaşların bulundukları bölgede onlarında bilmedikleri yayını kısıtlayıcı bir durum var yada modemlerinde bir sorun var. cihaz gayet iyi ve kullanışlı negatif düşünenlerle aynı fikirde değilim. bu cihaz modemin yanında bile 2 diş mi çeker. bendeki 5 tane yanıyor. düşünenlere kesinlikle tavsiye ediyorum. alın deneyin zaten 15 günlük bir iade sürecin var.	1	1	1
1478	sadece işlemcisi biraz daha güçlü olabilirdi.	1	0	0
1479	değişken uçlar çok kalitesiz ki bu fiyata daha iyisi olmazdı zaten. tşk hb.	0	0	1
1480	i̇ki canavarın elinde bir hafta dayanabildi	0	1	0
1481	ürünün resmi insanı aldatıyor. monitörde büyük görünüyor ama evinize gelince çok küçük. kimseye tavsiye etmem.	0	0	1
1482	çok teşekkürler. zamanında ve tam teslim.	1	1	1
1483	cihazın hızlı kablosuz şarj özelliği yok. normal şarj ediyor sorun yok. kargo hızlı ve sorunsuz ancak ürün beklediğim gibi çıkmadı kablosuz hizli sarj için alacak olan hayal kırıklığı yasar.  yazılımsal olarak aksesuarlar menü sünü  aktıve etmiyor.	0	0	1
1484	arkadaşlar orta kalitede bir oyuncu farem var urunu aldım fakat oyun oynarken kaymalar yaşanıyor kendi kendine haraket etmeler oluyor ve bunlar cok siddetli boyutlarda oyun oynamaya engel oluyor o yüzden tavsiye etmiyorum.	0	0	1
1485	+ kolay boşaltılıyor	0	1	0
1486	bu ürünü 2 yıldan fazla oldu alalı	0	0	1
1487	teleskopik boru ve supurme başlıgı berbat, kalitesi dusuk ve sürekli yerinden cıkıyor , ses seviyesi cok rahatsız edici bunlara rağmen çekiş iyi...	0	0	1
1488	mouse asırı sekilde pil yiyor.duracell pil bile illallah etti ayda bir pil degiştiriyorum.o nedenle memnun değilim.	0	0	1
1489	ürünü aldıktan 3 ay sonra bozuldu.sim kartı tanımıyor. lg4 telefonlarda kronik olduğunu duydum.10 gündür tamirde.	0	0	1
1490	paran varsa daha iyisini al. ama bu fiyata normal.	0	0	1
1491	ürünü siparişetmeden önce şüphelerim vardı sallanma ve ses sorunlarını diğer yorumlarda okudum buna rağmen ürünü sipariş ettim ve görünce gözlerime inanamadım.çok kullanışlı ve kaliteli. omuz karın göğüsalt üst olmak üzere birçok yerinizi ayrı ayrı çalıştırma imkanınız var.i̇lk geldiğinde yarı kurulu geliyor zaten size sadece biriki yeri taktıktan sonra vidalarını sıkmanız gerekiyor hareketleri yaparken ne bir ses çıkıyo nede bir sallantı bu fiyata bukadar özellikli bir aleti oturduğum yerden almak beni çok mutlu etti.	1	1	1
1492	10 yaşındaki kedimi yatağına alıştırmak için aldığım bu spray ilk kullanımda etkisini gösterdi ve kedim yatağında yatmaya başladı.ürünün satışını yapan yetkililere teşekkürler...	1	0	0
1493	hemen noktalari almio bir sure bekliorum	0	0	1
1494	çok seyrek çimlenme oluyor.	0	0	1
1495	abartılacak kadar bir çekim özelliği yokmuş parasına gore normal	0	0	1
1496	işığın rengi güzel gözü yormuyor ve gücü de 5w olmasına rağmen gayet iyi, ancak tavana bakan 6lı avize de 25m2 yi pek iyi aydınlatmadı. o yüzden 3 tanesini yüksek güçlü ile değiştirmek zorunda kaldım.	1	1	1
1497	ürün anında kargoya verildi ertesi gün elime ulaştı süper teşekkürler	1	1	1
1498	eşim için aldık dalgalı ve gür saçlarda sıkıntı yaşandığı aşikar. uzun sure ugrasip verim alinamiyor. yeni bir markanın ürününe bakıyoruz artık. tavsiye etmiyoruz.	0	0	1
1499	dayanıklı ve kullanışlı bir ürün. tavsiye ediyorum. 4 adet aldım yakın dairedekiler için de.	1	1	1
1500	telefonu alır almaz ilk başta 10 saat şarjda tuttum. ardından bütün güncellemeleri yaptım. 16gb dahili hafıza eğer müzik indirmiyorsanız uygulamalar için gayet yeterli. arka kapağını açması biraz zahmetli ancak ilk başta sim kartları taktıktan sonra sık sık açma ihtiyacı olmayacağından çok da önemli değil bu konu. daha önce 2 sim kartlı telefon kullanmamışlar için whatsapp, facebook gibi uygulamaları her iki hattınızda ayrı ayrı hesaplarla kullanmanız mümkün, bunun için uygulamalar mevcut. şarjı gayet uzun dayanıyor. sürekli video, oyun oynanmayacaksa 2 gün gidiyor.	1	1	1
1501	bebeğim doğmadan önce almıştım hevesle, keşke almasaymışım. kalitesine hayran kaldım (!) bebeğimin saçlarını tararken fırçanın kılları dökülüyor, bebeğimin saçlarına karışıyor, yüzüne gözüne giriyor o kıllar. şaka gibi...doğru çöpe!	0	0	1
1502	verdi̇m.	1	1	1
1503	ürün kendi klasmanın da bu fiyata en iyi ürünlerden biri hepsiburada farkıyla 23 saatte elime ulaşmış olması mükemmel hiç düşünme tıkla gelsin.	1	1	1
1504	kesinlikle demlik kısmı çay doldururken akıtıyor. ayrıca çeliği çok kötü, karardı ve ne yaptıysam parlatamadım. açma kapama düğmesi de kullanalı çok olmamasına rağmen elimde kaldı.daha öncede arzum ürünleri kullanmıştım hepsinde sorunlar oluyordu bu sefer farklı olur sandım ama yanılmışım...........	0	0	1
1505	çok yerde araştırdım buradan almaya karar verdim. dambıllar hızlı bir şekilde tarafıma ulaştı. kullanışlı ürün teşekkürler siteye işinize yarayacak bir alet	1	1	1
1506	hep okumak istedigim bir kitapti. fiyatinda guzel bir indirim olmus. ozellikle kitaplar icin indirimler daha cok olur.	1	1	1
1507	ürün fi̇yati makul sayilabi̇li̇r..	0	0	1
1508	üstündeki anahtarlık benzeri şeyide telefunuza takabilirsiniz, istediğiniz an telefondan kartınızı çıkarın ve bu cihaz sayesinde flash bellek olsun :)	1	1	1
1509	makine çok güzel çok kullanışlı ve kaliteli fakat şuanki fiyatı çok fazla	0	0	1
1510	ürün elime 3 günde ulaştı. usb 3.0 destekleyen macbook da 350 mb/sn yazma hızı 450 mb/sn okuma hızı veriyor gerçekten çok tatmin edici değerler 5 gb lık dosyayı 7 saniyede yazıyor. ürün çok hafif vede küçük taşıması kolay malzeme kalitesi yeterli sadece fiyatı biraz pahalı geldi	1	1	1
1511	ürün başarılı; renkleri canlı, plastiği kaliteli, fiyatı uygun, kargosu hızlı. orta boy bir koliye sığması için demonte geldiğinden kurulumu çekiç ile biraz vakit alıyor ama kurulduktan sonra sorun yok, ağır da değil. 1,5 yaşındaki oğlumun ayağı pedallara yetişti, çok da sevdi. tam süremese de biz tutmaçla iterek destek oluyoruz; 3 yaş sonrasını tatmin edeceğini sanmam. ev ve park için uygun, sadece kaldırımda biraz zor sürülür, yönlendirmesi de güç olur. teşekkürler.	1	1	1
1512	malzeme kalitesi çok kötü, sesi çok yüksek,2200 watt oluşuna ve turbo oluşuna aldandım.aldığıma pişman oldum.geri vermek isterdim ama bir gün kullandığımız için geri veremedim.	0	0	1
1513	ürün çok ince. soğuk ve rüzgar geçiriyor. salomon kalitedir ve ürünün performansı gayet iyidir deyip aldım. ürünü doğa sporlarına ilgili olanlara kesinlikle tavsiye etmiyorum.	0	0	1
1514	okuma hızı 100mb/s olmasina ragmen yazma hizi 10mb/s yi gecmiyor bunu bilerek alirsaniz baska bi sorunu yok gayet basarili	1	0	0
1515	hadi gelin neden bu telefon diye bakalım.	1	0	0
1516	versace blue jeans almadan rochas kullanıyordum 2 senden beri yorumlara bakarak aldım bu parfünü parfüm bugün elime geçti ama yorumlardan olsa gerek beklentilerim çok yüksekti ama beklediğim gibi mükemmel bir kokuyla karşılaşmadım önceden kullanmayan arkadaşların parfümü almadan önce  bir kere kuklaması lazım parfümü rochas dan şaşmıycam artık.	0	1	0
1517	ürün bugün elime ulaştı sok cihazı olarak iyi ama fener olarak beğenmedim  çok fazla aydınlatma yapmıyor	0	0	1
1518	merhaba hepsiburada com çok teşekkür ederim altın alımlarımda beni hiç yanıltmadı gerçekten kaliteli ve çok güvenilir şimdiye kadar aldıgım altın ürünlerinden şimdiye kadar hiç birinde sorun yaşamadım	1	1	1
1519	ben ayri zannetti̇m.eli̇megeçti̇ği̇nde baktim nete.ayri olsaymiş daha i̇yi̇ymi̇ş.	0	1	0
1520	kitabı çok satanlar kategorisinden seçmiştim 110 sayfa birşey oturup okudum fakat pek bir şeye benzetemedim günlük gibi not tutulmuş sanki hikaye ve kurgu çok iç içe ve beğenmedim	0	0	1
1521	özellikle erkek kedinizi kısırlaştırdı iseniz kesinlikle üriner sistem problemleri çekmemesi için tavsiye ederim hızlı teslimat için hepsi burada ekibine de ayrıca teşekkür ederim	1	1	1
1522	ütüyü anneme aldım çok memnun daha önce de philips ütüsü vardı...kırışıkları çok iyi açıyor buharı çok iyi hafif ve fiyatı da çok uygun.2 günde elimize ulaştı	1	1	1
1523	ürün beklediğimden çok daha iyi çıktı herkese tavsiye ederim	1	1	1
1524	arkadaşlar mousu ped yuzunden aldım oede diyeceğim yok ama mouse geçekten para verilip alınacak turde değil 3 gunde sol kilk tıklamaz oldu yorumlardada goruceksiniz bence paranızı boşa yatırmayın	0	0	1
1525	siparişten 3 gün sonra elime geçti ama ürün güzel, fiyat iyi. teşekkürler.	0	1	0
1526	hd goruntu kalitesi iyi sayilir.belli bir sure sonra isinma meydana geliyor.bunun disinda bu ucrete iyi sayilabilir. ayni markanin baska modellerine bakilabilir	0	0	1
1527	2 günde ürün elime ulaştı, ancak 1 ayağı kısa geldiği için tam tezgaha oturmadı. sonuç hayal kırıklığı...	0	0	1
1528	fiyata göre kalite yetersiz kurulum zaten çok uzun sürüyor	0	1	0
1529	emiş gücü sıfır, halının üzerinde ekmek kırıntılarını dahi zorlukla alıyor	0	0	1
1530	firmadan teknik bilgi aldıktan sonra (yanlış kullanmama açısından) iade etmeyi düşünüyorum.	0	0	1
1531	beden tercihi yoktu ona göre ayarlanabilir açıklamaya aldanıp aldım ancak çok fazla sıkarak ancak cırt cırt lar kavuştu inşallah kan akışını engellemez belki açılır umuduyla iade yapmadım kullanıp göreceğiz artık bacak kalınlığı fazla olanlar bedeni açıkça yazılı olanlara yönelin derim ayrıca anlayamadığım acayip bir koku var teslimat zamanında gerçekleşti	0	0	1
1532	dambılların barı çok uzun somunları takıp çıkartmak epey zaman harcıyoo o zaman sürecindede epey bir kalori yakıyosunuz zaten somunun gevşemesi çok sıkıntı değil gene yere bırakırkende yavaş bırakmak gerek içindeki kumu patlamamsı için, ben gene fena değil diyorum ucuzda olduğu için idare eder yani, ama onun yerine metal bir dambıl seti alın daha iyi derim takıp çıkarma olmayanından.	0	0	1
1533	devir ayarı yok, doğrama kabının açılması ergonomik ve pratik değil. tavsiye etmem	0	0	1
1534	ürün çok gecikmeli olarak elime ulaştı.çok şirin ve küçük duruyor.rahatsız edecek derecede ses çıkarmıyor bence.10 dakika içerisinde 15-20 m2 odanın soğuğunu kırıyor.fakat nekadar uzun çalıştırırsanız çalıştırın terletecek kadar ısıtmıyor.oyüzden kısa süreli çalıştırıyorum.henüz elektrik faturası gelmedi ama çok yakacağını düşünmüyorum.	1	0	0
1535	i̇lk defa şarjlı traş makinası aldım kaliteli iyi bir şey olsun diye bu ürünü seçtim fakat boyun bölgesini hiç kesmiyor 50 defa üstünden geçiyorum almıyor yüz üzerindede kıllar bırakıyor bu ürünü kullandıktan sonra ayrıca jiletle boyun bölgesini ve yüzde alamadığı kılları alıyorum	0	1	0
1536	hepsiburada.com ekibine çok teşekkür ederim bize bu imkanları sağladıkları için her şey kusursuz ürün orjinal olup hızlı kargo herkese şiddet ile tavsiye ederim teşekkürler...	1	1	1
1537	ürün fena değil beyaz suntalem ufak bir sıkıntı var kurulum kılavuzu yok youtubeden video yu izleyin diyor interneti olmayan birisi zorlanır kurarken	0	1	0
1538	celeron işlemci gerçekten süper hızlı mı? günümüzde yeni nesil işlemcileri göre çok yavaş kalıyor. ama fiyata göre normal.	0	0	1
1539	çift camda işe yaramıyor ??????	0	0	1
1540	çok okunaklı bir saati var fakat bazı eksikleride yok değil , termometresin de farklılıklar bulunuyor civalı termometre ile oda sıcaaklığını ölçümdüm 1 derce fark var haberiniz olsun ama almaya değer bir saat.	0	0	1
1541	ucuz kaliteli ve rahat daha ne olsun tesekkurler	1	1	1
1542	ürün gayet başarılı. xiaomi gerçekten kaliteli ürünler yapıyor. bass çok iyi. ayrıca paketleme de çok güzel. teşekkürler.	1	1	1
1543	bu fiyata casio kalitesi, harika bir saat gayet şık ve kaliteli	1	1	1
1544	bazen 74 bazen 76 bazen 78 tartsada tasarım guzel ;)	0	0	1
1545	arkadaşlar mause gerçekten bayıldım tek sorunu üzerinde fazla gereksiz tuş var  oyun oynarken yanlışlıkla o tuşlara basıyom ama gerçekten güzel mause almanızı tavsiye  ederim	1	1	1
1546	eşime doğum günü hediyesi olarak aldım.. ilk başta tereddütlerim vardı eşim çok beğendi.. bende doğru karar verdiğimi anladım. fiyatı uygun sertifikası ile birlikte pırlantası olması diğer bir güzel özelliği.. tavsiye ederim	1	1	1
1547	okadar araştırdıktan sonra daha önceki deneyimime dayanarak bu ürünü aldım ama memnun kalamadım 6 farklı şekil flan verdiği yok ve plakalar arasında boşluk çok olduğu için tam olarak saç tutamını kavramıyor.s2002 modelini kullanmıştım o daha ıyıydi	0	0	1
1548	uygulaması son derece pratik ve uygulandıktan sonra çok iyi netice veriyor.ben özellikle büyük alan çalışması için kullandım. eski dolap ve şifonyer uygulaması yaptım.sonuçtan pek emin olmadan çekinerek başladım ama son derece iyi netice aldım.bu tarz çekinceleri olanlar için tavsiye edebelirim.sonucu görünce şaşıracaksınız.üstelik koyu renk (siyah)olan dolap ve şifonyerimi riske atarak beyaz ve lila gibi açık renk tonlar seçtiğim halde sonuç gayet iyi oldu.	1	1	1
1549	ürün bugün elimize geçti. kablosuz kullanımı diye bir durum yok. 2.000 watt olmasına rağmen geç ısıtıyor. kapağı arzum kalitesiyle uzaktan yakından alakalı değil plastik sanırım yakında kırılır çünkü takıp çıkarmak çok zor. kablo uzun fakat kablo kanalından dolayı hepsini kullanamıyorsunuz. metal olmasından dolayı suyun ısısı direk olarak dış yüzeyde dikkat edin eliniz yanabilir. açma kapama düğmesi dikkatli kullanılmadığında kırılabilir. bardağa çay doldurmak için değilde daha çok sürahi için yapılmış çünkü bardağa çay ya da sıcak su doldururken yere dökülüyor. tek güzel yanı fiyatı ve markası.	0	0	1
1550	makine güzel yıkamıyor hep leke bırakıyor çoğu  zaman tablet erimiyor tekrar yıkamak zorunda kalıyorsun. ayrıca yıkama süresi çok uzun hiç bir kullanışlı tarafı yok verdiğiniz paraya yazık kesinlikle tavsiye etmiyorum	0	0	1
1551	saglam durmuyor ve kurunca yamuk oluyor tavsiye etmem	0	0	1
1552	ürünü siemens olduğu için tercih ettik, soğutması ve ısıtması çok iyi fakat alacak arkadaşların motoru çalıştığında ki çıkacak ve çözüm bulunamayacak sesi için dikkat etmesi gerek, sesini servisin de çözemediğini hatırlatır, gürültülü çalışması önemli değil soğutsun ısıtsın yeter diyen arkadaşların almasını tavsiye ederim ;)	0	1	0
1553	ülkemizde bu gibi markalar az bilinmesine rağmen oldukça kaliteli. kapsamlı koruma, çoklu cihaz desteği, kolay kurulum ve fiyat göz önüne alındığında kaçırılmayacak bir ürün.	1	1	1
1554	düzleştiricileri kullanamazdım saçımı çok bastırıyor diye, burada bastırmıyor hacimli yorumlarını görünce denemek istedim ama sonuç hüsran, saçımı en az düzleştirici kadar bastırdı, son haline bakıyorum içime sinmiyor her seferinde kabartmak için üzerine maşa yapmak zorunda kalıyorum ne yazık ki, tavsiye etmiyorum.	0	0	1
1555	ürünün isminde şerit led yazdığı ve fotoğrafında da renkli ledler gösterildiği için sipariş ettim ancak gelen ürün sadece bir kumanda ve kibrit kutusu kadar küçük elektronik bir kutu. ürünü kullanabilmeniz için ayrıca led şerit ve elektrik tesisatı almanız gerekiyor. tek başına hiçbir işe yaramıyor.	0	0	1
1556	daha önce de cc790, ardından cruzer6 kullandım. bu makine ikisinin arasında. oynar başlığı sayesinde gayet güzel tıraşı.	1	1	1
1557	kolonyağlı mendilden farkı yok neyazıkki	0	0	1
1558	ürün zarif ve kullanışlı, tam beklediğim gibi. orta-ana kısımda bilgisayarla birlikte not defteri kalem gibi eşyaları da barındıran bölmeler mevcut. boşluğa kitap koysanız bile rahatsız bir görünüm olmamakta. ertesi gün sorunsuz ulaştı. teşekkürler.	1	1	1
1559	kenarından hemen kalkıyor. spigen dedik kalitelidir dedik ama yok	0	0	1
1560	tabi kullanım amacına göre değişir	0	1	0
1561	ürün kısa sürede elime ulaştı hepsi̇burada ailesine teşekkür ederim	1	1	1
1562	babalar günü için hediye arayışıma hepsiburada.com çare buldu... hızlı kargo,piyasa fiyatlarına göre çok uygun ve sorunsuz...teşekkürler hepsiburada.com... :)	1	1	1
1563	5-son olarak kameraya değiniyorum	1	1	1
1564	cihazda sorun yok orjinal gayette saglam geldi.	0	1	0
1565	mükemmel olduğu söylenemez ama fiyatına göre oldukça iyi. ben mağaralarda kullanacağım için yürüdükçe dizlik aşağıya inecek gibi. motor kullananlar sürekli motorda olacağı için böyle bir sorun olmaz tabi...	0	1	0
1566	mangal temizleme fırçası almak isteyenler için ideal bir ürün.çeşitli yapı marketlerde iki üç katı fazla paraya satılıyor.kaliteli bir malzemeden yapılmış.ele kolay oturuyor.tavsiye ediyorum.	1	1	1
1567	ancak eylülden itibaren aldığımız ürünlerde ciddi sorunlar var	0	1	0
1568	tereddüt etmeyin işini her türlü görüyor. audi a3 8p aracıma uydu ve lg g4 gibi ağır bi telefonu bile sapasağlam tutuyor.	1	1	1
1569	küçük olduğunu düşünüyorum boyut olarak.ayrica 2 ayar da bile çok geç ısıtıyor yorumdaki diğer arkadaşlar ile aynı üründen mi bahsediyoruz diye kendim de şüpheye düştüm açıkçası.beklentilerim yüksek olduğu için mi beğenmedim onu da bilemiyorum yorumları okuyarak almıştım.	0	0	1
1570	bence bu cihazın en büyük eksisi ekranı, general mobile burada hayatının hatasını yapmış. tamam ekran yine aynı boyutta olsun ama ips yerine oled olsun yada süper amoled olsun ki şarj tüketimi törpülensin, siyahlar gerçekten siyah beyazlardan gerçekten beyaz görünsün siyah,koyu gri beyaz da mavimsi görünmesin.	1	0	0
1571	1. kitabı tereddütle bitirdikten sonra uyandırdığı merak feci birşeydi. piyasa çıkış tarihinden 1 gün önce kargo verilip elime ulaştı. hepsiburada ekibine teşekkür ederim. serinin 2. kitapı olarak kesinlikle okumanız tavsi ederim.	1	1	1
1572	2- oyun açısından hiç bir sıkıntınız olmaz akıcı ve hızlı oyun oynatır.	0	1	0
1573	hiç bir kalıcılığı yokkk almanızı tavsiye etmiyorum  kokuyu anca kendiniz alabiliyor sanız yanı başında nızda olan kişi bile kokuyu alamıyor çok kötü çok kötü çok kötü	0	0	1
1574	ama sorun kalitede değil tasarımda	0	0	1
1575	uzun zamandır hiçbir ürünü zamanında kargolayamayan hepsiburada, aynı kargo yazan bu ürünü 2. gün sonunda hala daha kargolayabilmiş değil. tebrikler	0	1	0
1576	kara rsız kalanlar gözü kapalı alabilir + 200 ml olması çok iyi kokusu ve kalıcılığı da fena değil kesinlikle tavsiye ederim	1	1	1
1577	bizimki 2 yaşını geçti artık gündüz uykusunda altını bezlemiyoruz. bu örtüden açıyoruz ve hiç yatağa geçmiyor. teşekkürler hb..	1	0	0
1578	uzun zamandır almak istediğim bir urundu güzel ve hızlı bir alışveriş oldu çok de tekkurler	1	1	1
1579	ürünüm yanlış gelmişti fakat satıcı firma aynı gün işyerime kadar gelip kargomu değiştirdi harikalar...kokunun kalıcılığı ve güzelliği ise tartışılmaz tabii...teşekkürler hepsi burada	1	1	1
1580	çok ama çok ince eline aldın mı yırtılıyor . memnun kalmadım	0	0	1
1581	baya işe yarıyor bikaç defa kullandım gayet iyi bisiklet motorsiklette işime yaradı.gayet hızlıda elim ulaştı.herkeze tavsiye ederim bu ürünü hepsiburda sanal alışverişte en iyi	1	1	1
1582	5 yıldır kullandığım hp dv6 6000 serisinden laptop'um vardı ve artık çok hantallamıştı.ürünü takıp temiz win10 kurdum ama memnun kalmadım.açılış hızı 90 saniye civarıydı.açıldıktan sonra hızlıydı ama açılış süresi sinir bozucuydu.ve sonra tekrar orjinal aldığım gibi win7'ye geçtim ve tam anlamıyla memnun kaldım.açılış 20-25 saniye aralığında sürüyor ve açılır açılmaz herşeyi kullanabiliyorsunuz herangi bir bekleme olmuyor.	1	0	0
1583	fantom wf4700 modeli elektrikli süpürge bugün elime geçti . henüz kullanmadım . sitede 1800 watt yazıyor ama cihazın içinden çıkan garanti belgesinde 1400 watt yazıyor.hangisi doğru acaba.bilen varsa aydınlatırsanız sevinirim.	0	0	1
1584	bence hiçte güzel değil..tuşlar sert yanı normal klavyeden gercekten farkı yok.net	0	0	1
1585	pratik,kullanışlı,güzel ve hızlı gönderi...çok teşekkürler.	1	1	1
1586	enerjik hissettiriyor ve antremandan sırılsıklam çıkartıyor	1	1	1
1587	tek camlar için kullanışlı olabilir ama günümüzde artık hemen hemen tüm camlar çift cam. çift camda mıknatıs etkisi yok ve görevini yerine getiremiyor maalesef.	0	0	1
1588	mikrofonun cihazın üzerinde olması, cihazı yaka civarına takmanızı zorunlu kılıyor. ama dediğim gibi sesin iletimi ile ilgili olarak bir şikayet almadım.	1	0	0
1589	istenilen sonucu veriyor. hızlı kargo için teşekkürler.	1	1	1
1590	ürün beklediğimden güzel. gayet hoş bir dizaynı var ve hem elleri hem de ayakları  sıkı bir şekilde kavrama özelliği var. hepsi buradaya teşekkürler...	1	1	1
1591	9 aylik oglum yuzune bile bakmadi.sirt icin destek bolumu yok.kullanilmayan oyuncaklar sepetine girdi bile.	0	0	1
1592	çok başarılı bir ürün. herkese tavsiye ederim.	1	1	1
1593	geceleri kulağınızı verirseniz, sese takılıp uyuyamama ihtimaliniz yüksek. ayrıca çok da bir işe yaradığını söyleyeyemem. son olarak, su değiştirme çok pratik değil ve bazen su kabının kapağını değiştirmek aşırı zorlaşıyor.	0	0	1
1594	hari̇ka bi̇r ki̇tap sonunda hüngür hüngür ağladim etki̇si̇nden çikamadim uzun süre hepsi̇ buradaya da hizli ve sorunsuz tesli̇mat i̇çi̇n teşekkür ederi̇m	1	1	1
1595	yorumlara baktigim için yaziyorum, asıl boyut sayesinde çocuk küçük ellerine sigdirabildigi ve sayfaları cevirebildigi için çok seviyor. içerik ve resim kalitesi çok iyi. 18ayliktan beri aliyorum bu siteden kızım 3.5 yasinda ve kitabin ne demek olduğunu çok iyi biliyor.sizde en azindan denemek için alin cocugunuza ama her kitap okunmuyor çocuğa bunlar okunacak kitaplar...	1	1	1
1596	ürünü bilen biliyor bunun için söylenecek birşey yok. başka yerde bu fiyat ve bu kadar hızlı kargo yok.	1	1	1
1597	ürünü henüz kullanma fırsatı bulamadık ancak hakkında çok iyi olduğuna dair iyi yorumlar okuduk.	1	1	1
1598	yaklaşık 1 haftadır kullanıyorum. higrometre odada %70 - %80 arası nem gösteriyordu. hala %70 - %80 arasında gösteriyor. oda büyüklüğü 12 m2	0	1	0
1599	ford cmax 2008 tdci için kullanıyorum memnunum.	1	1	1
1600	paranızı çöpe atmış olursunuz benden söylemesi. olur da bukadar mı kötü olur.  geldiği gibi geri gönderdim	0	0	1
1601	çok fazla bi işe yaradığını söyleyemem sadece çok az bi yumusatmasi var başka bisey yok yinede uygun bi ürün.	0	0	1
1602	enteresan bir konusu var ama çok sürükleyici...bir kadının sığındığı tek insanın kuması olması acı bir durum...ama çook çook güzel bir kitap,uçurtma avcısı yazarının eseri olduğu için okumaya karar vermiştim çünkü o eserini çook beğenmiştim ve hiç pişman olmadımm aldığıma.tavsiye ediyorum.	1	1	1
1603	küçük çocuklara çalışma masası olur.	0	0	1
1604	ekrani tam kapliyor ancak inanilmaz toz çekiyor ve dayanıksız. alternatiflere bakılmalı.	0	0	1
1605	hızlı geldi sorun sıkıntı yok gayet güzel çalışıyor	1	1	1
1606	kablosu hem kisa hemde 3-4 ay sonra tutarsızlık yapmaya başlıyor telefonundan hic ellemeden kolaylıkla çıkıyor baska bir kablo ile kullanıyorum sizde o sekilde kullanacaksanız oneirirm diger türlü kablosu kafayı yedirtir. ama doğru kablo ile kullanıldığında şarj konusunda çok başarılı.	0	0	1
1607	kullandıgınız parfüm sizden önce ortamı etki altına almasın dıyorsanız sizi aşar ama farketmez ben iddialı seyleri severim dıyorsanız tam sizlik . kokusu şekerli anasonlu ama mistik bir yanı var bence özellikle gotik bir tarzınız varsa mor bordo siyah gıbı vazgecılmezlerınız varsa bu tarza cok yakısan bır urun . kokusuna gelınce ben cok sevıyorum ama asla yazın kullanılmasını onermem yaz ıcın daha fresh kokuları tercıh edın derım . cunku bıraz agır olan koku yazın sıcagı ve terle bırlestıgınde bozuluyor buda hos degıl  kıs kullanımı ıcın ıdeal bahar ve sonbahar da oyle ama yazın asla kullanmayın hele kı sıcak yerlerde , efor harcayacak faalıyetlerde bulunacaksanız .	1	1	1
1608	efsane bi ürün ilk kez kullandım çok memnun kaldım..	1	1	1
1609	malzeme kalitesi düşük.çekmeceler düzgün çalışmıyor, ray koymamışlar kara düzen tahtanın üzerinde hareket ediyor.resimdekiyle alakası yok almanızı tavsiye etmem.tam bir hayal kırıklığı.	0	0	1
1610	urun hemen elime ulasti satici konusunda bi sorun yasamadim ama urun sizdiriyor kesinlikle almayin	0	1	0
1611	ürünün içinde herhangi reçete benzeri bir açıklama yok. eşim ve ben 2 gün kullandık hiç bir olumlu etkisini görmediğimiz gibi aşırı yorgunluk, karın ağrısı , baş dönmesi gibi semptomlarla karşılaştık. bu ürünü hiç bir şekilde tavsiye etmiyorum.	0	0	1
1612	çok güzel bir ürün.. ve çok hızlı geldi.. teşekkürler...	1	1	1
1613	normal mutfak musluğuna takılıyor ama musluk borusunun ucundan değil dibinden sökeceksiniz.ben oradaki bağlantıyı elimle sıkıp elimle gevşettiğim için herseferinde su anahtarı ile uğraşmıyorum gayet pratik oluyor.	1	0	0
1614	ürünü alalı 2 hafta oldu temizlik konusunda 10 numara.ammaaaaaaaaaa çok fazla ses çıkarıyor ve oldukça hantal(kocaman).yine belirteyim diğer makinemle boşuna temizlik yapıyormuşum.ardından toz bırakma olayı yok.seçiminizi ona göre yapın.	0	1	0
1615	ürün elime geçeli 1 hafta oldu. fiyatına göre muhteşem bi ürün. elinize aldığınızda duruşuyla philips kalitesinin hissettiriyor zaten. ancak hava akımı gücü biraz zayıf.	1	1	1
1616	çok hafifi güzel rahatsız etmeyen bir koku oldukçada kalıcı ben çok beğeniyorum herkese gidermi bilmem ama mis gibi kokuyor marka zaten güzel fiyatıda çok iyi	1	1	1
1617	fakat çalışıyor, hakkını verelim :) ...	0	1	0
1618	hepsiburadadan bir sürü oyuncak siparişi vermiştim kızımız için. fakat diğerlerinin yüzüne bile bakmadı diyebilirim.. bütün gün sadece bununla oynuyor. teşekkürler hepsiburada	1	0	0
1619	sesi iyi çıkmıyor. telefona bağlıyken sesi az çıkıyor. yani ben hata yaptım siz yapmayın	0	0	1
1620	eşim için aldım, gayet kibar ve kullanışlı duruyor. aşırı hız beklemeyenler için ideal diye düşünüyorum.  tavsiye ederim. fiyatı da uygun.	1	1	1
1621	ürünü 1 gece kullandık şimdilik güzel	1	1	1
1622	ama konsol 9/10.	1	0	0
1623	öncelikle ürünün kalitesine diyecek yok. performansı çok iyi. çabuk ısınıyor ve eşit ısı yayıyor. anneme anneler günü için aldım çok beğendi. çok amaçlı kullanılabilir. ayrıca hızlı kargoya teşekkür ederim. bu fiyata çok iyi performans...	1	1	1
1624	söylemelerine göre iphone 6s özelliklerinde bi telefon fakat iphone 5s ayarında. sonuç olarak iphone kalitesi almanızı tavsiye ederim.	1	1	1
1625	almadan önce biraz araştırmıştım. çinden filan mı alsam diye düşünürken bu ürünü gördüm. ürün hakkında çük güzel yorumlar okudum. aldım ve inanılmaz mutluyum. şarj süresi 2,5 saat değil full performans çalışırken 1,5 saate yakın sürüyor. ben evde apple tv ye bağladım çok net bir görüntü alıyorum. ürünü ve duvardaki netliği gören herkes görüntü kalitesine bitiyor. bu üründen almayıp, normal tv aldıkları için pişman olan arkadaşlarım oldu, özellikle öneririm	1	1	1
1626	siparişimi cuma öğlen gibi verdi. ohoo arada hafta sonu var p.tesi salı anca gelir derken ürünüm c.tesi öğlen elime ulaştıı. çok hızlı bir şekilde :)	1	1	1
1627	gayet iş gördü.üzerindeki yapışma eitiketi iz bırakmadan çıkıyor. iz kalsa dahi daha öncesinde olan ogs cihazından biliyorum ıslak mendille çıkıyor artıkları.	1	1	1
1628	2-3 günlük sakalı çok iyi almıyor; çok memnun kalmadım. cildi tahriş ediyor.	0	0	1
1629	hem masaj hem kayganlaştırıcı olarak iyi, su bazlı olması avantaj.hızlı kargo	1	1	1
1630	i̇nce olduğu için ısınma problemi var bu fiyata alınacak bir telefon olduğunu düşünmüyorum..en büyük artısı ekran büyüklüğü bence..bu fiyata daha iyisi alınabilir..	0	1	0
1631	hiç güvenli değil.	0	0	1
1632	gayet uygun fiyat ve hızlı teslimat.teşekkürler.	1	1	1
1633	ucuzluğu yanında çokta kaliteli bir ürün beklemeyın ama işinizi bir müddet görür. aldığım ürün kısa bir sürede elime ulaştı kargo bedava olmasıda artı bir avantaj	0	1	0
1634	kali̇teli̇ ürün.. 5 gün i̇çi̇nde eli̇me ulaşti.tşkler..usb 3.0 kablosu i̇le aktarim çok hizli ve kurulum gerekti̇rmi̇yor..	1	1	1
1635	birincisi ürün tam türkçe değil artı ekran yazıtipi ayarlarını büyütünce mesaj gönderme ve okuma yapmıyor hata veriyor google play veya internet üzerinden sistem güncellemesi yapmıyor sitesinden dosya indirip güncelleme yapabiliyorsunuz telefon kibar ince ama eksileri bunlar sıkıntılı bence bu şekilde piyasaya sürmeleri hata.	0	0	1
1636	yazılan yorumlar ve tavsiyelerden etkilenerek satın aldım. i̇lk iki gün sorunsuz çalıştı tam iyi ki almışım diyecekken üçüncü gün çalışmamaya başladı :( farklı adaptörlerle de denememe rağmen sonuç hüsran. 2 gün kullanıp çöpe atarım derseniz alın.	0	0	1
1637	kesinlikle kullanışsız bir ürün paranızı boşa harcamayın	0	0	1
1638	philips markasının saç ve sakal kesme makineleri ni en az 10,15 yıl boyunca rahatlıkla kullanabilirsiniz 2000 yılından bu yana kullandığım sakal kesme makinesi var halâ sağlam ekstradan bugün bu ürünü aldım	1	1	1
1639	ürünü 1 aydan fazla süredir kullanıyorum. gerçekten harika. şimdiye kadar almış olmam gereken bir ürünmüş. traş bıçaklarından bikanlara şiddetle tavsiye ederim.	1	1	1
1640	el tutma yerleri kötü eli acıtıyor.	0	0	1
1641	ürün zamanında elime ulaştı güzel ve kullanışlı	1	1	1
1642	gayet güzel,bu fiyata mükemmel ,küçük ve zarif bir tv.	1	1	1
1643	küçük, zarif, kibar olması çok iyi. anahtarlığa taktım gayet iyi durdu. fiyatına diyecek lafım yok gayet iyi. dışının plastik olmaması kırılma riskini ortadan kaldırıyor. yanlışlıkla çamaşır makinasında da yıkandı bir şey olmadı	1	1	1
1644	yorumlar yanıltmasın 1,5 voltla çalışıyor siz düşünün ))) içinde tek kalem pil var ve çok zayıf kalıyor.	0	0	1
1645	tek kelimeyle daha iyisi yok bu gramajda	1	1	1
1646	eğer fitness yapan bi̇ri̇ i̇seni̇z kesi̇nli̇kle tavsi̇ye ederi̇m.gözününde bi̇r kapiya takin ve geli̇p geçti̇kçe asilin.	1	1	1
1647	ürün elime 22 eylül de ulaştı telefonu biraz kullandım ve çok ısındığımı gördüm. telefonun sabip olduğu özelliklere bakarak fiyat-performans ürünü gibi gözükse de özellikle şarzdayken, fotoğraf çekerken, internette dolaşırken vs gibi işlemlerde bile çok fazla ısınıyor. oyun oynarken denemedim bile kim bilir o zaman nasıl bir ısı oluşur. üründen kesinlikle memnun kalmadım. alacak arkadaşlar bunu göz önünde bulundursun ben yandim siz de yanmayın.	0	0	1
1648	fiyat - kalite dengesi çok iyi. hızlı bir şekilde ve sorunsuz olarak ulaştı. yalnız kargo elemanları dış kapıya bırakıp gitmeye çalışıyorlar.	1	1	1
1649	urunden cok memnun kaldım.siddetle tavsiye ederim.  fiyat uygun ürün kaliteli	1	1	1
1650	yorumları okudum ona göre aldım herkes m beden almış küçük gelmiş ben l beden aldım oda küçük alırken ölçümlere dikaket edin.ürün ne çok iyi nede çok kötü bu fiyata işinize çok yarar	0	0	1
1651	vücut anali̇zi̇ i̇lk aldiğim gün çalişti ertesi̇ gün arizalandi ve bi̇r daha ölçmedi̇.	0	1	0
1652	ürün çok ince resmen serum hortumuna  tutacak yer geçirmişler. ve ipteki o dalgayı açmakda sıkıntı. sürekli takılıyor, daha kalın olabilirdi.	0	0	1
1653	ürünün kargoya veriliş süresini biraz uzun olsada beklemeye değiyor raket kontrol hız ve spin harikası eğer masa tenisinden anlarım diyorsanız keyifle kullanabileceğiniz bir ürün...	1	1	1
1654	ürün 2 gün içinde elime ulaştı tercih etmemdeki tek sebep güvenilir bir marka olmasıydı bence çekim kalitesi yeterli ancak, aldığı sinyali dağıtma/yayma aşamasında  öyle aman, aman bir kalite yok evde hot spot yaptığım cep telefonunkinden bir iki tık fazla o kadar. tavsiye edermiyim? evet ederim.	0	1	0
1655	orta sertlikte..paketleme çok pratik ve taşıması kolay..çok hızlı ulaştı elime..	1	1	1
1656	sipariş öncesi endişeler yaşamama rağmen çok güzel bir ürün geldi.  note 5 istediğim renkte ve resmi kayıtlı çıktı. firmaya teşekkür ederiz.	1	1	1
1657	sertlik olarak bakarsak çok sert değil, ebat olarak ta normal bir ele sığacak şekilde gayet iyi. i̇kisini birbirine bağlayarak sertliğini arttırabilirsiniz (:	1	1	1
1658	hayır	0	0	1
1659	kedi'miz de çok sevdi, biraz mız mız bu konuda çıkı mutlu biz de mutluyuz. çokk teşekkürler	1	1	1
1660	gerçekten çok güzel ve sağlam ürün ilk defa internetten ürün aldım bukadarini beklemiyordum	1	1	1
1661	yorumlara bakarak aldığım ürün gayet konforlu ve güvenli. kurulumu kolay olmakla beraber 4 kademeli yatış özelliği biraz daha geliştirilse daha iyi olurdu. ancak şuan piyasadaki ürünlere göre hem görünüşü hem konforu hemde güvenliği birada tutması ile bir adım önde diye düşünüyorum. hepsiburadaya kargo konusundada teşekkür ederim.	1	1	1
1662	kendi halinde bazı sokak köpekleri kaçıyor, bazıları hiç tepki vermiyor, bazıları kulağını dikip bakıyor. saldırgan köpeklere karşı bu ürüne çok ta güvenmeyin. belki kendinizi daha güvende hissedersiniz o kadar. tel örgü arkasındaki bi köpeğe denedik. iyi ki tel örgü varmış köpek en ufak bi tepki bile vermedi. cihazı çok yakından tutmamıza rağmen saldırganca havlamaya devam etti. köpek korkunuz varsa ve köpek olan bi bölgeden geçmek zorunda kalıyorsanız sizi psikolojik olarak  rahatlatacaktır, denemelerime göre bu tip ürüne güvenip saldırgan, hırçın köpeklere fazla yaklaşmayın yönünde bi sonuç verdi.	0	0	1
1663	arkadaslar 15 gun once ilk seansimi yaptim tüm vucuda 1. kademede ama dökülme olmadi hiç,çikti butun tuyler bugun tekrar yaptim 2.kademede ama sinirim bozuldu ya yi e dökülmezse ne yapicam bilmiyorum	0	0	1
1664	2 adetini bile alıp getirmek ağırlığı sebebi ile işkence gibi iken; bir tık ile bu fiyata ve bu hıza kapımıza 10 adetinin birden gelmesi kadar güzel bir şey olamaz...	1	1	1
1665	benim gibi dişleri arası sıkı olanlar için kullanışlı değil. kalın geldi. diş aralarına sokarken zorlandım.	0	1	0
1666	siyah rengini aldım. ürün görünüm ve kalite olarak oldukça iyi. firma çok ilgili ve hızlı. teşekkür ederim.	1	1	1
1667	arkadaslar ürünü takribi 8-9 aydı mecburiyetten kullanıyoruz....bikere aldık cunku...urunun goruntusu herseyi guzel ama hic kullanıslı degil...ozellikle demlik dolu oldugunda bardaga koyarken dısarı ne yapsanızda akıtıyor...doluyken daha cok akıtıyor....onceki yorumlarda bir arkadasda yazmıstı ve dıkkate almamıstım ama pisman oldum...tasarım hatası bence....hic kimseye hicbir surette tavsiye etmem pisman olursunuz....	0	0	1
1668	yatak çok güzel. boyutları da tam uygun geldi beşiğe, tavsiye ediyorum	1	1	1
1669	bu mamadan önce proplan kullanıyordum ve kalan mamayı ikisini karıştırarak vermek istedim, birden tahıl bombası bir mamadan tahılsıza geçerken sindirim sorunları yaşanmasın diye ancak proplan'i neredeyse hiç yemiyor hatta tabağında ayırıyor ve sadece orijen'i yiyor. hatta ve hatta, gün içerisinde mamanın olduğu yere ulaşmaya çalışıyor ki daha fazla yiyebilsin.	1	0	0
1670	yatağı yaklaşık 3 hafta önce aldım. sadece burada yazan yorumlara bakarak, güvenerek aldım. hiç beklediğim gibi değil. sabah uyanınca sırt ağrısı oluyor. o kadar rahat bir yatak değil. ayrıca çok rahatsız edici bir kokusu var.	0	0	1
1671	yorumlar, ilk defa bu üründe bizi yanılttı. i̇lk denememizde beklediğimiz gibi olmadı.kısa süre tuttuğumuzu düşündük biraz daha yavaş yapmaya başladık ama nafile. avuçladığımız saç oranını düşürdük süreyi uzun tuttuk biraz birşeyler olur gibi oldu ancak o şekilde de çok uzun sürecekti. şu anda bir kenarda duruyor yazık !!!	0	0	1
1672	ben bu ürünü pi̇yasadan alip daha önce kullandim hbc ki̇ fi̇yatini görünce i̇nanamadim çünkü bu fi̇yattan pahalisini 100 cc li̇ği̇ni̇ daha pahaliya almiştim hemen si̇pari̇ş verdi̇m tahmi̇ni̇m yarin geli̇r almak i̇steyenler hi̇ç düşünmesi̇n koku süper bazi arkadaşlar kalici deği̇l di̇yor bu bi̇r erkek kokusu bayan kokusu deği̇l bütün gün kokacak deği̇l sürdükten en az 5 saat devam edi̇yor kokusu tşk ler hbc hem fi̇yati hemde hiziniz i̇çi̇n	1	0	0
1673	5 yıldız verenleri hayretle karşıladım.	0	1	0
1674	telefon elime sipariş ettiğimin ertesi günü geçti. tamamen orjinal kutusunda jelatinli bir şekilde geldi. i̇çinde şarj aleti, kulaklığı ve garanti belgesi mevcut. hiç bir sıkıntı yaşamadım. güvenilir bir site olduğu için de hiç tereddüt etmemiştim. yanılmadım da. telefon düşünen herkese tavsiye ederim.	1	1	1
1675	bizim buralarda elektrik çok kesiliyor. 2 yıl önce aldım. seralarda donlarda dinamo mu çalıştırmak için kullanılıyorum. hiç bir sorun yaşamadım şimdiye kadar. evimizde de kullanıyoruz. komşularda biz de gördükçe istekte bulundular 3 adet sipariş verdim. hepsi alllah razı olsun diyorlar kullandıkca. kaliteli bir ürün kesinlikle tavsiye ederim.	1	1	1
1676	ürün kaliteli şık kolay amacına gayet iyi hizmet eden bir ürn tavsiye ederim . numara koyulan hazne az daha geniş olsaydı numara aralarına boşluk koyabilirdik ama olsun yinede iyi	1	1	1
1677	ama tabi kullanıcıdan kullanıya göre fikirler değişiklik gösterebilir.	0	0	1
1678	ürün topaklanıp oğlumun vucudunda topaklar bırakıyor ve koku yapıyor aldığıma pişmanım açmasaydım iade edecektim	0	0	1
1679	açma kapama düğmesi uygun yerde değil.. plakalar çok ince . tost makinası dediğin biraz ağır olur. kapağı hafif boşluklu kapatayım diye kaldırıyorsun yerinden kayıyor.. eski üretimlerinde altına ısı vermezdi bu koyduğunuz yeride ısıtıyor. keşke bu modeli almasaydım.	0	0	1
1680	ürünü laptobunun wiriless sorunlu olduğu için aldım. çekim kalitesi gayet güzel modem diğer odada olmasına rağmen %100 bir çekim kalitesi var.kullanım cdsi türkçe ve kullanımı oldukça basit. uygun fiyata kaliteli bir çekim için kullanılacak bir ürün.	1	1	1
1681	tek kelimeyle mükemmel. tasarım, performans, fiyat daha ne denir ki	1	1	1
1682	ehh pek kullanışlı değil açıkçası	0	0	1
1683	ürünü zaman zaman kullanıyoruz 3 yıldır iran kedimiz var tüy dökmesi azalıyor.kedimiz paşa iştahla yiyor faydalı olduğunu düşünüyorum.100 gram daha ekonomik genelde tavsiye ederim	1	1	1
1684	2) ust rafin yuksekliginin ayarlanabilir olmasi da aslinda yapilmamasi gereken bir ayar, kullanima gelen ustalar bu sekilde tavsiye etti.	0	1	0
1685	çok sağlam bir ürün değil demirler çok ince ve zayıf	0	0	1
1686	piyasadan çok uygun bir fiyata. ayrıca üretim tarihi çok yakın almak isteyenlere ek bilgi.	1	1	1
1687	araştırmalarım sonucunda rowenta ro6221 almaya karar verdim ürünü teslim aldığım gibi denedim önceki süpürgem sadece halının üzerini süpürüyormuş  ro6221 halının derinliklerine kadar temizliyor kesinlikle tavsiye ederim inşallah uzun süre sorunsuz kullanırım.hepsi̇ burada  sizede ayrıca teşekkürler	1	1	1
1688	3 uykuda hareketimi sınırlıyor	0	1	0
1689	fiyat/performans oranı çok iyi. tek eksiği kamerası. 13 mp yazmasına rağmen düşük ışıkta kalitesiz fotoğraflar çekiyor. android lolipop güncelleme ile geldi. lenovo çin malı diye yazanlar olmuş. evet çin malı ama telefpn tarafı bildiğimiz motorola. satın aldılar	1	0	0
1690	telefon mükemmel alacak olan arkadaşlar hiç tereddüt etmeden alabilir.bu fiyata alınabilecek en iyi telefon.fakat ekran quad hd olduğu için 3000mah pil biraz yetersiz kalmış şarjı resmen içiyor diyebilirim.batarya performansı dışında çok iyi.belki gelecek olan güncelleme ile pil performansıda artar...	1	1	1
1691	ürün görünüm olarak çok güzel, dizaynı harika fakat çekim gücü çok zayıf. belki de şarjlı süpürgelerin genelinin çekim gücü düşüktür ancak bana az gibi geldi	0	0	1
1692	hediye olarak aldığım ürünle ilgili geri bildirimleri aktarıyorum; kalıcı ancak ağır bir koku. bu kadar talep ve olumlu yorum olmasına şaşırdım. yorumlara dayanarak almıştım. tavsiye etmiyorum. farklı ürünlere yönelebilirsiniz.	0	0	1
1693	i phone se en beğendiğim inç düzeyindeki en iyi özelliklere sahip tek elle kullanılabilir kullanışlı telefon. ürün hepsiburada kalitesiyle 3 günde elime ulaştı. çok da memnun kaldım.	1	1	1
1694	kargom 1 haftada ancak geldi.	0	0	1
1695	ilgili firma. güzel ürün. uygun site. daha ne olsun :) ürün geldikten sonra kurulum icin yetkili servisi aramayi unutmayin :)	1	1	1
1696	yuze uyumsuz ve cok kucuk. lastikleri cok ince ve gevsek. ventili ince bir sungerden ibaret olup check valf ozelligi yok. nefes  alirken toz ceker. kisaca anlamsiz bir urun ve 3m gibi dunya lideri bir firmaya yakismiyor.	0	0	1
1697	almadan önce biraz tereddüt ettim. ama beklediğimden iyi çıktı. 2-3 günde elime ulaştı. şuan sorunsuz çalışıyor. bu fiyata alabileceğiniz en güzel telefon.	1	1	1
1698	dün ulaştı kurulumunu yaptırdım kargo servis sıkıntısı yaşamadım amaa tv nin kaşısına geçtim inceledim izledim 10 numara beş yıldız rezalet teknolojiye yakın olanlar kırar bu tv yi 90 ların bilgisayarları gibi işlem yap git çay koy tek özelliği büyük oda bişeye yaramıyor almayınnn...	0	0	1
1699	6 aylık kedime ilk başta aynısının somonlusunu aldım ki onu severek yedi. 2. alışımda ördekliyi denedim ve verir vermez bunu da iştahla yedi. paketi çıkardığım an hemen geliyor, bence başarılı.	1	1	1
1700	gayet hoş ve güzel tavsiye ederim.	1	1	1
1701	motor gücü zayıf, zımpara kısmı daha işlevsel elabilirdi.	0	0	1
1702	ince sakallar için ideal olabilir. benim ince sakallarımı aldı kalınlar yüzümde kaldı yine jiletle aldım onları.	0	1	0
1703	fiyatına göre idare eder.	0	1	0
1704	ürünümün hızlı teslimatı için çok teşekkür ederim. çok memnun kaldığım bir alışveriş oldu. görseldeki ile aynı kusursuz bir ürün teslim edildi.	1	1	1
1705	spigen markasının daha öncede kılıflarını kullanıyordum buna güvenerek aldığım iphone 7 kılıfı ise beni hayal kırıklığına urattı. evet kılıf çok ince çok kaliteli ve sağlam ancak bence bu iyi taraflarının yanında tekbir kötü taraf ürünü kaldırıp kutusuna koymama sebep oldu. çünkü kılıfın arkası çok kaygan bir malzeme ve ele tutunuşu çok kötü bu kılıfla telefonun elinizden düşmemesi için örümcek adam olmanız gerekir diye düşünüyorum, şahsen ben örümcek adam olmadığımdan kullanamadım.şaka bir yana kılıf çok kaliteli olmasına rağmen elde tutmak çok zor .	0	0	1
1706	tüm yorumları okuyarak ve müthiş fiyatını da görünce hemen aldım. fakat ilk sürdüğünüzde oldukça ağır bi kokusu var ve hiç kalıcı değil sevemedim	0	0	1
1707	ev ortamında  aılece muzık dınleyebılrısnız fılm seyredebılrısnız dısarda kı ortam da ses duyuluyor gayet yuksekı ssı var ve ısıkları harıka	1	1	1
1708	fiyatını göre kalitesi çok düşük	0	0	1
1709	usb portu eski tip, kablo sorun oluyor. bluetooth bağlantısı hata veriyor. sık sık bağlantı kopuyor. ses10 üzerinden 6 alır. şarjı çok uzun gitmiyor. tavsiye etmem	0	0	1
1710	akvaryumu iyi temizlemiyor birde motoru çok güçsüz begenmedim	0	0	1
1711	öncelikle ürün ile ilgili bilgi eksiklerini tamamlayayım.	1	0	0
1712	arkadaşlar ürün başarılı ancak şablon hikaye herkesin işi değil ben yaptım çokta güzel oldu ama kağıt bantı sökerken en önemli rezistanstan bir parça koparı verdim ve ürün bitmişti yani türkçesi param boşa gitti ama bu benim hatam üç 5 kat yerine 7 8 kat attım tavsiyem kağıt bantı yapıştırmadan önce yapışkanını iyice deforme edip çizginin tam dışına değil de biraz çizgiyi kapatacak şekilde yapıştırmanız ve aradan bir gün geçmeden kesinlikle yapışkanı temizlememeniz. güneş görmeyen serin bi yerde özen isteyen bir iş. şablon çok önemli bir husus bu yüzden iki veriyorum ürünü uygulama yaparken dahi çalkalayın	0	0	1
1713	ben aldığıma pişmanım...	0	0	1
1714	ürünü yeni doğacak bebeğimize aldık,çok şirin bi ürün,kafa ayarlama çıt çıtları var,alınabilir	1	1	1
1715	ion özelliğini aktif hale getirince sıcaklık o kadar düşüyor ki, saçlarım kurumuyor. kesinlikle az ve kısa saçlar için yapılmış bir kurutma makinası. tavsiye etmiyorum.	0	0	1
1716	çok iyi bir fotoğraf makinası	1	1	1
1717	yinede parasına göre i̇yi bir ürün	0	1	0
1718	urun hemen karardı nokta nokta ocak kısımları yanmış gibi oldu ustunde ki malzemenin adı inox kalitesiz saçtan başka birşey değil aldığıma pişman oldum ucuz etin yahnisi yenmiyor anladım bende	0	0	1
1719	fiyat güzel.  teslimat hizli.. sonucta bebek bezi daha fazla yoruma gerek yok	1	1	1
1720	ürün beklediğimden kat kat üstün çıktı. teşekkürler.	1	1	1
1721	ürün gerçekten çok iyi uzun araştırmalardan sonra bu ürünü almaya karar kıldım iyi ki de almışım diyorum elektriklenme yapmıyor hızlı kargo ve uygun fiyat da cabası	1	1	1
1722	ürünü görmeden önce tereddütlerim vardı fakat kullanmaya başladığımda gördüm ki pahalı cihazları almaya hiç gerek yok. çekimi çok kuvvetli ve uzun sapı ile eğilmeden süpürebiliyorsunuz. herkese tavsiye ederim.	1	1	1
1723	ürün 2 günde geldi. hızlı olması güzel. caydanlık ne ufak ne büyük. 4-5 kişilik bir aile icin ideal. celiği ince falanda deyil gayet dayanıklı .. tutma kulplara cok estetik ve saglam. caydanlık tasarımıda cok harika. okadarda internetten alısveris yaptım hayal kırıklıkları yasadıgımda oldu ama arkadaslar diyorumki ürün süper gercekten kacırmayın derim. tsk ederim satıcı firma ve hepsi burayaya..	1	1	1
1724	urun guzel ayni gun kargo yapildi tesekur ederim	1	1	1
1725	urun guzel	1	1	1
1726	ürünü harika bir kapak ile kova köpükle doluyor temizlemeside güzel bence ideal denemenizde fayda var aynı üründen sipariş vericem tekrar	1	1	1
1727	ürün 1 gün içinde elime ulaştı  anneme hediye olarak aldım  denemeyi  ben yaptım   ilk defa kullandığımdan  mi  bilmem ama su sıkma konusunda  sıkıntılı  çok  ıslak  bırakıyor	0	1	0
1728	6 yıldır kullanıyorum çok memnunum	1	1	1
1729	arkadaşlar herkes güzel falan diyorda benim umduğum gibi değil fotoğrafta üst tarafta kenarlar ceviz üst beyaz görünüyor halbuki sehba nın üst ve yan kısım tamamen beyaz vidalara yapışkan vermişler onlarda hemen düşüyor gerçekten de o kdar sağlam bişey değil aldım ama köye götürcem	0	0	1
1730	eksi yanları: akıllı uyandırma özelliği çok iyi düşünülmüş ancak kolunuzu yukarı kaldırmadan tam çalışmıyor, bu yüzden eliniz aşağıdayken bileğinizi çevirip bakmak istediğinizde saat ekranı gelmiyor. sallamanız veya yukarı kaldırmanız gerekiyor. bazen telefon üzerinden çağrı cevapladığınızda saat üzerinden ses veriyor, saatten telefona geçmeye çalışıyorsunuz o anda... i̇ki tuşu var ve ikisi de sağda, bence sol tarafa da bir tuş eklenebilirmiş. örneğin saat sol bileğinizdeyken sağ elinizle işlemleri yaptığınızda  baş parmak ile sol tarafta tuş arıyorsunuz.böyle bir üçüncü tuş olsa çok daha rahat kullanım olabilirmiş. her ne kadar şu anda işinizi gören uygulamalar olsa da uygulama genişliği çok çok az. facebook, twitter, whatsapp gibi en sık kullanılan uygulamaların resmi saat uygulamaları acilen gelmeli.	1	0	0
1731	bu ürünü radyo için alacaksanız, almayın. 50 tane hafızası var ve 87.7den başlayarak bulduğu ilk 50 kanalı hafızaya alıyor. 97.4den sonraki kanalları isteseniz de dinleyemiyorsunuz. (istanbulda çok radyo olduğu için)	0	0	1
1732	ya bu ürünün nesini begenmisler anlamadim. zorluk derecesi diye bir sey yok. ayaklarini havada bosa çevir aynı etki. tel falan demeyin teli videodaki gibi aynen taktik. bu bisikletle kondisyon falan yapamazsiniz. ucuz etin yahnisi yenmez sözünün doğruluğunu bir kere daha anladim.	0	0	1
1733	lastikleri güzel bir şekilde temizleyip siyah olması sağlıyor ancak çok fazla bir parlaklık sağlamıyor çok memnun kaldığım söylenemez yinede lastiklerini temiz görmek isteyenler alsın derim	0	1	0
1734	üründe kalite problemi var kesinlikle. kokunun kalıcılığı ve kokunun derecesi yok denecek kadar az. tavsiye etmiyorum!	0	0	1
1735	kontrol ekranı seçenekleri 2 adet başka seçenek yok,	0	0	1
1736	arkadaşlar ben devamlı alıyorum hediyeside geliyor bukonuda sıkıntıyok hediyeside kaliteli nivea ıslak mendil gönül rahatlığıyla herkese tavsiye ederim	1	1	1
1737	*içinden çıkan plastik süzgeç kullanışlı değil. zaten bu tarz ürünleri plastik olduğu için kullanmak istemiyorum.	0	0	1
1738	mama sahane, kopegim mamayi gordukce zipliyor :)	1	1	1
1739	urunleri eksiksiz olarak 2 gun icerisinde teslim aldim.	1	0	0
1740	çok paranız varsa süper bir makine alabilirsiniz ancak 500ytlye kadar alabileceğiniz standart ürünlrin performansı emin olun bu makineden iyi olmayacaktır. fiyatının iki katını hakediyor yani. annemde kuru süpürgesi bende halı yıkamalı modeli var. kaçırmamak gerekir.	1	1	1
1741	bütün özelliklerini gösteren bir ütü. gerçekten çok memnun kaldık.her zaman kaliteyi almak lazım.	1	1	1
1742	burdaki yorumlardan biraz tedirgin yaklaştım cihaza ama boş çıktı. cihaz çekim kalitesi olarak çok iyi. gönül rahatlığıyla alabilirsiniz.	1	1	1
1743	ürün yanaklarda sinek kaydı boyunlarda cok ugrastıyor	1	0	0
1744	ekran çok güzel. gözü kamaştırmıyor.	1	1	1
1745	2,5 yaşındaki oğlum için aldım.başında oturup ilgileneceğini çok düşünmüyordum açıkcası ama ilk gün bile 15 dakika başında oynadık.gayet güzel eğitici bir set.mutlaka her çocuğun olmalı	1	1	1
1746	2 yolculuk yaptım. arabamda çizikler oluştu. geliştirilmesi gerek bir ürün	0	0	1
1747	pahalı ama oldukça kaliteli.not 4 gibi telefonların hızlı şarjına da.  uygun.teslimattaki hız içinde teşekkürler.	1	1	1
1748	çok eğlenceli ve kullanışlı bir ürün. i̇stediğiniz formda yumurtanızı ayarlayabiliyorsunuz.	1	1	1
1749	aldığım üçüncü düzleştidüzleştirici.bunu çok beğendim.saçım uzun olmasına rağmen çok güzel düzleştiriyor. tavsiye ederim	1	1	1
1750	cihazı galaxy ace ile birlikte aldım fiyatı biraz daha uygun olabilirdi lakin şiddetle tavsiye ediyorum her samsung kullanıcısına ..fazla söze gerek yok düşünmeden alın derim...	1	1	1
1751	daha önce 5 tane satın alıp iade etmiştim kimisi ses çıkarıyordu kimisi üflemiyordu bile. ürün gerçekten inanılmaz performanslı ve kullanışlı fakat bilgisayarını ortalamanın üzerinde ağırsa ne kadar kullanışlı olur bilemem. ama ses 0 ve o kadar güçlü ki hayran kalacaksınız. 1 haftadır kullanıyorum gece gündüz devam ediyor kesinlikle tavsiye ederim. kargoda anında verildi ertesi gün teslim aldım o olay tamamen doğru yani	1	1	1
1752	site ekibine teşekkürler 3 iş günü içinde çıması gerekirken ürün temininden dolayı 2 gün gecikti ama bana bekleyip aynı ayarda başka marka seçmem hakkında bilgi verildi ben beklemeyi seçtim çünkü özellik ve marka olarak bu ürünü seçmiştim ayrıca jest yaparak bana çek gönderdiler. i̇lgi ve alakanızdan çok memnum kaldım tekrar teşekkürler ediyorum. başka alışverişlerde görüşmek üzere iyi çalışmalar dilerim	1	1	1
1753	merhaba ürün çok güzel soğutması ve sessiz çalışması dış kontrol ünitesiyle birlikte mükemmel olmuş tavsiye ederim	1	1	1
1754	evvelden kum torbası kullandınız mı bilmiyorum fakat genelde bir yerleri delinir, cırtcırtı kopar falan. bu üründe öyle bir şey yok ve hiç olacakmış izlenimi de vermiyor gayet kaliteli kumaşı da bağlantı yerleri çok iyi. fiyatından hiç bahsetmiyorum bile	1	0	0
1755	anneme aldım fakat sesi cok az cıkıyor.	0	0	1
1756	ürün fi̇yatina göre fazla özelli̇kli̇ bi̇r ürün. çok i̇yi̇ temi̇zli̇yor. eski̇ süpürgemi̇n hi̇ç bi̇r şey yapmadiğini anladim. hali yikama kismi da çok i̇yi̇ bi̇r ci̇haz. ses sevi̇yesi̇ ortalama küçük kuru maki̇nalarin bi̇raz üzeri̇nde ama i̇şi̇ni̇ i̇yi̇ yapiyor. tavsi̇ye ederi̇m.	1	1	1
1757	fi̇yat cok uygun hari̇ka bi̇r top yaninda pompa olmasida i̇deal pompasiz olanlari almayin cunku pompa her zaman gerekli̇ bu fi̇yata başka yerde bulamadim ben..	1	1	1
1758	muhtesem lezzet. kapsulle hazirlandigindan her kapsulde taze americano... artik baska kahve icemiyorum. dolce gustonun tum icecekleri mukemmel. sadece kahve degil, sicak cikolata, chai tea latte ve hatta soguk kahve de yapiyorum. zahmetsiz, temizleme derdi yok. saniyeler icinde tum icecekleirm hazir. dolce gustonun sonunda turkiyeye de gelmis olmasina coooookkkk seviniyorum... herkese tavsiye ederim.	1	1	1
1759	ürün oldukça kullanışlı, araç içindeki tüm yüzeylerde kullanılabiliyor. hoş ve hafif bir kokusu var	1	1	1
1760	kesinlikle 8-9 aydan büyük bebekler için uygun değil. çok küçük kalıyor. bebeğin yiyebileceği miktardan daha az besin alıyor bir de dökülüyor içinde kalmıyor. boşuna para vermişim tecrübesizlik yüzünden	0	0	1
1761	bu cihazı köpeklerin yoğun olduğu bir köyde denedim. cihaz köpeklerin çok yakınında etkili oluyor. 2-3 metre gibi. bazılarında ise hiç bir işe yaramıyor.	0	0	1
1762	mükemmel derecede kalite bir ürün denizde, evde, işyerinde sürekli yanımda taşıyorum yapanında satanında ellerine sağlık..	1	1	1
1763	teledünya kartımı module taktım ve sorunsuz kullanıyorum.. setup box cihaz olmadan tek kumanda ile  tv keyfi..	1	1	1
1764	kızım 20 aylık oldu. bu zaman kadar bir sıkıntım yoktu. yeni gelen koliden çıkan bezler ince ve rahatsız edici pişik yapmaya başladı. son iki koli aldım bin pişman oldum aldığıma. gidin en kötü bezi kullanın bunu almayın şiddetle tavsiye etmiyorum haberiniz olsun	0	0	1
1765	benim dişi kedim yemek konusunda çok aşırı seçici bir kedidir.yemiyceğini düşünüyordum açıkçası şansımı denedim aldım  ama bu ürün fiyat ve kalite olarak çok uygun.kedim çok tüylü sibirya kedisi kısırlaştırma operasyonundan sonra aldım şimdilik yiyor macunu kokladım çikolata tadı gibi umarım yararı olur.fiyat kargo ürün mükemmel uyum.teşekkürler h.b	1	1	1
1766	daha yeni okumaya başladım. uzun zamandır almak istediğim bir kitaptı. i̇ndirimi görür görmez dün başka bir kitapla birlikte sipariş verdim ve bugün elime ulaştı. 24 saat bile geçmeden,ücretsiz kargoyla geldi. teşekkürler hepsiburada.com	1	1	1
1767	aldigim orjinal samsung kilifi ile uyumlu deyil klavye ile baglanti kuramiyo ve kilifi klavye ile arkaya dogru kivirdigim zaman ekran karariyo ve acilmiyo.	0	0	1
1768	klavye iletişimi biraz zayıf, yazmak için iletişim kurmasını bekliyorsun. şu alana dahi tıklayıp yazmak için 10 saniye geçti. geri kalanı özellikleri güzel. fare ile 10 - 15 dakika işlem yaptıktan sonra klavye ile işlem yapmak için 5 - 10 saniye beklerim diyen varsa alsın.	0	0	1
1769	tek dezavantajı sakal kısaltırken fazla kısaltmaması için makine tarağı denilen aparatın sonundaki klips makinenin başlığına girdikten sonra tekrar çıkmıyor. o klipsi geçirmeden kullanın	0	0	1
1770	ürün elime geçeli 3 gün oldu. güçlü bir motoru var ve çok güzel fön çekiyor gibi duruyor. şimdilik bir sorun yaşamadık ve memnunum	1	1	1
1771	kızım için aldım. tam olurmu diye tereddüt etmiştim. ama ayağına tam oldu.  ölçüler tam dedikleri gibi. kızım 32 numara ayakkabı gidiyordu. 30_33 numarasını aldık.  malzeme kalitesi iyi.  tavsiye ederim.	1	1	1
1772	2 günde elime ulaştı.	1	1	1
1773	marketlere gore cok uygun fiyat, hizli kargo ve kargo ucreti de olmamasi nedeniyke tercih ettim. memnunum...	1	1	1
1774	arayüz:türkçe tuşlara aynı tuşu basılı tutarak yazılıyor playstore dan ücretsiz bir tane klavye indirip kurabilirsiniz ben öyle yaptım	1	0	0
1775	huggies kullanıyorsanız bu ürünleri kaçırmayın dışardakilerden kat kat uygun. beraberindeki hediyeler ise kaymağı.	1	1	1
1776	100 kilo civarindaysaniz alabileceginiz en ucuz alet	1	0	0
1777	i̇yi alet . bence her eve lazım..	1	1	1
1778	çok güzel ve kullanışlı bir ürün. balık pişirdik çok lezzetli oldu.	1	1	1
1779	arkadaşlar öncelikle şunu belirteyim philips beni hiç şaşırtmadı gerek diğer ürünlerinde gerekse bu üründe de. almak isteyen hiç tereddüt etmesin alabilir bunu titizlikle araştırma yaptığım için söylüyorum astım rahatsızlığı, bebeği vs olanlar için gayet iyi ürün daha önceki süpürgede temizlik yapıldı sanmışız meğer hiç yapılmamış gibi gerek koltuklardan gerek (shaggy halı) halılardan çıkan kiri anlatamam kısacası verdiğiniz paranın hakkını veren bir makine	1	1	1
1780	kısa sürede geldi. teşekkür ederim.	1	1	1
1781	ürün fiyat performans ürünü diyebilirim.rengi sitede kırçıllı gri duruyor ancak aslında belirtildiği gibi çelik mavi bir rengi var değişik ama güzel ben sevdim.i̇ç kısmı ile ilgili resim yok sitede içi bölümlerden oluşuyor laptop için bir bölüm ve hemen karşısında kalem not defteri mouse koymak için bölümler  yapmışlar.i̇çi çok geniş değil ama dosya, ajanda, kitap, defter koymak için yeterli alanı var.ufak tefek bir çanta ama işlevsel kaba durmuyor sırtınıza taktığınızda rahatsızlık vermiyor.	1	1	1
1782	diğer yorumcuların yorumlarına katılıyorum. çabuk şişiyor, 3 nefeste tamamen kullanılabilir oluyor. alçak yastık sevenler için uygun ancak yüksek seviyorsanız beğenmeyebilirsiniz.	1	1	1
1783	oldukça etkili bir parfüm. kalıcılığı oldukça uzun sürüyor.kokusunu ben çok beğendim, çevremdeki insanlar da beğendiler. kullanılabilecek kaliteli parfümlerden bir tanesi.	1	1	1
1784	fiyatına göre gayet performanslı bir cihaz. uygulamasında herhangi bir sorun yok , rahatça entegre edilebiliyor. şarj konusunda mükemmel 1 hafta önce aldım hala %70 civarında şarjı var.	1	1	1
1785	hızlı şarj değil boşuna almayın. normal şarj ediyor. note 4'te denendi.	0	0	1
1786	kapakla firin arasindaki̇ lasti̇k fi̇ti̇l i̇lk kullanimda eli̇mde kaldi, çünki̇ o kadar basi̇t bi̇r şeki̇lde yapilmiş ki̇ anlatamam şöyle köşelerde bi̇rleşme noktalari var ve yapiştirici i̇le onlara tutturulmuş. satana kadar dayansin yeter di̇ye düşünmüşler sanirim	0	1	0
1787	makine çok güzel kalan süreyi öğrenmek için kapağı açmak gerekiyor. yıkaması güzel fiyta değer	1	1	1
1788	kesinlikle bu kamerayı alın.  pişman olmazsınız	1	1	1
1789	ürünü aynı gün teslim seçeneği ile başarılı bir şekilde teslim aldım. malesef ekran sorunlu çıktı, geri gönderdiğim günün ertesi param iade edildi. müşteri hizmeti konusunda çok iyi bir firma.	0	0	1
1790	iki tane aldım ve uzun süre kullandım. spor yapmama rağmen yağ yakımı konusunda fazla bir etkisini görmedim. spor yaparken daha çok ter atmanıza ve biraz daha enerjik olmanızı sağlıyor.  ciddi bir şekilde yağ yakmayı düşünenlere biraz daha pahalı olan diğer üst seviye ürünleri düşünmeşerini tavsiye ederim.	0	1	0
1791	yorum eklemek icin 6 ay bekledim kullanip bence uzak durun , ben memnun kalmadim.	0	0	1
1792	atraştırın özelliklerini bu fiyata alabilecğiniz en güzel ürün	1	1	1
1793	arkadaslar urun oldukca cok iyi yeni baslayalar bu urunu kacirmamali krom olmasindan dolayi parlak yeni bir disk alip var olan agirligi artirabilirsiniz fiyatta ucuzlamisken bu firsat kacmaz yaza ertelemeyin bu fiyata bulamazsiniz urun elime ulastiginda cantasi saglamdi	1	1	1
1794	evet ütü gerçekten iyi... bi kaç olumsuz yönleri... biraz ağır, su damlatmıyor diyorlar ama su damlatıyor,	1	1	1
1795	ürün tasarım olarak gayet güzel, veri transferi gayet hızlı, bu fiyata düşünmeden alınabilecek bir hdd.	1	1	1
1796	puan vermek gerekırse 100 üzerinden 60 verilebilir.	0	1	0
1797	öncelikle hepsiburadaya hızlı teslimat için teşekkür ederim...12.09.2015 tarihinde sipariş verdim 15.09.2015 tarihinde teslim ettiler..ilçede bulunmam nedeniyle ( horoz kargo ) ...iki eleman 6.kata taşıdılar...	1	1	1
1798	kesi̇nli̇kle tavsi̇ye temem ergonomi̇k olarak yük sadece çocuğun kalçasina bi̇ni̇yor zaten hi̇ç sevmedi̇ oğlum 8 aylik ve kullanamadik fi̇yati ucuz olunca i̇ade etmedi̇m uğraşmadim ama si̇z almayin	0	0	1
1799	10 gün önce elime ulaştı bu ürün. 5-6 kez kullanma şansım oldu. börek ve yemek için çok iyi bir ürün. turbo özelliği sayesinde et, tavuk vs çok iyi pişiyor. çok güzel tava yapılabilir. ancak kek hususunda bir şey diyemeyeceğim çünkü hiç denemedim. ama kek hususunda bu kadar başarılı olmadığı söyleniyor diğer kullanıcılar tarafından.	1	1	1
1800	i̇ki keredir siparis ediyorum.bi sıkıntı yaşamadım bebegimede iyi geldi	1	1	1
1801	tavan boyama niyetiyle aldığım ancak tam anlamıyla hayal kırıklığına uğradığım üründür. damlatmama olayını nedense ben beceremedim herhalde! boya çekilen yerinden dışarıya boya attı, tavana ruloyu sürmek için bir miktar kuvvet uygulamanız gerekiyor malumunuz, bu durumda rulonun metal borusu eğrilip ruloya sürtmeye başlıyor, boyayı ruloya dengeli olarak aktaramıyorsunuz, çünkü şırınga tarzı olan doldurma sistemi sizin isteğinizden bağımsız hareket edebiliyor. daha yazılabilecek fazlaca olumsuzluğu da olabilirdi belki ama ben  15 dakikadan sonra fırlatıp attığımdan başkaca tecrübe edinemedim... belki duvarlarda iş yapar bilemiyorum...	0	0	1
1802	güzel fiyat. güzel hizmet. hızlı kargo. piyasada arayıpta bulamadığım bu ürünü hb sayesinde çok uyguna aldım. teşekkürler	1	1	1
1803	altın bu aralar bir düşüşte arkadaşlar bu sitedeki fiyatlarada yansıdı şimdi alıp düğün sezonunda elden çıkarmak bana göre süper bir yatırım fırsatı	1	1	1
1804	normal bir yıkama kurulamadan bir nebze daha fazla parlaklık veriyor. yeni cilalanmış otolarda cila etkisini uzatabilir ve arabanızı yıkadıktan sonra o yorgunlukla tatmin miktarinızı artırabilirsiniz.	0	0	1
1805	öncelikle hepsiburada.com çok teşekür ediyorum ilk siparişim bu telefon oldu ve elime ulastı çok saglam ve çok rahat telefon herkese tavsiye ediyorum ne kadar clasic telefon olsada cok kulanıslı tekrardan böyle bir kaliteli ve güvenli bir site oldugu için saygılarımı sunuyorum	1	1	1
1806	oğlum yeni dogdugdugunda kullandık daha sonra mam marka hediye gelmişti ona başladık yenilemek için bu markayı aldım 15 aylık bebeğim hiç beğenmedi yüzüne uygun eğilimi yok parlayan kismida sadece kulbu en iyisi bence mam marka bulabilene artık sağlık herşeyden önemli gelişim için ağız yapısına uygun olmalı	0	0	1
1807	çok güzel hemde amortisörlü. çok kolay kulumlu korgo da hızlı ve iyi paketlenmiş.	1	1	1
1808	verilen paraya yazık tavsiye etmem	0	0	1
1809	kargonun çok hızlı olması gerçekten iyi. ayrıca ürün kalitesi de tartışılmaz. kesinlikle sürekli giyilebilecek bi terlik. bu fiyata bu ürün kaçmaz.	1	1	1
1810	memnun değilim yeni primadan sızdırıyor ve kötü kokuyor	0	0	1
1811	olması imkansız.	0	0	1
1812	ürün çok hızlı bir şekilde elime ulaştı. gayet güzel tasarlanmış bir ürün. kullanımı kolay ve rahat. fiyatı da piyasaya uygun bence daha hesaplı bile diyebilirim. i̇htiyaç duyanlara öneririm.	1	1	1
1813	ergonomik bir tasarım.	1	0	0
1814	ürün elime bügün ulaştı. beğenmeyenler kesinlikle yanlış kullanıyor. araç soğuken kullanırsanız  umduğunuz sonucu alırsınız. motora sıktıktan 15 dk sonra bi bezle temizleyin ilk günki gibi bi görünüm sağlarsınız.	1	0	0
1815	olumlu yorumlara göre satın aldım. ancak sıcaklık çok kötü. saçlara şekil vermekte zorlanıyorum. saç kurutma makinasının biraz daha güçlü üfleyen bir çeşidi olarak düşünebilirsiniz. daha iyi tercihlere yönelmenizi tavsiye ederim.	0	0	1
1816	kitap gerçekten güzel, kronolojik sıraya dikkat edilmiş, bazı noktalar hızlı geçilmiş olmasına rağmen fridanın kendi yazdığı mektupları da içeriyor..ben beğendim!	1	1	1
1817	sessiz çalışıyor fakat hangi ayarda ne kadar çalıştırmam gerektiğini bilmiyorum, nemi ölçerek otomatik dursa ve tekrar başlasa daha güzel olurdu. ayrıca odayı baya soğutuyor.	1	0	0
1818	resim tamamen abartı, banta telefonunuzun flaş ışığı gibi yoğun bir ışık uygularsanız 1 - 2 dk resimdeki gibi oluyor fakat sonrasında fark edilmiyor bile	0	0	1
1819	çok ufak ve basit plastikten yapılmış. hiç kullanışlı değil	0	0	1
1820	bu ürünü süpürge amaçlı alacaksanız kesinlikle işe yaramıyor çünkü motor önündeki koruyucu bez tozla dolduğunda çekim işi bitiyor.ama gırgır maksadıyla alacaksanız kullanılabilir	0	0	1
1821	ürünü alır almaz deneyemedim malum yağmurlardan dolayı. denediğimde tabanca hortum birleşim yerinden felaket su kaçırdı. hatta yere koydum tabanca hortumdan fırladı. tazzikli suya dayanıklı değil. hortumun tabancayı tuttuğu çeneler uyduruk. i̇ade etmek için geç kaldım. sadece hortum olarak kullanacağım artık.	0	0	1
1822	başlarda çok işime yarıyordu ama daha sonrasında eggtimer yazan bölüm hep sarı kaldı kısaca kıvamının nasıl olduğu anlaşılamıyor kısaca bir müddet sonra işe yaramaz hale geliyor.	0	0	1
1823	bu paraya bu kadar olur.ağırlık yapan madde tıpasından dökülüyor.	0	0	1
1824	ürün çok şik ve kali̇teli̇ emeği̇ geçen herkese teşekkürler:-)	1	1	1
1825	eksileri: 1- wi-fi zaten zayıf ve hassas bir bağlantı olduğundan doğru yere konumlandırmazsanız nadiren kısa süreli kesilmeler olabilir.	1	1	1
1826	bu fiyata bu kalite ve hepsiburada farkıyla ben memnun kaldım kesinlikle sizin de memnun kalacağınızı düşünüyorum	1	1	1
1827	6 7 aydir kullanıyorum oldukca memnunum sadece eksi olarak alarmi ayarlarken ekran isigi kapaniyor.	1	0	0
1828	kurulum isinde biraz zorlandik acikcasi.keske icindeki talimatlari daha anlasilir olsa....	0	1	0
1829	emsallerine bakınca küçük gibi algılanıyor. bende bunu alırken ölçülerine baktım mutfağımı ölçtüm eh idare eder zaten çok büyük birşeyde lazım değil dedim ama geldiğinde gözüme çok büyük göründü. 3 bölme çekmecekler geniş, çekmece olmasın tıka basa doldurayım mantığı bence yanlış. çünkü çekmecede alan kaybı yok. çekmecelerin altında mazgallar var. alttan üstten ortadan her yerden dengeli soğutuyor, fiyatına göre kalitesi uygun olduğunu düşünüyorum.	1	0	0
1830	sayac manuel guzel degil ve ip atlarken cok dolasiyo	0	0	1
1831	fiyatına bakınca acaba diyor insan ama hiç düşünmeden alabilirsiniz evde amatör kullanım için süper bir alet.pişman olmayacaksınız yanında kesim bıçaklarıda var.	1	1	1
1832	kargo hemen gelir diyorlar on gündür kargo halen çıkmadı bu firmadan biley alınmaz artık	0	0	1
1833	eskidiğine ve yavaşladığına inandığınız notebookunuzu yenide kazanmanın en kolay yolu. en az on kat hızlanıyor, çok memnun kaldım. sorunsuz ve hızlı teslimat için teşekkürler hepsiburada.com	1	1	1
1834	başarısız gücsüz pek bi işe yaramaz	0	0	1
1835	kokusu kalıcı deil hemen ucuyor	0	0	1
1836	anca süs olur.minicik bişey.gereksiz	0	0	1
1837	son aldigim 2 kutudan hic memnun kalmadım.bez ortasindan kiyafete sızdırıyor, prima ya yakışmadı. bu tur sikayetleri görünce de iyice emin oldum. baska marka deneyeceğim	0	0	1
1838	ürün fiyatının üzerinde bir kaliteye sahip, çok şık ve şirin. hediye olarak beğenilecek, her odaya uygun renk ve desenleriyle seçenek oluşturan tasarıma sahip bence...	1	1	1
1839	ürünün sorgulamasını yaptım orijinal gönül rahatlığıyla alabilirsiniz	1	1	1
1840	yorumlara bakarak aldım ama hiç beğenmedim. ürün ince ve yumuşak plastikten yapılmış. biraz daha fazla verip güzel bir ürün alın derim.	0	0	1
1841	10 defa kullandık motor gitti. fiyatını hiç hak etmeyen bir ürün. diğer arkadaşların dediği gibi suyun aktığı delik devamlı tıkalı. uzak durun.	0	0	1
1842	çok çabuk bir şekilde teslim aldım üründe fiyatına göre gayet iyi teşekkürler hepsiburada.com.m.y buca.i̇zmi̇r	1	1	1
1843	eğer benim gibi jiletsiz makina ile traş oluyorsanız bir üst model olan ürünü tavsiye ederim çünkü onun 0,5 mm kesme özelliği var.bu üründe sakalı gayet güzel kısaltıyor ancak diğer üründeki performans çok daha iyi.	1	1	1
1844	oyunu aldım üzerinde türkce yazmasına rağmen türkce cikmadi oyun ingilizce onun dışında oyun guzel zevkle oynanır arşivde bulunması gereken oyunlardan biri bence	0	1	0
1845	başka bir kullanıcının yorumu vardı: saç birikiyor diye. aynen doğru. küçük çocuğumun saçını tıraş etmek için kullandım. bıçakların üst kısmında birikme oluyor ve saçlar bıçak ağzına giremeyince kesim sıfıra düşüyor. makineyi durdurup, tarağı çıkarıp , bıçak ağzını temzilemek gerekiyor. çocuk saçını keserken bu işlem çok kötü. ilk kullanımda şarjı 45dk gitti. başka da bir artısı ve eksisini göremedim.	0	0	1
1846	olumlu yorumlara güvenip sipariş verdim. çok dikkatli bir şekilde videodaki gibi yapıştırdım. edge ekranının uç kısımları yapışmıyor. 10 dakika bastırdım yinede yapışmadı haliyle yapışmadığı içinde kalkıyor.	0	0	1
1847	çok donuyor	0	0	1
1848	aslında benzer bir ürün kullanıyordum ancak o ürün oynar başlıklı değildi. fiyatı uygun olduğu için bunu aldım eskisi biraz daha pahalı bir üründü ama kalite farkı yok, sadece kılıf içine konan teneke bildiğiniz teneke kolaylıkla bükülüyor, ama bence böyle olması daha iyi çünkü telefonumun arkası kavisli olduğundan şeklini kolaylıkla alabiliyor.	1	0	0
1849	makina biraz küçük ayrıca malzemesi çok dayanaklı durmuyor ama ısıtması güzel. küçük aileler için kullanışlı olabilir	0	0	1
1850	urun gayet guzel tavsiye ederim	1	1	1
1851	kesinlikle tüm modellere uyumlu değil. benim bisikletimin selesi geniş ve aldığım ürün kesinlikle seleye takılamıyor	0	1	0
1852	bu ürün pi̇yasaya çikali uzun bi̇r süre oldu ama heralde hi̇ç favori̇li̇ği̇ni̇ kaybetmi̇yecek.markasi zaten tartişilmaz.bi̇rde mari̇fetleri̇ni̇ hi̇ç anlatmaya gerek yok çünkü kendi̇ni̇zi̇n kuaförü oluyorsunuz kullanmaya başladiğinizda.herkeze i̇yi̇ kullanimlar.	1	1	1
1853	tost makinesini 3 aydır kullanıyorum.tost yapmak için almıştım fakat tavuk yapmayı denedim.çok güzel oldu.izgaradaki lezzeti yalkalayabildim.almadan önce çok araştırma yapmıştım.şimdi doğru seçim yaptığımı daha iyi anlıyorum.	1	1	1
1854	eh iyi sayılır. sesi daha az olsaydı	0	1	0
1855	özelliği yok parasına göre normal.	0	0	1
1856	plastik saydam kapağı bulaşık makinesinin üst rafına sığmadı	0	0	1
1857	piston 2 kullanıcısı olarak bir arkadaşa önerisinde bulunduğum kulaklık.gerçekten çok başarılı. gönül rahatlığıyla kullanılabilir.	1	1	1
1858	kumaş kalitesi güzel, montaj kolay. ancak ürün göründügü kadar büyük ve kullanışlı değil. parçaların arası sürekli açılıyor, çok hafif olduğu için sürekli kayıyor. çok beğenerek almıştık. ancak rahat kullanamıyoruz. fiyatı uygun ama sadece görsel olarak dursun diye alınır günlük kullanım için tavsiye etmem.	0	0	1
1859	ekstra diş macunu alıp dişlerinizi bir fazla fırçalarsanız etki daha büyük olur çünkü etkisi yok.	0	0	1
1860	playstation dünya bir numarası uzatmaya gerek yok zaten çok keyifli saol hepsiburada	1	1	1
1861	hız	1	1	1
1862	muzik eşliğindezevkle resim yapıyorlar.ses çok iyi	1	1	1
1863	duracell kalitesi uygun fiyat hepsiburada,ya teşekkürler.	1	1	1
1864	eh işte. ürün zayıf sakın çok zorlamayın çıtlaklar oluşuyor. evet limonu sıkınca suyunu çıkartıyor. ancak çokta becerikli değil.	0	0	1
1865	ben memnunum. tavsiye konusunda fikrim yok. ama ben pişman değilim. aracım eski, yıpranan kısımları kısmen kapattığına inanıyorum. arabam daha sessiz çalışıyor. motoru da zorlanmıyor. nedeni mobil1 yağı ile bor power kullandığım için de olabilir.	1	1	1
1866	ekran karti süper her oyunu rhatlıkla açıyor  tam bir f/p ürünü herkese öneririm	1	1	1
1867	ürünü alalı bir yıl oldu nerdeyse	0	0	1
1868	kaliteli ürün..	1	1	1
1869	çok fazla bir şey beklemeyin. hafif keskinleştirilmiş bir metal ile kesme yapmaya çalışıyor.ondada tam beceremediği olabiliyor. tekrar ikinci kere deneme yapmanız gerekebiliyor. 5mm gibi bir yarı çapta kesme yapıyor. daha derin yuvarlama yapabilirim diye düşünmüştüm. ama yapısından dolayı bu mümkün değil.	0	0	1
1870	daha önce bu tip iki askı kullandım. en beğendiğim bu oldu. bu fiyata bu kaliteyi beklemiyordum doğrusu.	1	1	1
1871	berbercinin tıraş sonrası sıktığı koku gibi	0	1	0
1872	evde kullanmak için aldım. amatör kullanıcılar için fazla bile gelecek bir ürün bununla büyük bir mermer parçası kestim demir kestim sorun yaşamadım zaten bosch olması yetiyor alacaklara hayırlı olsun	1	1	1
1873	güzel bir ürün... fiyatına göre gayet başarılı.	1	1	1
1874	şarj süresi inanılmaz kötü gidiyor. telefonla görüşemiyorsunuz. ama onun dışında bu fiyata araçta sadece ses gönderimi için kullanılacaksa ve sürekli şarj da bırakabilecekseniz alınabilir..	0	0	1
1875	sürekli bant kayıyor spor salonuna gidip oradaki koşu bantlarına alışanların işleri zor her adımda bandın altındaki zemine sürtmesi gerçekten işkence sürekli sağa sola kayıyor ayarlarıyla uğraşsanda pek çözülecek bir şey değil sessiz diyen arkadaşlar bence komşularınada sorsunlar benim alt katımdaki annemler olmasına rağmen odadan sesten dolayı başka odaya almak zorunda kaldım birazdaha para verip daha profesyonel birşey almanızı tavsiye ederim	0	0	1
1876	ben beğenmedim o kadar güzel değil , idare eder.	0	0	1
1877	görüntüsü güzel ama çok titreşimli çalışıyor neredeyse porselen dişlerimi yerinden oynatacak, fırçaya devam yani; bu aleti porselen dişi olmayanlar kullanabilir ancak	0	0	1
1878	ben ürünün montajını yaptım fakat aşırı zorlandım duvar ile baglantı yapmak kolay fakat araya giren su sızdırmayı engelleyen plastik jonta vasat yeni alın derim ama ürün hoş duruyo	0	0	1
1879	ama parayi kolay kazanmiyorum ben di̇yorsan alma	0	0	1
1880	ürün çok başarılı samsung aşmış durumu herşey birarada üstelik kulak ağrılarına son veren bir model nokianında buna benzer kablolu bluetooth bir kulaklığı vardı ama özellikleri karşılaştırılmaz bile sadece bağlantı koptuunda çok pratik bağlanmıyo teli açıp kapatmak  gerekebiliyo.onun dışında gayet iyi	1	0	0
1881	daha kullanmadım ama paketin %60'ı hava dolu.	0	0	1
1882	dar geliyor bir işe yaramaz	0	0	1
1883	ürünü yaklaşık 2 aydır kullanıyoruz 3 yaşındaki kızım için aldım fakat bende biniyorum çok güzel bir ürün 90kiloda sorunsuz gidiyo	1	1	1
1884	hiç bir etkisi yok. yorumlara bakıp almıştım ama yanıldım. ilk defa aldığım bir üründen pişman oldum.	0	0	1
1885	çok ince taneli olması biraz fazla dağılmasına sebep olsa da bu kuma geçtiğimizden beri koku derdimiz kalmadı. fiyat olarak ta hepsiburada.com gayet ekonomik. kesinlikle tavsiye ederim	1	1	1
1886	evet bu paraya bu kadar.	0	0	1
1887	arkadaş almış bu telefondan ben bu edge muhabbetini sevmemiştim ama elime alıp telefonu biraz kullandım harika bişey özelliklerini zaten biliyoruz 4 dörtlük bir telefon fiyatı kendisine yakışıyor tereddütsüz alınabilecek telefon.	1	1	1
1888	ürün kullanışlı.ancak benim gibi çevirdiğinizde prizi kullanacağınızı zannetmeyin, tamamen kapatıyor	1	1	1
1889	ürün gayet güzel, fiyat olarakta çok iyi. teşekkürler	1	1	1
1890	pratik ve hızlı iyi ki almışız.	1	1	1
1891	devamlı kulanılan çok özel ve güzel ürün	1	1	1
1892	maalesef yastık içi çok az boşuna iki tane göndermiyorlar iki yastığı birleştirmek gerek	0	0	1
1893	ürün dün elime ulaştı. gayet güzel ve kullanışlı. uzun barda sıkıştırma civataları çabuk gevşiyor. tek sorun bu. ama oda yapılmayacak bişey değil. teşekkürler	1	1	1
1894	ürün cabuk ısınıyor, ancak sacta cok bekletmek ve tutamlar az almak gerekiyor, gür saclılara göre değil, çok yorucu oluyor cünkü	0	0	1
1895	iki yıldır kullanıyoruz hiç bir sorun yaşamadık hediye olarak alıyoruz tavsiye ederim. hepsi burada dan en kısa zamanda gelmesini bekliyoruz	1	1	1
1896	kitap başta çok güzel gidiyordu normalde tam tersi olur ya. ben sonlara doğru sıkılmaya başladım. ne oldu diye merak ederek değil de bitirmek için okudum. ama herkesin bakış açısı farklıdır tabi... keyifli okumalar...	0	1	0
1897	belden sırt tarafından kaçırıyor,bebeğin sırtına hep bulaşıyor	0	1	0
1898	thermoform iyidir diye aldım ama ilk yıkamada küçücük oldu çorap. giydikten sonra açılmada yapmadı, hatta ayağımı fazla sıktığı için daha fazla üşüdü ayaklarım.	0	0	1
1899	ürün 1 gün sonra elime geçti.yastıklar dolu dolu,çok yumuşak değil,bana göre ideal yastık..tavsiye ederim..teşekkürler.emeği geçenlere..	0	1	0
1900	her evde yedeklerinin de olması gereken ürün. üstelik bedava kargo. düşünmeden sipariş verin şarj edilebilen defalarca kullanılabilen bu ürünü bu fiyata başka yerde bulamazsınız...	1	1	1
1901	siparişim kısa zamanda geldi fakat çokta kullanışlı değil taktım kullandım kasislerden geçerken telefon düşüyor	0	0	1
1902	ürünü bir senedir kullanıyorum. ve hiç memnun değilim . bir tarafa çamaşır astığımda , sanki her an düşücek gibi duruyor. balkonda frenleri kapatmama rağmen rüzgar da askılık uçup gidiyordu az kalsın.:(	0	1	0
1903	ürünün plastik kalitesi iyi fakat bileşim yerlerini evde çekiçle vurarak vs. sıkılaştırıyorsunuz. hiç vida kullanılmıyor. erken dağılma görülebilir.	0	0	1
1904	ürün bildiğiniz yurtdışı sitelerinde satılan ürünün aynısı. çok rahat işlev görür kalitede. bileğe takılabilen kayışında aynı zamanda gerdirme yapmak için bir sıkıştırma aparatı bulunmakta. i̇htiyacı olan  alsın tavsiye ederim. aynı gün kargo ile ertesi gün teslim aldım.	1	1	1
1905	kirlenene kadar kullan sonra da  at. çok rahat. çanta için de ideal. alt açma sıkıntısı yaşamak istemiyenler için ideal. hem evde hem de dışarıda sadece bu ürünü kullanıyoruz. tavsiye ediyorum.	1	1	1
1906	jellerden nefrest eden bir insan olarak ilk defa deneyeceğim. öneren cok arkadasım var. yalnız fiyatı başka x bir markete göre gercekten yarı yarıya. kargo da ödemiyorsunuz. değerlendirin derim.	1	0	0
1907	aynı anda kingston ve san disk siparişi verdim. kingston daha pahalı olduğu halde, sandisk ten yavaş kaldı	1	0	0
1908	a4 tech iyi marka aslında ama bu modelde açma kapama düğmesi yok. üstelik kablolu maouslarda mause hareket edinci kırmızı ışık yanıyordu burda yanmıyor yani çalışıp çalışmadığı belli değil. açma kapama düğmesinin olmaması bilmiyorum kullanımı ne kadar etkileyecek. i̇lk kurulum biraz uzun sürebilir. ben ilk taktığımda bir an tanımadı zannettim ama biraz bekleyince tanıdı. sabırlı olun. fiyatına göre uygun. keşke açma kapama düğmeside olsaydı.	0	0	1
1909	urun çok tatlı çok beğendik ailece.	1	1	1
1910	panasonic marka traş bıçağının pillerini bu piller ile değistirdim. bunların amperi daha yüksek olması sebebi ile şarz suresi uzadı haliyle diğerleri 20 dakika da biterken bu piller şimdiden bu sureyi geçti  bakalım ne kadar daha sürecek. ayrıca yaklaşık 15 yıllık hepsiburada musterisiyim gün geçtikçe hizmet kalitesi artmakta çok nadir de olsa yaşanan aksaklıklara yapıcı çözümler sunarak bizlere güven veriyor. mağazalarda yaşadığımız sıkıntıyı burada yaşamıyoruz desem yeridir.	1	1	1
1911	beklediğimden daha kaliteli ve hafif	1	1	1
1912	ürün çok iyi ama beklediğimden biraz alçak çıktı. daha yüksek modelini tercih etsem daha iyi olacaktı.	1	1	1
1913	almayı düşünenler tereddüt etmeden gönül rahatlığı ile alabilirler. hepsiburadaya ve tedarikci firmaya tşk ederim..	1	1	1
1914	süper!!!! uygun fiyat hızlı teslimat teşekkür ederim	1	1	1
1915	mazot deposu delinmişti,onu kapatmak için kullandım,bildiğiniz demir gibi bir şey,çok başarılı.	1	1	1
1916	ürünün elime ulaştığı gün şişirip outdoor sahada 1 saat oynadıktan sonra top tamamen tozla kaplandı ve elimden kaymaya başladı. ayrıca üstündeki siyah çizgiler yer yer silindi. kısacası outdoor saha kullanımı için uygun değildir.	0	0	1
1917	ürün elime çok hızlı ulaştı,fakat orijinalliğiyle ilgili şüphem var. çünkü orijinal apple adaptörler ağır olurken,bu bayağı hafif.fakat ısınmaya yol açmıyor şimdilik. i̇lerleyen zamanlarda ne olacağını ben de bilemiyorum.	0	1	0
1918	indirimdeydi diye aldım	0	0	1
1919	alırsanız ekranındaki filmi çıkartın yoksa ekran dokunmatiği iyi çalışmıyor zanledersiniz bağzı arkadaşlar gibi.	0	0	1
1920	son derece hizli ve profesyonel bir makine.	1	0	0
1921	seramik değil ama şık.beğendim.gayet güzel	1	0	0
1922	ürünü sabah saat 10:00 da sipariş verdim ürünle beraber arka koruyucu şeffaf kılıf ve ön koruyucu saydam kılıf siparişide verdim, her üç üründe aynı anda aynı gün saat 14:20 de kargoya verildi, şaşırdım, hızlı kargo için teşekkürler.	1	1	1
1923	açıklamada bahsedildiği gibi 140 cm e kadar uzayabiliyor 110 cm duvarda gayet kolay kuruluyor ancak sıkmak biraz zor yaninda sıkmak için bir aparat verilebilirdi ama yaninda verilen dübel tarzı şeyler kullanılabilir uzattıkça taşıyabileceği yükte azalıyor tabii ki .	1	1	1
1924	değil cebimde çantamda taşımak bile sorun olurdu. kullanmadan geri gönderdim.	0	0	1
1925	2-çok hafif	1	1	1
1926	yalnız şişe tasarımı iyi. kalıcılık orta düzeyde. 1 saat sonra bir şey kalmıyor gibi. parasını hak etmiyor bence.	0	0	1
1927	urun dogru olcum yapmiyor ilkinde 81 kg gosteriyor 2denemede 83 kg hatali yag su ölçme oranlari tamamen yanlis tavsiye etmem sade bi cihaz almak bundan cok daha iyi parasini hakketmiyor	0	0	1
1928	biz kuru mama ile karıştırıp dışardaki köpeklere veriyoruz hepsi sevdi, biraz sulu bir mama bu arada.	1	1	1
1929	2 tane almıştım. 3. gün civarı ilki taktığımda cihazı görmemeye başladı. birkaç hafta sonra da diğeri. bir daha bu markaya bulaşmam	0	0	1
1930	tavsiye etmem. parasına göre kalitesi çok zayıf	0	0	1
1931	ama genel olarak bu fiyatlara daha iyisini bulmak zor,samsung da olsa alınabilir bir telefon olduğunu belirtmek isterim.	0	1	0
1932	yazması çok rahat bir kalem, ancak imza dışında kullanılması biraz zor. çünkü 1.0mm ucu normal yazım için çok kalın ve fazla mürekkep veriyor	0	1	0
1933	saydam kılıfta tutmuyor. kılıfsız olduğunda ise tutuyor ama sağlam durmuyor kayıyor.	0	0	1
1934	yorumsuz kötü .  anca ayakkabı tozu alırsınuz	0	0	1
1935	telefon özelliklerine göre çok güzel bir telefon bir kişinin aradığı özellikler hemen hemen var sadece görüntülü konuşma özelliği yok buda olsa bu fiyata almak mümkün olmaz sanırım.ama yinede başka firma telefonlarıyla kıyasladığımda fiyat ve özellik olarak bu ürün daha iyi.herkese tavsiye ederim.	1	1	1
1936	öyle eve girince yüze çarpan bir koku değil. yanına gidince kokuyor.	0	1	0
1937	kullandım ancak daha önce kullandığım farklı bir markadan çok farklı olduğunu düşünmüyorum. fiyatına göre beklentiyi karşılamıyor.	0	0	1
1938	evet ışığı ilk başlarda ciddi yansıtmasına ragmen bir kac dakikada sönüyor sönük kalıyor.	0	1	0
1939	ürünü şarj ederken ışıkları yanıp sönüyor 4_5 mah enerji oraya gidiyor .çok acemice bir üretim hatası.	0	1	0
1940	fiyatına göre  cok uygun ürün	1	1	1
1941	fairy platinum gerçekten en iyisi. makineden bulaşıklar tertermiz çıkıyor. 70li paket çok uzun süre gidiyor. burada fiyatı da çok iyi. annem başka marka kullanıyordu denemesi için bir kaç tane verdim o da fairy kullanmaya başladı.	1	1	1
1942	yoğun deri kokusunu biraz da koku vardı tertemiz oldu kesinlikle tavsiye ediyorum çokta hızlı kargo (800km)...	1	1	1
1943	çok kaliteli tv tavsiye edilir.	1	1	1
1944	geniz yakacak kadar şekerli bir koku baş ağrıtıcı	0	0	1
1945	bu fiyata bu ürünün kaçırılmaması gerekerir . bir de kargo bedava olması ürünü çok cazip kılıyor. hemen sipariş verdim ben de.	1	1	1
1946	bugün elime ulaştı yüzücüyüm keyfi yüzüşlerimde bu boneyi kullanıyorum fiyatının karşılığını kat kat veren bir bone :)	1	1	1
1947	herkeze tavasiye ederim çok güzel bir ürün	1	1	1
1948	i̇lk defa kullandım tamamen sokak kedileri icindi.ancak begenilmedi aç kalmadik ca yemiyorlar. aldığım torbalardan birini verdiğim komsumda aynı durumdan şikayetçi	0	0	1
1949	ürünü kullanmaya baslayalı 5 gün oldu ve mükemmel sonuclar aldım. saclarımı düzlettirdikten sonra 2 gün rahatla kullanabiliorum. bu fiyata bu kalite kaçmaz hanımlar...	1	1	1
1950	urun zevkli ama kesinlikle küçük yaştakilerin parcalri birbirine gecrirmesi zor 30 yasindayim ben zor gecirdim.kullanimı kolay değil yani.	0	0	1
1951	telefonu güncelledikten sonra bir kaç uygulama yükleyince hemen hafıza sıkıntısı oluyor. siz ne kadar sd kart takarsanız da bu var malesef. yeni uygulama yüklemekte güçlük çekiliyor. ne yazık ki öneremeyeceğim. piyasada 16 gb olan eşdeğer fiyatta güzel ürünler var.	0	0	1
1952	yapıskanından çıkıyor	0	0	1
1953	ederiz.bu fiyata alınabilecek en güzel top bence. daha önce daha pahalı başka bir marka kullanmıştım ancak bu ondan daha kaliteli.	1	1	1
1954	eşim için aldık. dışarıya göre fiyatı çok uygun. ancak biraz ince olduğu için pilates hareketlerini yaparken kaydığını söylüyor. ancak bu da çok sorun teşkil etmiyor. uzunluğu gayet yeterli. beklentiniz yüksekse biraz daha kalın olan bir mindere bakabilirsiniz.	0	0	1
1955	ürün görsel olarak çok şık ve kullanışlı. ancak hızlı şarj etmiyor. samsung galaxy s6 edge telefonu orijinal hızlı şarj aleti ile kullanmama karşın yavaş şarj ediyor.	0	1	0
1956	çantalı olması koyduğunuz yerde düzgün durmasını sağlıyor.	1	1	1
1957	bu renkli kalemlerle yazı yazmak gerçekten çok zevkli. kutulu olarak satılması kullanıcı için avantaj oluşturuyor. ayrıca fiyatı büyük kırtasiyelere göre çok ekonomik. stabilo kalemleri hepsiburada dan almanızı tavsiye ederim.	1	1	1
1958	evde kullanımı rahat olmasıyla beraber her kapıya uymayabilir..mutfağın hemen karşındaki kapıya taktım ki mutfağa her gittiğimde beni uyarsın yediklerime dikkat etmem gerektiği mesajını versin diye sizde deneyebilirsiniz bu taktiği..girmeden 3-4 tane barfiks çekmeye çelışıp mutfakta fazla oyalanmanızı engelliyor...sağlık dolu günlere..	0	1	0
1959	hepsiburada ile tanışana kadar internet ortamında altın alışverişini düşünmemiştim.çok memnunum ,hızından ve güvenilirliğinden dolayı tebrik ederim.taksitlerim bittikçe devam etmeyi düşünüyorum.	1	1	1
1960	urun kuvetlenmek için iyi çalısma hayatınızda çalısrsanız ağrımaz eller uzun sure calsımalarda 3 tel ile calısmak tavsiye edilir tavsiye edilir	0	1	0
1961	yazıcıda buruşma yapmıyor, kağıt kalitesi çok güzel, daha pahalı kağıtların yerine tercih edilir bir ürün, memnun kaldım ürün de çok kısa sürede geldi	1	1	1
1962	ürün evime geldi özellikleri, içinin çelik olması ve fiyatı çok güzel kargoda veya yetkili servistede sorun yaşamadım hızlı ve temkinliler ama malesefki ürün kalite kontrolden geçmemiş gibi daha kurulumda arıza verdi swich bozukmuş servis tamir edelim dedi bende kabul etmedim iade ediyorum. geri iadedeki prosedürle uğraşıyorum ürün geldi diye sevinirken böyle şeyler yaşamak çok kötü	0	0	1
1963	bunun yerine diğer mini usb cinsinden almanızı şiddetle tavsiye ederim.fiyat farkı pek yoktu.	0	1	0
1964	ben iki kez o üründen aldım gerçekten etkili on köpekten altısı diyebilirim ama çabuk bozuluyor ve sonra at çöpe üçüncüyü almam artık	0	0	1
1965	sahsen bu urun benim beklentimi karsilamadi.  celik denmis fakat ben oyle oldugunu dusunmuyorum ince bir tabani var konserve kaplari gibi kalitesi dusuk bir ürün bu fiyata deger mi emin degilim ama 3 farkli sekilde kelepceli kek kalibim olsun kalitesi cok onemli degil diyorsaniz almayi dusunebilirsiniz	0	0	1
1966	ben çok memnun kaldım etrafımda alanlarda öyle.	1	1	1
1967	özet: etkisi dışında her şeyi güzel	0	1	0
1968	selamlar. nicd pilli einhell şarjlı matkabımın pilleri birince kalitesine güvendiğim einhellin bu ürününü tereddğtsüz aldım ve beni yanıltmadı. 2. pilinin olması ayrı bir artı. herkese tavsiye ediyorum.	1	1	1
1969	fakat bozulunca herşey ortaya çıkıyor	0	0	1
1970	küçük ve kalitesiz matkap uçları idare eder, birkaçta dübel konulmuş. alet çantası olarak kullanılabileceğini düşünmüyorum, ancak hafif ürünler konulabilir.	0	0	1
1971	hızlı kargo güvenli alışveriş.	1	1	1
1972	bundan önce de bir tp-link modemim vardı aslında o iyiydi ancak kopma sorunu başladı firmware güncellemesi de yapmama rağmen sorun çözülmedi yoktan yere modem almam gerekti, bu sefer aynı markanın bu modeli aldım ancak 2 haftalık deneme süresi içerisinde kopmalar yaşadım araştırdığımda kronik hatalı bir ürün olduğunu gördüm düşünmeden iade ettim. dikkat edilmesi gereken bu model modemin birden çok versiyonu var burada satılan v1 yani ilk versiyonu, diğer versiyonlarda bu hata gideriliyor sanırsam. online oyun oynamıyorsanız ve/veya haftada 2-3 kere 3 saniyelik kopmalar sizi rahatsız etmeyecekse alınabilir.	0	0	1
1973	kılıf hızlı şekilde elime ulaştı ama beklediğimden çok kalın ve biraz kaba  çıkınca iade ettim. hızlı ödeme iadesi için hepsiburada.com a teşekkür ederim.	0	1	0
1974	bu ürünü evi benim gibi dar olanlara tavsiye ediyorum.tek  kişilik ürünlerin en küçüğü o bakımdan küçük olan odamıza yerleştirdik,kullanıyoruz çok memnunuz,ürünün hızlı bir şekilde elime geçmeside avantaj ilgililere çok teşekkür ediyorum...	1	1	1
1975	arkadaşlar ürün gayet iyi ben kendim yıkama imkanı bulamadım benzinlikte otomatik makinaya girmeden sağına soluna süngerle biraz sürdüm sonuç harika kendim yıkasaydım nasıl olurdu tahmin edemiyorum	1	1	1
1976	ürün laptobu hiç soğutmuyor kendine hayrı yok sakın almayan alacaksanız sadece tek büyük fanlı soğutuculardan alın küçük soğutucuların hiç bir faydası yok geldiğinin ertesi günü iade talebimi oluşturdum,bu fiyata kesinlikle değmez.	0	0	1
1977	beklediğimden küçük, kulplar vs düşük kalite. balkon, kiler gibi yerlerde iş görür. evin içinde kullanmak için şık bişey değil.	0	0	1
1978	i̇şim gereği şarj bende çok çabuk bitiyor. yorumlara bakarak aldım mükemmel çıktı. iphone 5i %0 dan %100 4 sefer ve s4 1 sefer şarj etti	1	1	1
1979	hızlı kargo uygun fiyat  güvenilir site	1	1	1
1980	çelik kapı için almayın da diğerlerinede fena değil	0	0	1
1981	kuşum severek yedi. güzel kaliteli yem	1	1	1
1982	ürün tam bir ayda ulastı elime. kalitesi umduğum gibi, fiyatına göre iyi.	0	1	0
1983	telefon süper başta teredutlerim vardi ama  gelince iyi ki almisim dedim hicbir sıkıntı olmadi kargoda hizli geldi herseyi cok guzel tek sorununuz ekrana filan bisi olursa orda yasarsiniz o yuzden iyi korumalisiniz e onuda yapin bizahmet	1	1	1
1984	almayı düşünenler varsa çekinmeden alabilirler.	1	1	1
1985	kışın en sert zamanında giydik idare eder... fena değil	0	0	1
1986	kri̇ko alincak i̇se bu üründen vazgeçmeyi̇ni̇z hi̇droli̇k kri̇ko aldim ama performansini beğenmedi̇ği̇m i̇çi̇n bu ürünle deği̇şti̇m gerçektende çok farkli güven veri̇yor, circirli kolu sayesi̇nde hi̇ç zorlanmadan kaldirabi̇li̇yorsunuz, 30 cm ci̇vari kalkabi̇li̇yor buda arabayi devi̇rme derecesi̇ne kadar geti̇rebi̇li̇yor, hi̇ç düşünmeden alinabi̇lecek bi̇r ürün	1	1	1
1987	aldığım en kötü yedek şarj cihazı bu sanırım. bundan daha kapasitesiz ürün s7 edge ' i 2 kez tam dolduruyorken bu %30 a kadar 1 kez dolduruyor.	0	0	1
1988	gerçekten şık güzel bir telefon özellikle yanında ayrıyetten fotoğraf makinesi taşımak istemeyenler için ideall.aynı zaman da hafif başlıbaşına nokai kalitesinde bir telefon.	1	1	1
1989	ürünün faydasını göremedim hatta sanki camda buğuya benzer bi tabaka bırakıyor	0	0	1
1990	sokagın karşısındaki komşumdan internet aliyorum. balkon ve o yöndeki odada telefon ve tablet tek şerit, laptop iki serit cekiyor. evin her tarafina sinyalı yaymak icin bu cihazı aldım. kurulumu kolay. çok iyi sinyal veriyor. fakat sinyal almıyor. zar zor tam balkon korkuluğunun üstünde sinyal yakalayıp kaydettim ve oraya bagladım. ama veri alışverisi cok zayıf ve sürekli kopuyor. ürünü iade edecegim.	0	0	1
1991	cildim çok tahrişli, mach3 kullan at kullanıyordum. her traşta mutlaka yüzümde kesikler oluyordu. bu traş bıçağını denedim. i̇nanılmaz. çok beğendim. kesinlikle abartmıyorum. yalnız fiyatı biraz pahalı. umarım daha uygun fiyatlara çekerler. bundan sonra başka traş bıçağı kullanamam herhalde.	1	1	1
1992	fiyat performans gayet iyi, dış ortamda kullandık beklediğimden iyi ışık veriyor. çapı normal ampullere oranla daha geniş olduğu için kullanacağınız armatür genişliğini kontrol etmelisiniz.	1	1	1
1993	güzel ürün harika mükkemmel daha ne yazayım	1	1	1
1994	ürün 24 saatte elime ulaştı. koku aromatik tütün ve çikolata kokusu ile harmanlanmış.	1	1	1
1995	ürün sağlam ve rahat  bu paraya bu kali̇te fazla bi̇le di̇yebi̇li̇ri̇z ancak tek sorunu çok ağir bi̇ kokuya sahi̇p olmasi	1	1	1
1996	çok hızlı gönderi ucuz fiyat	1	1	1
1997	güzel tasarım fakat  kalitesiz. çok esniyor kilit kısmı hemen kopar.o zaman kaldır at	0	0	1
1998	ürünün kurulumu ve kullanımı çok kolay her şey çok iyi özetlenmiş. tavsiye ederim	1	1	1
1999	ben yeni aldım ürünü çok memnunum sadece mesaj yazarken biraz zorlanıyorum (oda tuş takımı olmamasından dolayı) fiyat kalite oranı çok iyi bu fiyata kaçırılmayacak bir ürün..	1	1	1
